"station_eu_code";"modello";"rmse_20";"rmse_80";"mse_20";"mse_80";"rsq_20";"rsq_80";"FAC2";"FB";"NMSE"
IT1130A;gam((value) ~ s(jd, k=11) + s(pblmax) + s(ptp) + s(tmin2m) + s(pbl00) + s(rh) + s(tp), gamma=1.4, family=gaussian(link=log), data = tdf);9.26132895431367;10.4099244381616;85.7722140000088;108.366526808235;0.76531083991006;0.748041326986054;0.913522012578616;0.0020981854764294;0.109804449053088
IT1247A;gam((value) ~ dclass + s(pblmax) + s(ptp) + s(wspeed) + s(jd, k=11) + s(rh) + s(tmax2m) + s(pwspeed) + s(sp) + s(tp), gamma=1.4, family=gaussian(link=log), data = tdf);8.04685648229369;7.20275572491319;64.751899246632;51.8796900327698;0.502768400420216;0.643558752158628;0.842592592592593;0.0216082424470721;0.192121238065859
IT1510A;gam((value) ~ s(pblmax) + s(ptp) + s(rh) + s(jd, k=11) + s(tmax2m) + s(v10m), gamma=1.4, family=gaussian(link=log), data = tdf);7.00574061452382;6.84015273232401;49.0804015579886;46.7876894015197;0.386693759072497;0.522565302289806;0.836591086786552;0.0238678755207727;0.250337044995687
IT1529A;gam((value) ~ s(pblmax) + s(ptp) + s(u10m) + s(jd, k=11) + s(rh) + s(tp) + s(t2m) + s(sp), gamma=1.4, family=gaussian(link=log), data = tdf);7.83666634742191;8.37925345565677;61.4133394408151;70.2118884741359;0.48845182281462;0.509157678365449;0.843167701863354;0.00229518231313483;0.214855496954414
IT1532A;gam((value) ~ dclass + s(jd, k=11) + s(ptp) + s(pblmax) + s(v10m) + s(t2m) + s(pbl00) + s(pwspeed) + s(sp) + s(rh), gamma=1.4, family=gaussian(link=log), data = tdf);8.49058240072324;6.6815232767878;72.0899895034712;44.6427532982572;0.548503482150358;0.652177695264503;0.889400921658986;0.0146896904941056;0.149854191889147
IT1788A;gam((value) ~ s(pblmax) + s(ptp) + s(pblmin) + s(jd, k=11) + s(wspeed) + s(tmin2m) + s(rh) + s(sp) + s(pwspeed), gamma=1.4, family=gaussian(link=log), data = tdf);9.37264263881006;9.66837608534437;87.8464300348405;93.4774961276589;0.54033788141698;0.688810096746446;0.855884707766213;0.00761954470104177;0.152044699645184
IT1830A;gam((value) ~ s(pblmax) + s(ptp) + s(jd, k=11) + s(pwspeed) + s(t2m) + s(rh) + s(sp) + s(v10m) + s(tp), gamma=1.4, family=gaussian(link=log), data = tdf);9.41287979640458;9.67267129923936;88.6023060615615;93.5605700631289;0.663565626784711;0.701297266127312;0.906153846153846;0.00470645808491381;0.128699592046036
IT1878A;gam((value) ~ s(jd, k=11) + s(pblmax) + s(ptp) + s(rh) + s(tmax2m) + s(sp) + s(tp), gamma=1.4, family=gaussian(link=log), data = tdf);10.2975393017153;9.54737682410511;106.039315670372;91.1524042214594;0.594196397029139;0.626031690354168;0.88703261734288;0.000861480808049316;0.166956394736241
IT1948A;gam((value) ~ s(pblmax) + s(ptp) + s(pwspeed) + s(t2m) + s(jd, k=11) + s(rh) + s(sp) + s(v10m) + s(tp), gamma=1.4, family=gaussian(link=log), data = tdf);10.0893332895101;9.2561340119801;101.794646226816;85.6760168477349;0.586340968581412;0.616635491131315;0.866614048934491;0.0106953332641786;0.177464984815621
IT1011A;gam((value) ~ s(jd, k=11) + s(pbl00) + s(pblmax) + s(ptp) + s(tmin2m) + s(sp) + s(v10m) + s(u10m) + s(tp) + s(rh) + s(pblmin), gamma=1.4, family=gaussian(link=log), data = tdf);7.93522960774107;8.10572722753696;62.9678689275705;65.702813887234;0.643308834037487;0.695961695853713;0.948558067030397;0.00402705840437386;0.110868833042389
IT1180A;gam((value) ~ s(pbl12) + s(jd, k=11) + s(pbl00) + s(ptp) + s(tmin2m) + s(v10m) + s(tp) + s(rh), gamma=1.4, family=gaussian(link=log), data = tdf);6.24734067981291;5.89275876648204;39.0292655696452;34.7246058799509;0.6591249983515;0.6465009732559;0.931740614334471;0.00166803020639576;0.106460419797745
IT1728A;gam((value) ~ dclass + s(jd, k=11) + s(pbl00) + s(pblmax) + s(tp) + s(tmin2m) + s(v10m) + s(u10m) + s(ptp) + s(rh) + s(sp), gamma=1.4, family=gaussian(link=log), data = tdf);8.29771478671404;8.16556600528937;68.8520706816528;66.6764681867374;0.761920223319888;0.748564310420503;0.931333859510655;0.00403588372818716;0.0935338218531204
IT1860A;gam((value) ~ s(pblmax) + s(ptp) + s(tmin2m) + s(pbl00) + s(jd, k=11) + s(rh), gamma=1.4, family=gaussian(link=log), data = tdf);5.01623543172304;3.73451145060148;25.1626179064736;13.9465757746736;0.48408039255496;0.566541551121486;0.963750985027581;0.00138787490219193;0.11119281895473
IT1900A;gam((value) ~ dclass + s(pbl12) + s(ptp) + s(jd, k=11) + s(v10m) + s(pbl00) + s(t2m), gamma=1.4, family=gaussian(link=log), data = tdf);7.20035873251524;7.8400497520926;51.8451658769085;61.4663801152872;0.73927288439405;0.726161554007207;0.93515625;0.0135948392883869;0.129842183512362
IT1901A;gam((value) ~ s(pbl12) + s(ptp) + s(jd, k=11) + s(v10m) + s(tmin2m) + s(tp) + s(rh) + s(pblmin), gamma=1.4, family=gaussian(link=log), data = tdf);4.78199451523274;4.68648684847085;22.867471543716;21.9631589808902;0.527647301718361;0.600851694443785;0.911093627065303;0.00264512518401736;0.132817569555094
IT2004A;gam((value) ~ s(pbl12) + s(pbl00) + s(ptp) + s(jd, k=11) + s(v10m) + s(tp) + s(tmin2m) + s(wdir) + s(rh), gamma=1.4, family=gaussian(link=log), data = tdf);4.94209439850785;4.37024744453874;24.4242970437627;19.0990627264974;0.702794298271501;0.753798077593691;0.959810874704492;0.00481718524453222;0.0922564192490218
IT2064A;gam((value) ~ s(ptp) + s(pbl00) + s(tmin2m) + s(tp) + s(jd, k=11) + s(rh), gamma=1.4, family=gaussian(link=log), data = tdf);3.48258721856444;3.47930573286376;12.1284137349084;12.1055683827386;0.488486635106462;0.470857175367473;0.94006309148265;1.86059744277065e-05;0.127313800423713
IT2100A;gam((value) ~ s(pbl12) + s(ptp) + s(tmin2m) + s(pbl00) + s(jd, k=11) + s(tp) + s(u10m) + s(v10m) + s(sp), gamma=1.4, family=gaussian(link=log), data = tdf);4.64763578491804;4.27453137847135;21.6005183892507;18.2716185055362;0.654195037319917;0.730931116728549;0.945924764890282;0.00441445190223519;0.0907286748647514
IT2105A;gam((value) ~ s(jd, k=11) + s(wspeed) + s(tmin2m) + s(pblmax) + s(ptp) + s(tp) + s(rh) + s(u10m) + s(pbl00), gamma=1.4, family=gaussian(link=log), data = tdf);8.03849608274475;6.22799019306556;64.6174192723026;38.7878618449207;0.726665865426931;0.807349462153512;0.954802259887006;0.00637175467658042;0.0778953727051873
IT2109A;gam((value) ~ s(jd, k=11) + s(ptp) + s(t2m) + s(v10m), gamma=1.4, family=gaussian(link=log), data = tdf);4.21826261550107;3.90548741065593;17.7937394933339;15.2528319147919;0.616497159526399;0.607805659788357;0.962962962962963;0.00239791402149522;0.0857108773674087
IT2113A;gam((value) ~ s(pbl12) + s(ptp) + s(jd, k=11) + s(v10m) + s(tmin2m), gamma=1.4, family=gaussian(link=log), data = tdf);3.56749996014603;3.35238140174187;12.7270559656419;11.2384610627448;0.560750140399213;0.577914317952339;0.95758051846033;0.00156954453796877;0.09234481450574
IT2114A;gam((value) ~ s(ptp) + s(pbl00) + s(tmin2m) + s(jd, k=11) + s(nirradiance) + s(rh) + s(tp), gamma=1.4, family=gaussian(link=log), data = tdf);3.14365129374127;3.10516249481106;9.88254345664119;9.64203411918122;0.420951169960115;0.457765275390883;0.90795631825273;0.00290485289978922;0.131390632012545
IT0459A;gam((value) ~ s(pblmax) + s(tmin2m) + s(ptp) + s(jd, k=11) + s(rh) + s(tp) + s(sp), gamma=1.4, family=gaussian(link=log), data = tdf);5.61611799329652;5.95906733391658;31.5407813146289;35.5104834901516;0.612492039949617;0.634861062320443;0.920760697305864;0.0030646248018376;0.149245057452196
IT0461A;gam((value) ~ dclass + s(jd, k=11) + s(pblmax) + s(t2m) + s(rh) + s(ptp) + s(tp) + s(sp), gamma=1.4, family=gaussian(link=log), data = tdf);6.88195618621953;6.43903009265003;47.3613209490452;41.4611085340526;0.650286558267146;0.608004259108315;0.895238095238095;0.00366706741471152;0.146466313294402
IT1827A;gam((value) ~ s(jd, k=11) + s(pblmax) + s(t2m) + s(sp) + s(rh) + s(ptp) + s(wdir) + s(tp), gamma=1.4, family=gaussian(link=log), data = tdf);5.66947750567444;7.07903424141689;32.1429751873485;50.1127257911528;0.573729353407035;0.553014615004479;0.881967213114754;0.000975619794841537;0.187764464128216
IT0825A;gam((value) ~ dclass + s(sp) + s(pbl00) + s(jd, k=11) + s(pbl12) + s(tmin2m) + s(v10m) + s(tp) + s(u10m) + s(pblmin) + s(ptp) + s(rh), gamma=1.4, family=gaussian(link=log), data = tdf);4.47155961385061;4.16882850788736;19.9948453802198;17.3791311281744;0.685957344568196;0.730785459361584;0.971538461538462;0.000337456395582604;0.0596588346808253
IT0863A;gam((value) ~ dclass + s(pbl12) + s(ptp) + s(jd, k=11) + s(v10m) + s(tmin2m), gamma=1.4, family=gaussian(link=log), data = tdf);3.94249965112268;3.35957556648144;15.5433034991025;11.2867479868991;0.440816796296771;0.576685013318483;0.965304548959136;6.30717287309731e-05;0.0828423248902503
IT0867A;gam((value) ~ dclass + s(jd, k=11) + s(pbl00) + s(t2m) + s(sp) + s(wdir) + s(ptp) + s(pblmax) + s(pblmin), gamma=1.4, family=gaussian(link=log), data = tdf);6.73435791779421;5.20599330173229;45.3515765649576;27.1023662576814;0.689765734628927;0.743155221737756;0.903623747108712;0.00470311904254267;0.109169265963219
IT0887A;gam((value) ~ s(tmin2m) + s(v10m) + s(sp) + s(jd, k=11) + s(ptp) + s(pbl00) + s(pblmax) + s(tp), gamma=1.4, family=gaussian(link=log), data = tdf);4.04695767725693;4.10075942883553;16.3778664415088;16.8162278931835;0.729967799640191;0.748920163401099;0.968364197530864;0.00478343348729742;0.0728612470880164
IT0952A;gam((value) ~ s(pbl00) + s(sp) + s(tmin2m) + s(wdir) + s(ptp) + s(jd, k=11), gamma=1.4, family=gaussian(link=log), data = tdf);4.27217829139164;3.73280911001571;18.251507353438;13.9338638518163;0.585176054574804;0.596208833124002;0.958658346333853;0.00236113999581415;0.0934494355627439
IT0953A;gam((value) ~ s(sp) + s(pbl00) + s(pbl12) + s(t2m) + s(jd, k=11) + s(v10m), gamma=1.4, family=gaussian(link=log), data = tdf);5.04139937886662;4.51815420461802;25.4157076972367;20.4137174167075;0.651044816676458;0.67427477086637;0.950949367088608;0.00341229056852795;0.088174424928017
IT0957A;gam((value) ~ s(tmin2m) + s(ptp) + s(pblmax), gamma=1.4, family=gaussian(link=log), data = tdf);6.02408178364736;5.09193421886044;36.2895613360719;25.9277940892019;0.529563228352312;0.627875289251996;0.956521739130435;0.00154221652866877;0.0986905440416706
IT0989A;gam((value) ~ dclass + s(tp) + s(pbl00) + s(tmin2m) + s(jd, k=11) + s(wdir) + s(rh) + s(pblmin) + s(ptp) + s(pblmax) + s(wspeed), gamma=1.4, family=gaussian(link=log), data = tdf);3.27383396204646;3.27088226124715;10.7179888110488;10.6986707669413;0.479147392065701;0.516941955913775;0.940229885057471;0.00303410676138015;0.120683316523516
IT1183A;gam((value) ~ dclass + s(jd, k=11) + s(pbl00) + s(t2m) + s(ptp) + s(pbl12) + s(v10m), gamma=1.4, family=gaussian(link=log), data = tdf);9.57005130100157;9.15541598809296;91.5858819038019;83.8216419150282;0.771244694010344;0.830988850213924;0.899053627760252;0.0239006575585893;0.0954217581666514
IT1184A;gam((value) ~ s(tmin2m) + s(pblmax) + s(sp) + s(pbl00) + s(jd, k=11) + s(ptp) + s(v10m), gamma=1.4, family=gaussian(link=log), data = tdf);3.82331891327346;3.66643249493372;14.6177675125946;13.4427272399059;0.705961961422423;0.748672533091302;0.978571428571429;0.00358867911953804;0.0662272590514051
IT1836A;gam((value) ~ s(sp) + s(pbl00) + s(jd, k=11) + s(pbl12) + s(v10m) + s(tmin2m) + s(u10m) + s(tp) + s(pblmin) + s(rh) + s(ptp) + s(wdir), gamma=1.4, family=gaussian(link=log), data = tdf);4.80088162347873;3.96815583570078;23.0484643626557;15.7462607364062;0.685884461804539;0.765898753868367;0.944875776397516;0.00126964471557675;0.067076311271252
IT1906A;gam((value) ~ s(pblmax) + s(pbl00) + s(jd, k=11) + s(ptp) + s(pblmin) + s(u10m) + s(tmin2m) + s(tp) + s(v10m) + s(sp) + s(nirradiance), gamma=1.4, family=gaussian(link=log), data = tdf);3.99119554057727;4.44409765146507;15.9296418431239;19.7500039357573;0.717043638808663;0.708202083024379;0.946386946386946;0.00408434944975818;0.0805354366879345
IT2012A;gam((value) ~ s(pbl12) + s(pbl00) + s(tmin2m) + s(jd, k=11) + s(ptp) + s(v10m) + s(wdir) + s(tp) + s(sp) + s(pblmin) + s(rh), gamma=1.4, family=gaussian(link=log), data = tdf);5.60101777200961;4.56410838196277;31.3714000823675;20.8310853223028;0.722285832078639;0.738202261434578;0.969814241486068;0.00349527613254204;0.0794135936063527
IT2013A;gam((value) ~ dclass + s(t2m) + s(pbl00) + s(jd, k=11) + s(pblmax) + s(ptp) + s(v10m) + s(wdir) + s(pwspeed), gamma=1.4, family=gaussian(link=log), data = tdf);6.86995369922699;6.61223320460873;47.1962638295226;43.7216279521302;0.753921468865302;0.785140328479032;0.9546875;0.00789000824308931;0.0880755563480263
IT1609A;gam((value) ~ dclass + s(pbl00) + s(tmin2m) + s(sp) + s(pbl12) + s(tp) + s(v10m) + s(jd, k=11), gamma=1.4, family=gaussian(link=log), data = tdf);4.63582854609849;3.24456538858017;21.4909063088216;10.5272045607724;0.227864342092276;0.432944642519378;0.960388035569927;0.00131324640845306;0.106223621056833
IT1611A;gam((value) ~ dclass + s(sp) + s(tmax2m), gamma=1.4, family=gaussian(link=log), data = tdf);6.09671283539275;4.82385953037406;37.1699073972427;23.2696207687807;0.173165931243761;0.260333136203371;0.945857260049221;0.000319895945569528;0.128634556832367
IT1613A;gam((value) ~ dclass + s(pblmin) + s(sp) + s(tmin2m) + s(jd, k=11), gamma=1.4, family=gaussian(link=log), data = tdf);4.06021601466585;3.94082409629415;16.4853540857491;15.5300945579326;0.441375028723844;0.415288974257405;0.942028985507246;0.00119574211246645;0.114840531227179
IT1618A;gam((value) ~ dclass + s(pblmin) + s(tmin2m) + s(sp) + s(jd, k=11), gamma=1.4, family=gaussian(link=log), data = tdf);4.36031689157774;4.73561472043469;19.0123633949781;22.4260467803977;0.50578830988041;0.463853852715022;0.949843260188088;0.00147736433973049;0.110631136694672
IT1621A;gam((value) ~ s(pbl00) + s(sp) + s(t2m) + s(wdir) + s(pblmax) + s(tp) + s(jd, k=11) + s(rh), gamma=1.4, family=gaussian(link=log), data = tdf);4.6769589846926;4.30639725163557;21.8739453444969;18.5450572888944;0.572716440928196;0.603619085103893;0.985797827903091;0.00023003845827604;0.0744554543021725
IT2003A;gam((value) ~ s(pbl00) + s(tmin2m) + s(jd, k=11), gamma=1.4, family=gaussian(link=log), data = tdf);4.99734097376505;4.81281539633447;24.973416808071;23.1631920391941;0.393942884895685;0.482239676383488;0.937550689375507;0.000555234094457026;0.123265423426068
IT2019A;gam((value) ~ dclass + s(pbl00) + s(tmin2m), gamma=1.4, family=gaussian(link=log), data = tdf);5.12767092086351;5.22293434652344;26.2930090726693;27.2790431880942;0.400540442646959;0.335042077023763;0.932046979865772;0.00225461310573439;0.138336666242715
IT2044A;gam((value) ~ s(pblmin) + s(sp) + s(tmin2m) + s(pblmax) + s(wdir) + s(tp) + s(rh), gamma=1.4, family=gaussian(link=log), data = tdf);4.5822249310327;4.17283228275192;20.9967853185777;17.4125292599766;0.524574331028207;0.63014664763793;0.974703557312253;0.00159917451374697;0.083246441575233
IT2142A;gam((value) ~ s(pbl00) + s(tmax2m) + s(sp), gamma=1.4, family=gaussian(link=log), data = tdf);3.99455221738692;4.37128383420756;15.9564474174307;19.1081223592044;0.405499343498023;0.439594334017131;0.920648464163823;0.00162779326833145;0.134996872700006
IT2144A;gam((value) ~ dclass + s(pbl00) + s(tp) + s(pblmax) + s(tmax2m) + s(rh), gamma=1.4, family=gaussian(link=log), data = tdf);5.58791164114255;5.7572506514417;31.2247565092164;33.1459350635258;0.461075499768622;0.431452875868427;0.948932926829268;0.000997654209102276;0.11828858479649
IT2151A;gam((value) ~ s(jd, k=11) + s(pbl00) + s(tmax2m), gamma=1.4, family=gaussian(link=log), data = tdf);7.30589856906938;7.47430179679945;53.37615390153;55.8651873496395;0.387920424521681;0.350981794964217;0.894321766561514;0.00265797771793875;0.220408397673677
IT1740A;gam((value) ~ dclass + s(pbl00) + s(tmax2m) + s(sp) + s(jd, k=11), gamma=1.4, family=gaussian(link=log), data = tdf);3.80097296503987;4.16680176434673;14.447395480964;17.362236943363;0.47260087721722;0.433175515353018;0.939194741166804;0.00134175350118053;0.139158241447437
IT2202A;gam((value) ~ dclass + s(pblmin) + s(u10m) + s(tmax2m) + s(jd, k=11) + s(rh) + s(v10m) + s(pwspeed), gamma=1.4, family=gaussian(link=log), data = tdf);6.86749912059953;8.84366304735047;47.1625441714354;78.2103760950722;0.0816305059467782;0.136537634620125;0.869122257053291;0.000593526114084857;0.658808003076061
IT2203A;gam((value) ~ s(pblmin) + s(tmin2m) + s(jd, k=11) + s(rh) + s(pwspeed), gamma=1.4, family=gaussian(link=log), data = tdf);5.15105396782972;4.84187380706679;26.5333569794943;23.4437419635594;0.225892440342257;0.336163606235146;0.905205905205905;0.00327360022419814;0.205999399956658
IT2205A;gam((value) ~ dclass + s(tmax2m) + s(pwspeed) + s(jd, k=11) + s(sp), gamma=1.4, family=gaussian(link=log), data = tdf);5.05529930294;4.68550104833473;25.5560510423056;21.9539200739458;0.300564266888455;0.309698624042562;0.86798418972332;0.00396004283654259;0.259770698425385
IT1938A;gam((value) ~ dclass + s(u10m) + s(tmin2m) + s(jd, k=11) + s(v10m) + s(ptp) + s(nirradiance) + s(wdir) + s(pbl00) + s(sp) + s(pbl12), gamma=1.4, family=gaussian(link=log), data = tdf);4.10864456716319;3.80717091204556;16.8809601792796;14.4945503535258;0.436770034180984;0.459753085493714;0.965125709651257;0.0003180020455602;0.0824530971214216
IT1940A;gam((value) ~ s(tmin2m) + s(pblmax) + s(jd, k=11) + s(sp) + s(pblmin) + s(tp) + s(u10m), gamma=1.4, family=gaussian(link=log), data = tdf);4.9233716437119;4.42456408813758;24.2395883421065;19.5767673700367;0.210271362796414;0.369242617605294;0.897456279809221;0.00273514539911103;0.161187018521171
IT2028A;gam((value) ~ s(tmax2m) + s(u10m), gamma=1.4, family=gaussian(link=log), data = tdf);4.41571122238398;3.94833153120038;19.4985055994878;15.5893218802711;0.318277126109194;0.336678237642903;0.965460526315789;7.36489642469663e-05;0.132354408117266
IT2031A;gam((value) ~ dclass + s(jd, k=11) + s(pblmin) + s(sp) + s(t2m) + s(pblmax) + s(tp) + s(u10m), gamma=1.4, family=gaussian(link=log), data = tdf);5.7389779176543;4.94357608643076;32.9358675393237;24.4389445223301;0.442205152005333;0.628967072177955;0.925632911392405;0.00185561437804655;0.105801430377059
IT2087A;gam((value) ~ dclass + s(tmin2m) + s(pblmin) + s(jd, k=11) + s(tp) + s(pblmax), gamma=1.4, family=gaussian(link=log), data = tdf);4.72690991609624;4.43078696537625;22.3436773548889;19.6318731325481;0.32170575274153;0.412866637892287;0.867716535433071;0.00422815161975553;0.191766468189914
IT2089A;gam((value) ~ dclass + s(tmax2m) + s(pbl00) + s(jd, k=11), gamma=1.4, family=gaussian(link=log), data = tdf);4.70227670125821;4.3020817454353;22.1114061751958;18.5079073444076;0.401805208275381;0.420744914060824;0.880032206119163;0.00226334989407521;0.179026226034342
IT2093A;gam((value) ~ dclass + s(pblmax) + s(jd, k=11) + s(tp) + s(ptp) + s(tmax2m) + s(wdir), gamma=1.4, family=gaussian(link=log), data = tdf);5.87545654018601;5.22342431189643;34.5209895556146;27.2841615421107;0.463964399156981;0.480458030002615;0.86417791898332;0.00879411650852282;0.203247985062575
IT2110A;gam((value) ~ dclass + s(tmin2m) + s(wdir) + s(pblmin) + s(jd, k=11), gamma=1.4, family=gaussian(link=log), data = tdf);5.36858389461167;5.13025758033299;28.8216930334838;26.3195428405642;0.512275353612284;0.47141051004463;0.959774738535801;0.00328840587624537;0.126183603681906
IT2112A;gam((value) ~ s(t2m) + s(pblmax), gamma=1.4, family=gaussian(link=log), data = tdf);6.22067145859197;6.42621595794976;38.6967533957407;41.2962515382081;0.463249758460991;0.444634951304369;0.916324856439705;0.00430038480194533;0.151592815255534
IT2233A;gam((value) ~ dclass + s(pbl12) + s(pbl00) + s(v10m) + s(jd, k=11) + s(ptp), gamma=1.4, family=gaussian(link=log), data = tdf);6.8728135566484;5.95267636363925;47.23556618445;35.4343558902294;0.579389487540648;0.577388218743386;0.88156862745098;0.00226671352716208;0.173989935945716
IT1575A;gam((value) ~ s(jd, k=11) + s(tmax2m) + s(wdir), gamma=1.4, family=gaussian(link=log), data = tdf);4.31499772981407;3.70385919862028;18.6192054083006;13.7185729632041;0.350637544525939;0.32274583700922;0.956592956592957;0.000914275847984829;0.117104063763213
IT1576A;gam((value) ~ dclass + s(jd, k=11) + s(t2m), gamma=1.4, family=gaussian(link=log), data = tdf);3.85675079469975;4.48345345152527;14.8745266924172;20.1013548519939;0.45721244984088;0.392889766443205;0.96073717948718;0.00175829011859068;0.126820344709295
IT1993A;gam((value) ~ s(jd, k=11) + s(pbl12) + s(t2m) + s(nirradiance) + s(tp) + s(v10m) + s(pbl00), gamma=1.4, family=gaussian(link=log), data = tdf);4.86549219223482;4.86197102288426;23.673014272698;23.6387622273662;0.596044972154008;0.601666988920916;0.872626582278481;0.0111689210044026;0.159755820090434
IT1996A;gam((value) ~ dclass + s(tmin2m) + s(u10m) + s(jd, k=11) + s(tp) + s(wdir) + s(ptp) + s(nirradiance) + s(pblmax) + s(pwspeed), gamma=1.4, family=gaussian(link=log), data = tdf);2.65073949432228;3.19602669810395;7.02641986675991;10.2145866549933;0.186911815524176;0.294799806980076;0.928456591639871;0.000229940789169592;0.239946692011502
IT2009A;gam((value) ~ dclass + s(pblmin) + s(jd, k=11) + s(t2m) + s(ptp), gamma=1.4, family=gaussian(link=log), data = tdf);2.50312796685811;3.26447706523371;6.26564961846722;10.6568105094369;0.318845612762598;0.31708284418112;0.872525732383215;0.00966598094338418;0.274186222075968
IT2011A;gam((value) ~ s(jd, k=11) + s(tmin2m) + s(rh) + s(v10m) + s(tp) + s(pbl12), gamma=1.4, family=gaussian(link=log), data = tdf);2.63033992411314;2.59338951930126;6.9186881163835;6.7256691988216;0.261571321389663;0.414986362402987;0.972131147540984;0.00612885022794487;0.15614078383806
IT2056A;gam((value) ~ dclass + s(tmin2m) + s(jd, k=11) + s(u10m) + s(pbl00), gamma=1.4, family=gaussian(link=log), data = tdf);6.39998775447003;5.37390152551932;40.9598432573664;28.8788176059789;0.210844158833562;0.40898525108676;0.973472668810289;0.00015177692419726;0.0907380242763157
IT0594A;gam((value) ~ s(jd, k=11) + s(ptp) + s(rh) + s(tp) + s(tmin2m), gamma=1.4, family=gaussian(link=log), data = tdf);10.0861452504579;10.0438876994359;101.730326013334;100.87968011888;0.652617322414422;0.627052265700078;0.892508143322476;0.00486046597533887;0.15763480541579
IT0692A;gam((value) ~ s(jd, k=11) + s(pbl00) + s(pblmax) + s(tmin2m) + s(ptp) + s(rh) + s(tp) + s(sp) + s(u10m), gamma=1.4, family=gaussian(link=log), data = tdf);10.9855492140094;10.3146609097499;120.682291533423;106.392229683122;0.560273297545058;0.600837589643208;0.883360522022839;9.41423485577935e-05;0.168590221948076
IT0707A;gam((value) ~ dclass + s(tmin2m) + s(ptp) + s(rh) + s(tp) + s(jd, k=11) + s(v10m) + s(pblmin) + s(pbl12) + s(pwspeed) + s(sp), gamma=1.4, family=gaussian(link=log), data = tdf);9.85340413282367;9.85277044801832;97.0895730047466;97.077085501343;0.57513202270629;0.68436849985528;0.902702702702703;0.00921594860371096;0.133257429693412
IT0771A;gam((value) ~ s(pblmax) + s(ptp) + s(jd, k=11) + s(wspeed) + s(pwspeed) + s(tmin2m) + s(sp) + s(rh) + s(tp) + s(u10m) + s(pblmin), gamma=1.4, family=gaussian(link=log), data = tdf);9.89821304746172;9.58254207121591;97.9746215329414;91.825112546623;0.688353586539467;0.686189590742047;0.923441199684294;0.00554409106886908;0.122090249340955
IT0777A;gam((value) ~ dclass + s(jd, k=11) + s(pblmin) + s(pblmax) + s(ptp) + s(pwspeed) + s(tp) + s(rh) + s(t2m) + s(v10m), gamma=1.4, family=gaussian(link=log), data = tdf);9.57220089726961;9.28325736613057;91.6270300176892;86.1788673258175;0.679795065661814;0.715860053218479;0.931583134447096;0.00841882812885884;0.117959886230574
IT0778A;gam((value) ~ dclass + s(jd, k=11) + s(ptp) + s(pblmax) + s(tp) + s(rh) + s(tmin2m), gamma=1.4, family=gaussian(link=log), data = tdf);8.57352262254516;8.43813654790969;73.5052901592937;71.2021484011693;0.651758766999773;0.655218028456827;0.934375;0.00292762292104234;0.128153943655239
IT0840A;gam((value) ~ s(pblmax) + s(pbl00) + s(ptp) + s(jd, k=11) + s(rh) + s(tmax2m) + s(pblmin) + s(tp), gamma=1.4, family=gaussian(link=log), data = tdf);10.4680666253025;10.8113672850207;109.580418871771;116.885662571615;0.587153972003576;0.635514329703645;0.925020374898125;0.000613614408234456;0.11567479435135
IT1016A;gam((value) ~ s(jd, k=11) + s(pbl00) + s(pblmax) + s(ptp) + s(t2m) + s(rh) + s(tp), gamma=1.4, family=gaussian(link=log), data = tdf);11.6768272916149;10.7242298614839;136.348295598202;115.009106121943;0.640062173733785;0.677670531463368;0.872626582278481;0.0026848668845693;0.142230713144618
IT1153A;gam((value) ~ s(jd, k=11) + s(pbl00) + s(ptp) + s(pblmax) + s(tmin2m) + s(rh) + s(tp), gamma=1.4, family=gaussian(link=log), data = tdf);12.2830211215341;11.15407715744;150.872607872054;124.413437234125;0.655288347492818;0.647746885046528;0.876552795031056;0.000479277361187495;0.159768511292755
IT1388A;gam((value) ~ dclass + s(jd, k=11) + s(ptp) + s(rh) + s(tp) + s(tmin2m), gamma=1.4, family=gaussian(link=log), data = tdf);11.7418490041146;10.1363371940966;137.871018035428;102.745331712426;0.625504499790501;0.648338156356884;0.918238993710692;0.00252972846045461;0.141654307675372
IT1464A;gam((value) ~ s(tmin2m) + s(ptp) + s(pblmax) + s(pbl00) + s(jd, k=11) + s(tp) + s(rh) + s(pwspeed), gamma=1.4, family=gaussian(link=log), data = tdf);9.29578103926119;9.46125588395563;86.4115451298878;89.515362901685;0.646521633882142;0.676515435499776;0.931147540983607;0.00165368000931686;0.126105810672145
IT1588A;gam((value) ~ s(jd, k=11) + s(ptp) + s(rh) + s(v10m) + s(tmin2m) + s(sp) + s(pwspeed) + s(nirradiance), gamma=1.4, family=gaussian(link=log), data = tdf);8.7725685240025;8.69754316565212;76.9579585083194;75.6472571183819;0.532384385849492;0.629400710873412;0.888285492629946;0.00615324337309683;0.140739269520885
IT1650A;gam((value) ~ s(pblmax) + s(ptp) + s(jd, k=11) + s(v10m) + s(pbl00) + s(t2m) + s(u10m) + s(tp), gamma=1.4, family=gaussian(link=log), data = tdf);9.8657875772474;10.6877618589867;97.3337645193691;114.22825355441;0.697049701911578;0.661961420129582;0.838963079340141;0.00186625338054537;0.17826427353162
IT1692A;gam((value) ~ dclass + s(jd, k=11) + s(pbl00) + s(ptp) + s(pblmax) + s(tp) + s(rh) + s(tmin2m), gamma=1.4, family=gaussian(link=log), data = tdf);10.9992286857767;10.2126375089478;120.983031682013;104.297964889168;0.684843770285023;0.689072605906782;0.924029727497936;0.00447792434328443;0.126680289164376
IT1743A;gam((value) ~ s(jd, k=11) + s(pbl00) + s(pbl12) + s(ptp) + s(v10m) + s(tmin2m) + s(rh) + s(tp) + s(sp) + s(pwspeed), gamma=1.4, family=gaussian(link=log), data = tdf);10.3564139855179;9.31854485124301;107.25531063943;86.8352781446277;0.721494137279555;0.728527063756462;0.915562913907285;0.00491374778685707;0.0987504576709339
IT1826A;gam((value) ~ s(pblmax) + s(ptp) + s(v10m) + s(t2m) + s(pbl00) + s(pwspeed) + s(tp) + s(rh) + s(jd, k=11), gamma=1.4, family=gaussian(link=log), data = tdf);7.99685417380528;8.03819531521426;63.949676677107;64.6125839255325;0.640984270233477;0.651796406508379;0.816611842105263;0.0257852241324653;0.189416565068123
IT1865A;gam((value) ~ s(pblmax) + s(tp) + s(tmin2m) + s(pbl00) + s(ptp) + s(rh) + s(jd, k=11), gamma=1.4, family=gaussian(link=log), data = tdf);9.57051323816816;9.28931520583187;91.5947236419521;86.2913769932993;0.630395292839281;0.661812408513869;0.900974025974026;0.000880491948659143;0.123219422631638
IT1868A;gam((value) ~ s(jd, k=11) + s(pbl00) + s(pblmax) + s(ptp) + s(tmax2m) + s(rh), gamma=1.4, family=gaussian(link=log), data = tdf);10.8056406625136;11.5819747227815;116.761870127367;134.142138479149;0.618051248576012;0.665392804611158;0.883211678832117;0.00479393436715661;0.163308560747805
IT1876A;gam((value) ~ dclass + s(jd, k=11) + s(ptp) + s(wspeed) + s(sp) + s(t2m) + s(pwspeed) + s(pblmax) + s(tp) + s(rh) + s(u10m), gamma=1.4, family=gaussian(link=log), data = tdf);8.97664666890844;8.79521951409367;80.580185418425;77.3558863010941;0.635335212183628;0.707721866937706;0.89402390438247;0.00536750261057037;0.122616898682021
IT1965A;gam((value) ~ s(pblmax) + s(ptp) + s(pbl00) + s(tmin2m) + s(rh) + s(tp) + s(jd, k=11), gamma=1.4, family=gaussian(link=log), data = tdf);10.9466354182054;9.81332852120842;119.828826979108;96.3014166651626;0.579317947696258;0.642594803367993;0.945924764890282;0.000140812572956289;0.125337598718903
IT1967A;gam((value) ~ s(jd, k=11) + s(ptp) + s(pblmax) + s(t2m) + s(v10m) + s(tp), gamma=1.4, family=gaussian(link=log), data = tdf);7.07638169463855;6.46435722074971;50.0751778882156;41.7879142774589;0.655891403669556;0.688794003330114;0.945011783189317;0.0029976502175341;0.100034947557403
IT0499A;gam((value) ~ dclass + s(pblmax) + s(pbl00) + s(v10m) + s(jd, k=11) + s(tmax2m) + s(ptp), gamma=1.4, family=gaussian(link=log), data = tdf);6.2430233955172;5.84025229907894;38.9753411169752;34.1085469168968;0.658136691929284;0.651322451557946;0.8473400154202;0.00726835841776393;0.150930611210885
IT1696A;gam((value) ~ dclass + s(v10m) + s(ptp) + s(nirradiance) + s(pwspeed) + s(tmin2m), gamma=1.4, family=gaussian(link=log), data = tdf);5.9499371397914;6.3484043803916;35.4017519674691;40.3022381769752;0.425956697938904;0.447663528009756;0.853958493466564;0.00190066491517504;0.203523376703365
IT0591A;gam((value) ~ s(ptp) + s(rh) + s(tmin2m) + s(tp) + s(jd, k=11) + s(v10m), gamma=1.4, family=gaussian(link=log), data = tdf);6.95077616919108;7.11202593228579;48.3132893541946;50.5809128615056;0.511817605745417;0.563092316729219;0.894200626959248;0.00721009471515091;0.174922859946257
IT0703A;gam((value) ~ dclass + s(jd, k=11) + s(ptp) + s(pblmax) + s(t2m) + s(rh) + s(v10m) + s(pwspeed) + s(pbl00) + s(tp), gamma=1.4, family=gaussian(link=log), data = tdf);6.45515959831299;6.66415735340184;41.6690854396923;44.4109932308999;0.689543984927053;0.683923020320257;0.925060435132957;0.00641265335770834;0.119542876305785
IT1037A;gam((value) ~ dclass + s(ptp) + s(v10m) + s(pblmax) + s(tmin2m) + s(rh) + s(jd, k=11), gamma=1.4, family=gaussian(link=log), data = tdf);5.6004668746971;6.37004691914404;31.3652292145796;40.5774977520965;0.581917738446779;0.516977612814819;0.91484375;0.00054711431138906;0.161173794892082
IT1065A;gam((value) ~ dclass + s(ptp) + s(jd, k=11) + s(v10m) + s(rh) + s(tmin2m) + s(tp) + s(nirradiance), gamma=1.4, family=gaussian(link=log), data = tdf);10.4172425873821;10.038912304073;108.518943124367;100.779760248869;0.54798182595384;0.613150118205615;0.848864526233359;0.00757402054272723;0.209579251526813
IT1222A;gam((value) ~ dclass + s(jd, k=11) + s(ptp) + s(wspeed) + s(t2m) + s(rh) + s(tp), gamma=1.4, family=gaussian(link=log), data = tdf);12.4248213840876;11.6390126326943;154.376186426481;135.466615064019;0.695468570958437;0.714503317636645;0.786153846153846;0.00799636799599288;0.176416492720812
IT1453A;gam((value) ~ dclass + s(jd, k=11) + s(ptp) + s(pbl12) + s(wspeed) + s(tmin2m) + s(tp) + s(rh), gamma=1.4, family=gaussian(link=log), data = tdf);12.1451338273052;11.2099691508611;147.504275683154;125.663408363258;0.749552638313459;0.778175458452395;0.930498773507768;0.00596397794392213;0.0988832873608611
IT1590A;gam((value) ~ dclass + s(pblmax) + s(ptp) + s(jd, k=11) + s(pbl00) + s(v10m) + s(t2m) + s(rh), gamma=1.4, family=gaussian(link=log), data = tdf);11.0020229925869;10.3841824626333;121.044509929411;107.831245417262;0.735914244076452;0.759786656599021;0.831973898858075;0.00168109378385821;0.124075770181124
IT1619A;gam((value) ~ dclass + s(jd, k=11) + s(ptp) + s(pblmax) + s(t2m) + s(rh) + s(tp), gamma=1.4, family=gaussian(link=log), data = tdf);6.8012462652502;7.8646686492994;46.2569507605798;61.8530129632729;0.792833411545461;0.711617949794485;0.920890937019969;0.00161189986641591;0.11866357548232
IT1871A;gam((value) ~ s(pbl12) + s(tmin2m) + s(ptp) + s(rh) + s(tp), gamma=1.4, family=gaussian(link=log), data = tdf);13.7616685517593;12.3811628346514;189.38352132848;153.293193138154;0.687309452561519;0.643439002023835;0.783227848101266;0.00208046430530095;0.229752278800835
IT1936A;gam((value) ~ s(pbl12) + s(tmin2m) + s(ptp) + s(jd, k=11) + s(pblmin), gamma=1.4, family=gaussian(link=log), data = tdf);13.0218497697289;13.9805284962241;169.568571425389;195.455177033734;0.669655866607873;0.672732974381508;0.907965970610982;0.00856787002782982;0.171419410662975
IT0966A;gam((value) ~ s(jd, k=11) + s(ptp) + s(wspeed) + s(pblmax) + s(t2m) + s(rh) + s(tp), gamma=1.4, family=gaussian(link=log), data = tdf);7.3613458484372;6.53214231217502;54.1894127003036;42.6688831865072;0.640665875668882;0.665559570764946;0.937601296596434;0.0102458152626418;0.12797061715
IT0804A;gam((value) ~ dclass + s(pblmax) + s(sp) + s(jd, k=11) + s(ptp) + s(u10m) + s(pwspeed) + s(tp) + s(rh) + s(tmin2m) + s(v10m), gamma=1.4, family=gaussian(link=log), data = tdf);10.2329312095483;9.49299804717373;104.712881139347;90.1170119236442;0.62315681530861;0.664107478458644;0.867834394904459;0.00931732863854491;0.160751981095093
IT0892A;gam((value) ~ dclass + s(pblmax) + s(ptp) + s(pwspeed) + s(t2m) + s(tp) + s(rh) + s(sp), gamma=1.4, family=gaussian(link=log), data = tdf);8.58837036547989;9.6743142974656;73.7601055346532;93.5923571261472;0.599070443977429;0.538401630871456;0.832402234636871;0.000979589079604286;0.265624114574431
IT0903A;gam((value) ~ dclass + s(jd, k=11) + s(u10m) + s(ptp) + s(pbl12) + s(sp) + s(t2m) + s(rh) + s(tp), gamma=1.4, family=gaussian(link=log), data = tdf);8.81199708391824;9.45054524410493;77.6512926069835;89.3128054108744;0.661920906257699;0.657529672009395;0.908949416342412;0.00662884390501868;0.161920412863225
IT0940A;gam((value) ~ s(pblmax) + s(ptp) + s(tp) + s(pwspeed) + s(jd, k=11) + s(u10m) + s(t2m) + s(rh), gamma=1.4, family=gaussian(link=log), data = tdf);8.83806548257518;8.72445690469177;78.1114014742869;76.1161482818239;0.584614488903174;0.658118816308396;0.92109375;0.00401624873433334;0.142615065196257
IT1043A;gam((value) ~ dclass + s(pblmax) + s(tmin2m) + s(sp) + s(jd, k=11) + s(pblmin) + s(tp) + s(rh) + s(ptp) + s(v10m) + s(u10m) + s(nirradiance), gamma=1.4, family=gaussian(link=log), data = tdf);11.1725842888841;8.34249839341269;124.826639692219;69.5972794440934;0.505797281576911;0.67933008522137;0.859790491539081;0.000751749629205022;0.157084405313831
IT1048A;gam((value) ~ dclass + s(pblmax) + s(sp) + s(tmin2m) + s(u10m) + s(jd, k=11) + s(tp) + s(rh) + s(ptp) + s(v10m) + s(pwspeed), gamma=1.4, family=gaussian(link=log), data = tdf);9.06223291887107;8.30619634646572;82.1240654758705;68.9928977460405;0.60232197611013;0.656720096119749;0.840342679127726;0.000748462182889619;0.179990746441089
IT1159A;gam((value) ~ dclass + s(pblmax) + s(sp) + s(jd, k=11) + s(wspeed) + s(ptp) + s(t2m) + s(rh) + s(tp) + s(pwspeed) + s(v10m), gamma=1.4, family=gaussian(link=log), data = tdf);9.4991625819998;8.54894759941151;90.2340897592651;73.0845050574838;0.56907119812686;0.648844815631431;0.930124223602484;0.00634734548373025;0.153702043325478
IT1179A;gam((value) ~ s(jd, k=11) + s(pbl00) + s(tmin2m) + s(pblmax), gamma=1.4, family=gaussian(link=log), data = tdf);11.1617115135651;10.1131244001853;124.583803912051;102.275285133623;0.460269247421868;0.517614494666797;0.853985793212312;0.00295017318799857;0.222137319010469
IT1204A;gam((value) ~ s(pbl12) + s(t2m) + s(pbl00) + s(jd, k=11) + s(wspeed) + s(rh) + s(tp) + s(ptp) + s(v10m), gamma=1.4, family=gaussian(link=log), data = tdf);9.22932124908463;9.18876145750243;85.1803707188051;84.4333371228823;0.604562027781664;0.64087169719304;0.895357985837923;0.00128370246377661;0.157921455378931
IT1451A;gam((value) ~ dclass + s(pblmax) + s(sp) + s(wspeed) + s(tmin2m) + s(ptp) + s(tp) + s(v10m) + s(pwspeed) + s(rh), gamma=1.4, family=gaussian(link=log), data = tdf);9.06518894006208;9.30733303520928;82.1776505190239;86.626448228298;0.570591622736263;0.585426500078412;0.872257053291536;0.000960120004972499;0.206125749560448
IT1771A;gam((value) ~ dclass + s(pblmax) + s(tp) + s(sp) + s(t2m) + s(pwspeed) + s(wspeed) + s(ptp) + s(rh) + s(jd, k=11) + s(v10m), gamma=1.4, family=gaussian(link=log), data = tdf);10.3923911436361;8.31002748087558;108.001793682327;69.0565567329074;0.638230518119055;0.669767336373767;0.904541955350269;0.00343440758020216;0.147049625340846
IT1911A;gam((value) ~ dclass + s(sp) + s(pblmax) + s(ptp) + s(u10m) + s(t2m) + s(rh) + s(tp) + s(wspeed), gamma=1.4, family=gaussian(link=log), data = tdf);8.11823964173331;8.45515285028825;65.9058148806101;71.4896097217374;0.48686838991276;0.519346236804303;0.837154150197629;0.0074247044407283;0.252691046417849
IT1914A;gam((value) ~ s(pblmax) + s(tp) + s(ptp) + s(tmin2m) + s(sp) + s(rh) + s(jd, k=11), gamma=1.4, family=gaussian(link=log), data = tdf);11.8621246321284;10.913797595058;140.710000788146;119.110977945894;0.537127360340043;0.617056194116142;0.849250197316496;0.011543468270444;0.185644860688024
IT1915A;gam((value) ~ dclass + s(sp) + s(rh) + s(tmin2m) + s(tp) + s(ptp) + s(v10m), gamma=1.4, family=gaussian(link=log), data = tdf);7.39619614726724;6.84108858722259;54.7037174488507;46.8004930582271;0.528796494342634;0.55098875131768;0.810224632068164;0.00671206169174458;0.231508660224141
IT1918A;gam((value) ~ s(pbl12) + s(sp) + s(tmin2m) + s(wspeed) + s(tp) + s(rh) + s(ptp) + s(wdir), gamma=1.4, family=gaussian(link=log), data = tdf);9.07572138223372;9.60235996950366;82.3687186079344;92.2053169839263;0.61411102994056;0.645980718583519;0.855375096674401;0.00295470604208892;0.19236664304817
IT1919A;gam((value) ~ s(pblmax) + s(tp) + s(wspeed) + s(tmin2m) + s(sp) + s(ptp) + s(rh) + s(v10m), gamma=1.4, family=gaussian(link=log), data = tdf);9.84977544081314;9.40570428746199;97.0180762344457;88.4672731431809;0.539360396590719;0.558543446639358;0.837065637065637;0.00553941816413436;0.229977843191153
IT1921A;gam((value) ~ s(pblmax) + s(ptp) + s(tp) + s(tmin2m) + s(rh), gamma=1.4, family=gaussian(link=log), data = tdf);8.84535060397679;9.1692770234433;78.2402273072726;84.0756411326452;0.592957873845125;0.606927412496355;0.901960784313726;0.00200513776151606;0.165367260861287
IT1924A;gam((value) ~ dclass + s(pblmax) + s(tp) + s(ptp) + s(v10m) + s(u10m) + s(jd, k=11) + s(sp) + s(t2m) + s(rh), gamma=1.4, family=gaussian(link=log), data = tdf);10.7540487972653;10.3185430176739;115.649565533962;106.472330007586;0.601527778498934;0.56264635114923;0.884493670886076;0.00157828973206827;0.164863798740287
IT1927A;gam((value) ~ s(pblmax) + s(pbl00) + s(tmin2m) + s(sp) + s(wspeed) + s(jd, k=11) + s(ptp) + s(rh) + s(tp), gamma=1.4, family=gaussian(link=log), data = tdf);10.2537526662643;7.60320529983136;105.139443740922;57.8087308313836;0.482091251760055;0.633215322414124;0.891975308641975;0.0036350749233508;0.146998200953592
IT1975A;gam((value) ~ s(pblmax) + s(ptp) + s(t2m) + s(rh) + s(tp) + s(jd, k=11) + s(u10m), gamma=1.4, family=gaussian(link=log), data = tdf);9.53217946709659;8.93417315455189;90.8624453929378;79.8194499555157;0.558750531303767;0.598948683896823;0.94453125;0.00142777416642163;0.137651242363544
IT2073A;gam((value) ~ dclass + s(jd, k=11) + s(ptp) + s(pbl12) + s(sp) + s(t2m) + s(rh) + s(tp) + s(pbl00), gamma=1.4, family=gaussian(link=log), data = tdf);8.25556123118717;8.56854503142603;68.1542912418807;73.4199639555757;0.601506224150875;0.678267740902833;0.892633228840125;0.0123966627373299;0.15799940988863
IT2097A;gam((value) ~ s(sp) + s(nirradiance), gamma=1.4, family=gaussian(link=log), data = tdf);3.5699455948178;3.70854225366177;12.744511549959;13.7532856471947;0.270428222092842;0.24563339561745;0.677133655394525;0.00299625754110297;0.354674712585775
IT2209A;gam((value) ~ s(pbl12) + s(ptp) + s(t2m) + s(pwspeed) + s(jd, k=11) + s(rh) + s(tp), gamma=1.4, family=gaussian(link=log), data = tdf);9.13300888730825;7.31543574851489;83.4118513356515;53.5156001906496;0.47231033271141;0.632245949078753;0.915094339622642;0.00610375638213831;0.164750982766509
IT0861A;gam((value) ~ dclass + s(pbl12) + s(ptp) + s(jd, k=11) + s(pbl00) + s(u10m) + s(tmin2m) + s(tp), gamma=1.4, family=gaussian(link=log), data = tdf);5.21628869307647;5.10843103122506;27.2096677295175;26.0960676007831;0.660751488470531;0.668811987160642;0.983118971061093;0.00277425602083513;0.0838236299092474
IT0862A;gam((value) ~ dclass + s(pbl12) + s(ptp) + s(pbl00) + s(jd, k=11) + s(t2m) + s(tp) + s(wdir), gamma=1.4, family=gaussian(link=log), data = tdf);5.18137329002763;5.31896091008301;26.8466291706117;28.2913451629911;0.664893232258914;0.631894556533359;0.939873417721519;0.00965160120622194;0.133227632447184
IT0945A;gam((value) ~ dclass + s(pbl12) + s(pbl00) + s(ptp) + s(jd, k=11) + s(v10m) + s(t2m) + s(tp) + s(rh), gamma=1.4, family=gaussian(link=log), data = tdf);10.059112841967;7.25466746437196;101.185751167425;52.630200018617;0.579070957052994;0.71489068775537;0.927330173775671;0.00855568018825262;0.132981955766985
IT0950A;gam((value) ~ s(pbl12) + s(tp) + s(tmin2m) + s(pbl00) + s(jd, k=11) + s(ptp) + s(u10m) + s(rh) + s(pblmin), gamma=1.4, family=gaussian(link=log), data = tdf);5.21391181849014;4.72375476833719;27.1848764509911;22.3138591113884;0.705803147182672;0.726047727805755;0.9578125;0.000676951145243381;0.100225330538373
IT1110A;gam((value) ~ s(pbl12) + s(ptp) + s(tp) + s(pbl00) + s(jd, k=11) + s(tmin2m) + s(u10m) + s(rh), gamma=1.4, family=gaussian(link=log), data = tdf);5.68214947320098;4.717748789959;32.2868226357982;22.2571536451596;0.700050987544768;0.715722642203091;0.947119179163378;0.00528998167965761;0.0975039347630146
IT1186A;gam((value) ~ dclass + s(sp) + s(tmin2m) + s(pbl12) + s(tp) + s(jd, k=11) + s(ptp) + s(pblmin) + s(rh) + s(u10m) + s(v10m) + s(nirradiance), gamma=1.4, family=gaussian(link=log), data = tdf);5.31522775492836;4.70110639499365;28.2516460867607;22.1004013370502;0.730658327724329;0.782616230650322;0.962470680218921;0.00493398718358012;0.0718313922577165
IT1187A;gam((value) ~ dclass + s(tmin2m) + s(pbl12) + s(ptp) + s(jd, k=11) + s(u10m) + s(tp) + s(rh) + s(nirradiance), gamma=1.4, family=gaussian(link=log), data = tdf);10.1663064531868;8.05570521437152;103.353786900107;64.8943865008525;0.78418148006455;0.838188965784623;0.942591155934833;0.00990729333127239;0.0818717449847446
IT1409A;gam((value) ~ s(pbl12) + s(tp) + s(pbl00) + s(tmin2m) + s(jd, k=11) + s(ptp) + s(rh), gamma=1.4, family=gaussian(link=log), data = tdf);6.30487314602484;5.61945283857021;39.7514253874651;31.5782502049148;0.657945075110686;0.698119315918167;0.974378881987578;0.00185580736647526;0.0876961386140815
IT1553A;gam((value) ~ dclass + s(pbl12) + s(pbl00) + s(jd, k=11) + s(tmin2m) + s(ptp) + s(v10m) + s(tp), gamma=1.4, family=gaussian(link=log), data = tdf);9.32715402702157;8.3699202822187;86.9958022437847;70.055565530696;0.731955141354923;0.747394135350667;0.921285140562249;0.0101814724742389;0.127576868520773
IT1557A;gam((value) ~ s(pblmax) + s(tmin2m) + s(ptp) + s(jd, k=11) + s(pblmin) + s(u10m) + s(rh) + s(tp), gamma=1.4, family=gaussian(link=log), data = tdf);3.10720518816832;2.94482785532066;9.65472408138012;8.6720110974725;0.400713055292962;0.509297527763987;0.971653543307087;0.00114694612108746;0.0891954274262186
IT1560A;gam((value) ~ s(pbl12) + s(sp) + s(tmin2m) + s(jd, k=11) + s(pblmin) + s(ptp), gamma=1.4, family=gaussian(link=log), data = tdf);4.45566962335126;3.63848392083336;19.8529917924551;13.2385652421629;0.396453150872745;0.568828246676838;0.979495268138801;0.000989739316997917;0.0758566186482376
IT1593A;gam((value) ~ dclass + s(pblmax) + s(tmin2m) + s(sp) + s(ptp) + s(jd, k=11) + s(rh), gamma=1.4, family=gaussian(link=log), data = tdf);3.02617160735368;2.97858079300466;9.15771459715355;8.87194354045625;0.353233037823539;0.4312630269977;0.969242902208202;0.000496692250669252;0.0872521301012146
IT1654A;gam((value) ~ dclass + s(pbl12) + s(pbl00) + s(jd, k=11) + s(ptp) + s(v10m) + s(t2m) + s(rh), gamma=1.4, family=gaussian(link=log), data = tdf);8.01245313254068;9.29270530841685;64.199405201161;86.3543719490787;0.701806932743265;0.676131608987616;0.89797507788162;0.0150780164350615;0.183981787635167
IT2032A;gam((value) ~ s(tmin2m) + s(sp) + s(pbl12) + s(ptp) + s(jd, k=11) + s(tp) + s(pbl00) + s(rh), gamma=1.4, family=gaussian(link=log), data = tdf);3.5944343572446;3.40816862557589;12.9199583485404;11.6156133803598;0.629996015713924;0.678425977164065;0.981540930979133;0.00104207924260558;0.0682926572749227
IT2241A;gam((value) ~ s(pbl12) + s(tmin2m) + s(ptp) + s(jd, k=11) + s(v10m) + s(rh) + s(u10m) + s(tp) + s(nirradiance), gamma=1.4, family=gaussian(link=log), data = tdf);5.10459025452997;4.78546793673126;26.0568416666424;22.9007033734829;0.536097921424575;0.618524312669341;0.960093896713615;0.00444936715017781;0.116178053012253
