"reporting_year","station_eu_code","date","NO2"
2020,"IT0505A",2020-01-01,1.143
2020,"IT0505A",2020-01-02,1.345
2020,"IT0505A",2020-01-03,0.645
2020,"IT0505A",2020-01-04,1.117
2020,"IT0505A",2020-01-05,0.669
2020,"IT0505A",2020-01-06,1.813
2020,"IT0505A",2020-01-07,0.765
2020,"IT0505A",2020-01-08,1.092
2020,"IT0505A",2020-01-09,1.34
2020,"IT0505A",2020-01-10,4.873
2020,"IT0505A",2020-01-11,1.623
2020,"IT0505A",2020-01-12,1.615
2020,"IT0505A",2020-01-13,1.74
2020,"IT0505A",2020-01-14,4.754
2020,"IT0505A",2020-01-15,4.285
2020,"IT0505A",2020-01-16,2.708
2020,"IT0505A",2020-01-17,3.893
2020,"IT0505A",2020-01-18,1.952
2020,"IT0505A",2020-01-19,1.783
2020,"IT0505A",2020-01-20,2.316
2020,"IT0505A",2020-01-21,1.465
2020,"IT0505A",2020-01-22,1.057
2020,"IT0505A",2020-01-23,1.683
2020,"IT0505A",2020-01-24,2.244
2020,"IT0505A",2020-01-25,3.237
2020,"IT0505A",2020-01-26,3.567
2020,"IT0505A",2020-01-27,3.84
2020,"IT0505A",2020-01-28,4.812
2020,"IT0505A",2020-01-29,1.067
2020,"IT0505A",2020-01-30,2.48
2020,"IT0505A",2020-01-31,2.925
2020,"IT0505A",2020-02-01,5.885
2020,"IT0505A",2020-02-02,2.181
2020,"IT0505A",2020-02-03,2.127
2020,"IT0505A",2020-02-04,3.224
2020,"IT0505A",2020-02-05,1.83
2020,"IT0505A",2020-02-06,1.859
2020,"IT0505A",2020-02-07,3.254
2020,"IT0505A",2020-02-08,6.799
2020,"IT0505A",2020-02-09,12.755
2020,"IT0505A",2020-02-10,8.225
2020,"IT0505A",2020-02-11,2.566
2020,"IT0505A",2020-02-12,1.397
2020,"IT0505A",2020-02-13,5.157
2020,"IT0505A",2020-02-14,2.897
2020,"IT0505A",2020-02-15,2.387
2020,"IT0505A",2020-02-16,5.234
2020,"IT0505A",2020-02-17,9.473
2020,"IT0505A",2020-02-18,2.631
2020,"IT0505A",2020-02-19,3.009
2020,"IT0505A",2020-02-20,2.792
2020,"IT0505A",2020-02-21,2.045
2020,"IT0505A",2020-02-22,3.816
2020,"IT0505A",2020-02-23,1.845
2020,"IT0505A",2020-02-24,3.708
2020,"IT0505A",2020-02-25,10.296
2020,"IT0505A",2020-02-26,3.772
2020,"IT0505A",2020-02-27,3.276
2020,"IT0505A",2020-02-28,2.228
2020,"IT0505A",2020-02-29,6.671
2020,"IT0505A",2020-03-01,3.054
2020,"IT0505A",2020-03-02,2.75
2020,"IT0505A",2020-03-03,2.59
2020,"IT0505A",2020-03-04,2.473
2020,"IT0505A",2020-03-05,7.755
2020,"IT0505A",2020-03-06,4.027
2020,"IT0505A",2020-03-07,2.27
2020,"IT0505A",2020-03-08,2.367
2020,"IT0505A",2020-03-09,2.422
2020,"IT0505A",2020-03-10,2.571
2020,"IT0505A",2020-03-11,2.27
2020,"IT0505A",2020-03-12,8.463
2020,"IT0505A",2020-03-13,5.695
2020,"IT0505A",2020-03-14,2.283
2020,"IT0505A",2020-03-15,2.351
2020,"IT0505A",2020-03-16,2.428
2020,"IT0505A",2020-03-17,2.728
2020,"IT0505A",2020-03-18,4.728
2020,"IT0505A",2020-03-19,6.873
2020,"IT0505A",2020-03-20,8.608
2020,"IT0505A",2020-03-21,7.433
2020,"IT0505A",2020-03-22,3.767
2020,"IT0505A",2020-03-23,1.638
2020,"IT0505A",2020-03-24,2.187
2020,"IT0505A",2020-03-25,3.08
2020,"IT0505A",2020-03-26,2.762
2020,"IT0505A",2020-03-27,2.555
2020,"IT0505A",2020-03-28,3.069
2020,"IT0505A",2020-03-29,3.749
2020,"IT0505A",2020-03-30,3.539
2020,"IT0505A",2020-03-31,2.074
2020,"IT0505A",2020-04-01,4.996
2020,"IT0505A",2020-04-02,6.107
2020,"IT0505A",2020-04-03,5.125
2020,"IT0505A",2020-04-04,6.051
2020,"IT0505A",2020-04-05,7.032
2020,"IT0505A",2020-04-06,4.583
2020,"IT0505A",2020-04-07,4.617
2020,"IT0505A",2020-04-08,5.635
2020,"IT0505A",2020-04-09,4.933
2020,"IT0505A",2020-04-10,5.231
2020,"IT0505A",2020-04-11,5.667
2020,"IT0505A",2020-04-12,6.127
2020,"IT0505A",2020-04-13,4.923
2020,"IT0505A",2020-04-14,2.465
2020,"IT0505A",2020-04-15,4.328
2020,"IT0505A",2020-04-16,3.945
2020,"IT0505A",2020-04-17,5.539
2020,"IT0505A",2020-04-18,7.462
2020,"IT0505A",2020-04-19,6.583
2020,"IT0505A",2020-04-20,6.656
2020,"IT0505A",2020-04-21,4.517
2020,"IT0505A",2020-04-22,3.831
2020,"IT0505A",2020-04-23,5.411
2020,"IT0505A",2020-04-24,5.394
2020,"IT0505A",2020-04-25,3.622
2020,"IT0505A",2020-04-26,5.168
2020,"IT0505A",2020-04-27,5.928
2020,"IT0505A",2020-04-28,4.505
2020,"IT0505A",2020-04-29,2.209
2020,"IT0505A",2020-04-30,2.926
2020,"IT0505A",2020-05-01,2.435
2020,"IT0505A",2020-05-02,1.595
2020,"IT0505A",2020-05-03,1.511
2020,"IT0505A",2020-05-04,4.384
2020,"IT0505A",2020-05-05,6.04
2020,"IT0505A",2020-05-06,1.763
2020,"IT0505A",2020-05-07,3.223
2020,"IT0505A",2020-05-08,6.402
2020,"IT0505A",2020-05-09,8.878
2020,"IT0505A",2020-05-10,6.693
2020,"IT0505A",2020-05-11,3.568
2020,"IT0505A",2020-05-12,3.952
2020,"IT0505A",2020-05-13,2.991
2020,"IT0505A",2020-05-14,3.535
2020,"IT0505A",2020-05-15,2.096
2020,"IT0505A",2020-05-16,2.561
2020,"IT0505A",2020-05-17,2.085
2020,"IT0505A",2020-05-18,2.321
2020,"IT0505A",2020-05-19,2.624
2020,"IT0505A",2020-05-20,2.609
2020,"IT0505A",2020-05-21,1.825
2020,"IT0505A",2020-05-22,3.797
2020,"IT0505A",2020-05-23,3.549
2020,"IT0505A",2020-05-24,1.23
2020,"IT0505A",2020-05-25,1.775
2020,"IT0505A",2020-05-26,1.78
2020,"IT0505A",2020-05-27,2.315
2020,"IT0505A",2020-05-28,2.704
2020,"IT0505A",2020-05-29,2.74
2020,"IT0505A",2020-05-30,3.676
2020,"IT0505A",2020-05-31,2.514
2020,"IT0505A",2020-06-01,3.283
2020,"IT0505A",2020-06-02,4.376
2020,"IT0505A",2020-06-03,4.883
2020,"IT0505A",2020-06-04,3.715
2020,"IT0505A",2020-06-05,3.241
2020,"IT0505A",2020-06-06,5.113
2020,"IT0505A",2020-06-07,3.135
2020,"IT0505A",2020-06-08,1.952
2020,"IT0505A",2020-06-09,1.83
2020,"IT0505A",2020-06-10,2.162
2020,"IT0505A",2020-06-11,2.702
2020,"IT0505A",2020-06-12,3.458
2020,"IT0505A",2020-06-13,3.708
2020,"IT0505A",2020-06-14,2.379
2020,"IT0505A",2020-06-15,1.767
2020,"IT0505A",2020-06-16,3.003
2020,"IT0505A",2020-06-17,2.318
2020,"IT0505A",2020-06-18,2.953
2020,"IT0505A",2020-06-19,1.771
2020,"IT0505A",2020-06-20,1.303
2020,"IT0505A",2020-06-21,1.699
2020,"IT0505A",2020-06-22,1.42
2020,"IT0505A",2020-06-23,1.72
2020,"IT0505A",2020-06-24,5.028
2020,"IT0505A",2020-06-25,6.379
2020,"IT0505A",2020-06-26,4.761
2020,"IT0505A",2020-06-27,5.351
2020,"IT0505A",2020-06-28,4.238
2020,"IT0505A",2020-06-29,3.479
2020,"IT0505A",2020-06-30,5.308
2020,"IT0507A",2020-01-01,41.626
2020,"IT0507A",2020-01-02,50.255
2020,"IT0507A",2020-01-03,50.724
2020,"IT0507A",2020-01-04,40.818
2020,"IT0507A",2020-01-05,49.155
2020,"IT0507A",2020-01-06,52.325
2020,"IT0507A",2020-01-07,60.884
2020,"IT0507A",2020-01-08,51.023
2020,"IT0507A",2020-01-09,53.439
2020,"IT0507A",2020-01-10,49.982
2020,"IT0507A",2020-01-11,53.209
2020,"IT0507A",2020-01-12,48.617
2020,"IT0507A",2020-01-13,57.837
2020,"IT0507A",2020-01-14,54.056
2020,"IT0507A",2020-01-15,52.803
2020,"IT0507A",2020-01-16,52.178
2020,"IT0507A",2020-01-17,51.823
2020,"IT0507A",2020-01-18,51.421
2020,"IT0507A",2020-01-19,43.649
2020,"IT0507A",2020-01-20,41.879
2020,"IT0507A",2020-01-21,41.345
2020,"IT0507A",2020-01-22,60.557
2020,"IT0507A",2020-01-23,59.648
2020,"IT0507A",2020-01-24,56.794
2020,"IT0507A",2020-01-25,56.476
2020,"IT0507A",2020-01-26,50.805
2020,"IT0507A",2020-01-27,39.971
2020,"IT0507A",2020-01-28,47.155
2020,"IT0507A",2020-01-29,40.24
2020,"IT0507A",2020-01-30,37.327
2020,"IT0507A",2020-01-31,38.888
2020,"IT0507A",2020-02-01,33.578
2020,"IT0507A",2020-02-02,26.713
2020,"IT0507A",2020-02-03,40.288
2020,"IT0507A",2020-02-04,22.671
2020,"IT0507A",2020-02-05,6.374
2020,"IT0507A",2020-02-06,49.616
2020,"IT0507A",2020-02-07,47.922
2020,"IT0507A",2020-02-08,41.212
2020,"IT0507A",2020-02-09,42.592
2020,"IT0507A",2020-02-10,42.828
2020,"IT0507A",2020-02-11,26.348
2020,"IT0507A",2020-02-12,44.97
2020,"IT0507A",2020-02-13,43.609
2020,"IT0507A",2020-02-14,41.752
2020,"IT0507A",2020-02-15,43.989
2020,"IT0507A",2020-02-16,43.996
2020,"IT0507A",2020-02-17,44.877
2020,"IT0507A",2020-02-18,40.807
2020,"IT0507A",2020-02-19,47.275
2020,"IT0507A",2020-02-20,47.903
2020,"IT0507A",2020-02-21,55.544
2020,"IT0507A",2020-02-22,43.731
2020,"IT0507A",2020-02-23,45.563
2020,"IT0507A",2020-02-24,46.023
2020,"IT0507A",2020-02-25,32.779
2020,"IT0507A",2020-02-26,29.317
2020,"IT0507A",2020-02-27,32.662
2020,"IT0507A",2020-02-28,16.61
2020,"IT0507A",2020-02-29,24.218
2020,"IT0507A",2020-03-01,19.853
2020,"IT0507A",2020-03-02,20.618
2020,"IT0507A",2020-03-03,14.05
2020,"IT0507A",2020-03-04,8.683
2020,"IT0507A",2020-03-05,28.906
2020,"IT0507A",2020-03-06,37.413
2020,"IT0507A",2020-03-07,25.26
2020,"IT0507A",2020-03-08,28.96
2020,"IT0507A",2020-03-09,45.094
2020,"IT0507A",2020-03-10,38.344
2020,"IT0507A",2020-03-11,34.998
2020,"IT0507A",2020-03-12,27.119
2020,"IT0507A",2020-03-13,19.049
2020,"IT0507A",2020-03-14,26.133
2020,"IT0507A",2020-03-15,13.395
2020,"IT0507A",2020-03-16,20.745
2020,"IT0507A",2020-03-17,25.235
2020,"IT0507A",2020-03-18,23.612
2020,"IT0507A",2020-03-19,23.038
2020,"IT0507A",2020-03-20,18.527
2020,"IT0507A",2020-03-21,17.562
2020,"IT0507A",2020-03-22,8.219
2020,"IT0507A",2020-03-23,9.245
2020,"IT0507A",2020-03-24,9.322
2020,"IT0507A",2020-03-25,8.929
2020,"IT0507A",2020-03-26,10.27
2020,"IT0507A",2020-03-27,11.811
2020,"IT0507A",2020-03-28,20.13
2020,"IT0507A",2020-03-29,20.784
2020,"IT0507A",2020-03-30,14.643
2020,"IT0507A",2020-03-31,10.394
2020,"IT0507A",2020-04-01,15.376
2020,"IT0507A",2020-04-02,19.072
2020,"IT0507A",2020-04-03,23.727
2020,"IT0507A",2020-04-04,20.789
2020,"IT0507A",2020-04-05,11.846
2020,"IT0507A",2020-04-06,15.905
2020,"IT0507A",2020-04-07,14.416
2020,"IT0507A",2020-04-08,17.306
2020,"IT0507A",2020-04-09,19.783
2020,"IT0507A",2020-04-10,15.787
2020,"IT0507A",2020-04-11,15.802
2020,"IT0507A",2020-04-12,12.914
2020,"IT0507A",2020-04-13,10.953
2020,"IT0507A",2020-04-14,9.631
2020,"IT0507A",2020-04-15,15.204
2020,"IT0507A",2020-04-16,16.855
2020,"IT0507A",2020-04-17,20.37
2020,"IT0507A",2020-04-18,17.253
2020,"IT0507A",2020-04-19,13.361
2020,"IT0507A",2020-04-20,14.541
2020,"IT0507A",2020-04-21,8.94
2020,"IT0507A",2020-04-22,10.3
2020,"IT0507A",2020-04-23,15.29
2020,"IT0507A",2020-04-24,16.256
2020,"IT0507A",2020-04-25,15.876
2020,"IT0507A",2020-04-26,12.793
2020,"IT0507A",2020-04-27,21.792
2020,"IT0507A",2020-04-28,16.416
2020,"IT0507A",2020-04-29,14.553
2020,"IT0507A",2020-04-30,12.89
2020,"IT0507A",2020-05-01,11.537
2020,"IT0507A",2020-05-02,9.058
2020,"IT0507A",2020-05-03,9.502
2020,"IT0507A",2020-05-04,16.845
2020,"IT0507A",2020-05-05,33.627
2020,"IT0507A",2020-05-06,19.017
2020,"IT0507A",2020-05-07,21.598
2020,"IT0507A",2020-05-08,22.297
2020,"IT0507A",2020-05-09,17.632
2020,"IT0507A",2020-05-10,20.492
2020,"IT0507A",2020-05-11,24.589
2020,"IT0507A",2020-05-12,12.021
2020,"IT0507A",2020-05-13,21.753
2020,"IT0507A",2020-05-14,14.345
2020,"IT0507A",2020-05-15,17.738
2020,"IT0507A",2020-05-16,15.887
2020,"IT0507A",2020-05-17,12.918
2020,"IT0507A",2020-05-18,11.241
2020,"IT0507A",2020-05-19,20.358
2020,"IT0507A",2020-05-20,18.104
2020,"IT0507A",2020-05-21,13.764
2020,"IT0507A",2020-05-22,18.85
2020,"IT0507A",2020-05-23,13.862
2020,"IT0507A",2020-05-24,4.735
2020,"IT0507A",2020-05-25,12.661
2020,"IT0507A",2020-05-26,12.495
2020,"IT0507A",2020-05-27,16.087
2020,"IT0507A",2020-05-28,16.076
2020,"IT0507A",2020-05-29,8.595
2020,"IT0507A",2020-05-30,9.097
2020,"IT0507A",2020-05-31,6.947
2020,"IT0507A",2020-06-01,8.303
2020,"IT0507A",2020-06-02,12.029
2020,"IT0507A",2020-06-03,16.002
2020,"IT0507A",2020-06-04,15.7
2020,"IT0507A",2020-06-05,14.968
2020,"IT0507A",2020-06-06,11.085
2020,"IT0507A",2020-06-07,11.12
2020,"IT0507A",2020-06-08,18.752
2020,"IT0507A",2020-06-09,15.753
2020,"IT0507A",2020-06-10,13.26
2020,"IT0507A",2020-06-11,11.185
2020,"IT0507A",2020-06-12,17.084
2020,"IT0507A",2020-06-13,14.117
2020,"IT0507A",2020-06-14,15.875
2020,"IT0507A",2020-06-15,28.322
2020,"IT0507A",2020-06-16,15.816
2020,"IT0507A",2020-06-17,20.002
2020,"IT0507A",2020-06-18,12.691
2020,"IT0507A",2020-06-19,14.939
2020,"IT0507A",2020-06-20,8.626
2020,"IT0507A",2020-06-21,14.328
2020,"IT0507A",2020-06-22,24.108
2020,"IT0507A",2020-06-23,16.12
2020,"IT0507A",2020-06-24,13.988
2020,"IT0507A",2020-06-25,17.669
2020,"IT0507A",2020-06-26,18.977
2020,"IT0507A",2020-06-27,12.868
2020,"IT0507A",2020-06-28,8.679
2020,"IT0507A",2020-06-29,16.765
2020,"IT0507A",2020-06-30,14.616
2020,"IT0508A",2020-01-01,36.614
2020,"IT0508A",2020-01-02,42.275
2020,"IT0508A",2020-01-03,49.501
2020,"IT0508A",2020-01-04,36.455
2020,"IT0508A",2020-01-05,21.99
2020,"IT0508A",2020-01-06,39.517
2020,"IT0508A",2020-01-07,51.346
2020,"IT0508A",2020-01-08,45.259
2020,"IT0508A",2020-01-09,43.832
2020,"IT0508A",2020-01-10,40.894
2020,"IT0508A",2020-01-11,41.885
2020,"IT0508A",2020-01-12,37.528
2020,"IT0508A",2020-01-13,45.137
2020,"IT0508A",2020-01-14,44.855
2020,"IT0508A",2020-01-15,43.132
2020,"IT0508A",2020-01-16,42.204
2020,"IT0508A",2020-01-17,39.466
2020,"IT0508A",2020-01-18,47.14
2020,"IT0508A",2020-01-19,24.258
2020,"IT0508A",2020-01-20,35.662
2020,"IT0508A",2020-01-21,41.139
2020,"IT0508A",2020-01-22,42.776
2020,"IT0508A",2020-01-23,42.892
2020,"IT0508A",2020-01-24,45.426
2020,"IT0508A",2020-01-25,53.626
2020,"IT0508A",2020-01-26,44.465
2020,"IT0508A",2020-01-27,38.415
2020,"IT0508A",2020-01-28,51.574
2020,"IT0508A",2020-01-29,31.225
2020,"IT0508A",2020-01-30,34.199
2020,"IT0508A",2020-01-31,37.51
2020,"IT0508A",2020-02-01,32.487
2020,"IT0508A",2020-02-02,30.437
2020,"IT0508A",2020-02-03,35.034
2020,"IT0508A",2020-02-04,17.369
2020,"IT0508A",2020-02-05,11.29
2020,"IT0508A",2020-02-06,32.528
2020,"IT0508A",2020-02-07,40.333
2020,"IT0508A",2020-02-08,35.907
2020,"IT0508A",2020-02-09,34.309
2020,"IT0508A",2020-02-10,51.522
2020,"IT0508A",2020-02-11,29.357
2020,"IT0508A",2020-02-12,27.058
2020,"IT0508A",2020-02-13,37.463
2020,"IT0508A",2020-02-14,30.129
2020,"IT0508A",2020-02-15,32.474
2020,"IT0508A",2020-02-16,34.374
2020,"IT0508A",2020-02-17,29.067
2020,"IT0508A",2020-02-18,27.048
2020,"IT0508A",2020-02-19,26.562
2020,"IT0508A",2020-02-20,31.078
2020,"IT0508A",2020-02-21,31.802
2020,"IT0508A",2020-02-22,32.012
2020,"IT0508A",2020-02-23,33.508
2020,"IT0508A",2020-02-24,25.537
2020,"IT0508A",2020-02-25,34.36
2020,"IT0508A",2020-02-26,23.374
2020,"IT0508A",2020-02-27,19.384
2020,"IT0508A",2020-02-28,17.085
2020,"IT0508A",2020-02-29,28.988
2020,"IT0508A",2020-03-01,44.015
2020,"IT0508A",2020-03-02,28.135
2020,"IT0508A",2020-03-03,24.553
2020,"IT0508A",2020-03-04,14.799
2020,"IT0508A",2020-03-05,29.672
2020,"IT0508A",2020-03-06,30.502
2020,"IT0508A",2020-03-07,15.825
2020,"IT0508A",2020-03-08,17.063
2020,"IT0508A",2020-03-09,24.452
2020,"IT0508A",2020-03-10,23.784
2020,"IT0508A",2020-03-11,19.265
2020,"IT0508A",2020-03-12,16.297
2020,"IT0508A",2020-03-13,18.106
2020,"IT0508A",2020-03-14,12.253
2020,"IT0508A",2020-03-15,8.603
2020,"IT0508A",2020-03-16,11.943
2020,"IT0508A",2020-03-17,12.433
2020,"IT0508A",2020-03-18,13.296
2020,"IT0508A",2020-03-19,11.82
2020,"IT0508A",2020-03-20,9.028
2020,"IT0508A",2020-03-21,9.652
2020,"IT0508A",2020-03-22,4.144
2020,"IT0508A",2020-03-23,3.13
2020,"IT0508A",2020-03-24,6.171
2020,"IT0508A",2020-03-25,5.52
2020,"IT0508A",2020-03-26,5.29
2020,"IT0508A",2020-03-27,9.7
2020,"IT0508A",2020-03-28,9.943
2020,"IT0508A",2020-03-29,9.078
2020,"IT0508A",2020-03-30,9.408
2020,"IT0508A",2020-03-31,9.753
2020,"IT0508A",2020-04-01,10.985
2020,"IT0508A",2020-04-02,13.353
2020,"IT0508A",2020-04-03,12.706
2020,"IT0508A",2020-04-04,9.289
2020,"IT0508A",2020-04-05,7.066
2020,"IT0508A",2020-04-06,11.815
2020,"IT0508A",2020-04-07,10.963
2020,"IT0508A",2020-04-08,12.99
2020,"IT0508A",2020-04-09,13.046
2020,"IT0508A",2020-04-10,14.562
2020,"IT0508A",2020-04-11,10.639
2020,"IT0508A",2020-04-12,10.729
2020,"IT0508A",2020-04-13,11.068
2020,"IT0508A",2020-04-14,9.389
2020,"IT0508A",2020-04-15,13.547
2020,"IT0508A",2020-04-16,13.711
2020,"IT0508A",2020-04-17,13.263
2020,"IT0508A",2020-04-18,12.285
2020,"IT0508A",2020-04-19,8.027
2020,"IT0508A",2020-04-20,10.78
2020,"IT0508A",2020-04-21,5.682
2020,"IT0508A",2020-04-22,9.14
2020,"IT0508A",2020-04-23,10.925
2020,"IT0508A",2020-04-24,14.552
2020,"IT0508A",2020-04-25,14.156
2020,"IT0508A",2020-04-26,9.682
2020,"IT0508A",2020-04-27,16.088
2020,"IT0508A",2020-04-28,18.949
2020,"IT0508A",2020-04-29,13.815
2020,"IT0508A",2020-04-30,16.45
2020,"IT0508A",2020-05-01,7.818
2020,"IT0508A",2020-05-02,6.995
2020,"IT0508A",2020-05-03,5.832
2020,"IT0508A",2020-05-04,12.074
2020,"IT0508A",2020-05-05,18.326
2020,"IT0508A",2020-05-06,10.643
2020,"IT0508A",2020-05-07,13.706
2020,"IT0508A",2020-05-08,14.726
2020,"IT0508A",2020-05-09,16.038
2020,"IT0508A",2020-05-10,11.283
2020,"IT0508A",2020-05-11,11.347
2020,"IT0508A",2020-05-12,8.09
2020,"IT0508A",2020-05-13,16.858
2020,"IT0508A",2020-05-14,9.282
2020,"IT0508A",2020-05-15,12.516
2020,"IT0508A",2020-05-16,10.033
2020,"IT0508A",2020-05-17,6.078
2020,"IT0508A",2020-05-18,8.134
2020,"IT0508A",2020-05-19,9.611
2020,"IT0508A",2020-05-20,9.422
2020,"IT0508A",2020-05-21,10.047
2020,"IT0508A",2020-05-22,12.296
2020,"IT0508A",2020-05-23,11.201
2020,"IT0508A",2020-05-24,4.254
2020,"IT0508A",2020-05-25,7.791
2020,"IT0508A",2020-05-26,8.184
2020,"IT0508A",2020-05-27,10.061
2020,"IT0508A",2020-05-28,11.958
2020,"IT0508A",2020-05-29,6.848
2020,"IT0508A",2020-05-30,6.005
2020,"IT0508A",2020-05-31,6.539
2020,"IT0508A",2020-06-01,7.311
2020,"IT0508A",2020-06-02,8.528
2020,"IT0508A",2020-06-03,15.071
2020,"IT0508A",2020-06-04,17.672
2020,"IT0508A",2020-06-05,10.27
2020,"IT0508A",2020-06-06,9.614
2020,"IT0508A",2020-06-07,8.169
2020,"IT0508A",2020-06-08,14.116
2020,"IT0508A",2020-06-09,14.884
2020,"IT0508A",2020-06-10,11.847
2020,"IT0508A",2020-06-11,9.739
2020,"IT0508A",2020-06-12,10.598
2020,"IT0508A",2020-06-13,8.757
2020,"IT0508A",2020-06-14,14.282
2020,"IT0508A",2020-06-15,18.715
2020,"IT0508A",2020-06-16,9.647
2020,"IT0508A",2020-06-17,10.936
2020,"IT0508A",2020-06-18,6.28
2020,"IT0508A",2020-06-19,8.529
2020,"IT0508A",2020-06-20,6.633
2020,"IT0508A",2020-06-21,5.514
2020,"IT0508A",2020-06-22,10.545
2020,"IT0508A",2020-06-23,8.392
2020,"IT0508A",2020-06-24,9.539
2020,"IT0508A",2020-06-25,11.896
2020,"IT0508A",2020-06-26,8.066
2020,"IT0508A",2020-06-27,7.103
2020,"IT0508A",2020-06-28,5.456
2020,"IT0508A",2020-06-29,9.365
2020,"IT0508A",2020-06-30,9.588
2020,"IT1334A",2020-01-01,57.957
2020,"IT1334A",2020-01-02,67.786
2020,"IT1334A",2020-01-03,64.424
2020,"IT1334A",2020-01-04,54.628
2020,"IT1334A",2020-01-05,32.051
2020,"IT1334A",2020-01-06,58.765
2020,"IT1334A",2020-01-07,68.4
2020,"IT1334A",2020-01-08,70.123
2020,"IT1334A",2020-01-09,69.435
2020,"IT1334A",2020-01-10,68.019
2020,"IT1334A",2020-01-11,68.193
2020,"IT1334A",2020-01-12,58.389
2020,"IT1334A",2020-01-13,65.814
2020,"IT1334A",2020-01-15,73.681
2020,"IT1334A",2020-01-16,70.131
2020,"IT1334A",2020-01-17,75.692
2020,"IT1334A",2020-01-18,51.787
2020,"IT1334A",2020-01-19,30.661
2020,"IT1334A",2020-01-20,56.324
2020,"IT1334A",2020-01-21,63.584
2020,"IT1334A",2020-01-22,76.221
2020,"IT1334A",2020-01-23,77.514
2020,"IT1334A",2020-01-24,76.082
2020,"IT1334A",2020-01-25,66.206
2020,"IT1334A",2020-01-26,56.857
2020,"IT1334A",2020-01-27,58.537
2020,"IT1334A",2020-01-28,57.233
2020,"IT1334A",2020-01-29,49.035
2020,"IT1334A",2020-01-30,55.541
2020,"IT1334A",2020-01-31,60.971
2020,"IT1334A",2020-02-01,53.184
2020,"IT1334A",2020-02-02,47.585
2020,"IT1334A",2020-02-03,59.961
2020,"IT1334A",2020-02-04,33.215
2020,"IT1334A",2020-02-05,19.168
2020,"IT1334A",2020-02-06,53.075
2020,"IT1334A",2020-02-07,68.56
2020,"IT1334A",2020-02-08,63.625
2020,"IT1334A",2020-02-09,57.658
2020,"IT1334A",2020-02-10,74.948
2020,"IT1334A",2020-02-11,47.799
2020,"IT1334A",2020-02-12,37.169
2020,"IT1334A",2020-02-13,64.198
2020,"IT1334A",2020-02-14,43.252
2020,"IT1334A",2020-02-15,48.808
2020,"IT1334A",2020-02-16,54.04
2020,"IT1334A",2020-02-17,66.397
2020,"IT1334A",2020-02-18,48.523
2020,"IT1334A",2020-02-19,38.086
2020,"IT1334A",2020-02-20,36.486
2020,"IT1334A",2020-02-21,45.83
2020,"IT1334A",2020-02-22,55.157
2020,"IT1334A",2020-02-23,52.625
2020,"IT1334A",2020-02-24,54.25
2020,"IT1334A",2020-02-25,57.367
2020,"IT1334A",2020-02-26,39.09
2020,"IT1334A",2020-02-27,46.094
2020,"IT1334A",2020-02-28,31.895
2020,"IT1334A",2020-02-29,39.485
2020,"IT1334A",2020-03-01,32.528
2020,"IT1334A",2020-03-02,46.962
2020,"IT1334A",2020-03-03,43.381
2020,"IT1334A",2020-03-04,26.85
2020,"IT1334A",2020-03-05,49.524
2020,"IT1334A",2020-03-06,47.229
2020,"IT1334A",2020-03-07,23.493
2020,"IT1334A",2020-03-08,22.777
2020,"IT1334A",2020-03-09,49.69
2020,"IT1334A",2020-03-10,34.262
2020,"IT1334A",2020-03-11,36.371
2020,"IT1334A",2020-03-12,31.824
2020,"IT1334A",2020-03-13,27.233
2020,"IT1334A",2020-03-14,23.812
2020,"IT1334A",2020-03-15,12.418
2020,"IT1334A",2020-03-16,21.55
2020,"IT1334A",2020-03-17,28.947
2020,"IT1334A",2020-03-18,25.866
2020,"IT1334A",2020-03-19,23.494
2020,"IT1334A",2020-03-20,22.759
2020,"IT1334A",2020-03-21,15.307
2020,"IT1334A",2020-03-22,7.831
2020,"IT1334A",2020-03-23,13.087
2020,"IT1334A",2020-03-24,14.648
2020,"IT1334A",2020-03-25,22.108
2020,"IT1334A",2020-03-26,32.69
2020,"IT1334A",2020-03-27,34.686
2020,"IT1334A",2020-03-28,15.98
2020,"IT1334A",2020-03-29,12.666
2020,"IT1334A",2020-03-30,14.275
2020,"IT1334A",2020-03-31,10.883
2020,"IT1334A",2020-04-01,16.77
2020,"IT1334A",2020-04-02,21.09
2020,"IT1334A",2020-04-03,22.856
2020,"IT1334A",2020-04-04,16.643
2020,"IT1334A",2020-04-05,12.719
2020,"IT1334A",2020-04-06,19.41
2020,"IT1334A",2020-04-07,19.514
2020,"IT1334A",2020-04-08,18.897
2020,"IT1334A",2020-04-09,20.616
2020,"IT1334A",2020-04-10,18.794
2020,"IT1334A",2020-04-11,13.775
2020,"IT1334A",2020-04-12,10.834
2020,"IT1334A",2020-04-13,11.757
2020,"IT1334A",2020-04-14,9.147
2020,"IT1334A",2020-04-15,18.64
2020,"IT1334A",2020-04-16,16.741
2020,"IT1334A",2020-04-17,24.056
2020,"IT1334A",2020-04-18,17.582
2020,"IT1334A",2020-04-19,11.411
2020,"IT1334A",2020-04-20,25.811
2020,"IT1334A",2020-04-21,21.653
2020,"IT1334A",2020-04-22,18.966
2020,"IT1334A",2020-04-23,21.774
2020,"IT1334A",2020-04-24,21.988
2020,"IT1334A",2020-04-25,14.478
2020,"IT1334A",2020-04-26,10.926
2020,"IT1334A",2020-04-27,23.085
2020,"IT1334A",2020-04-28,26.157
2020,"IT1334A",2020-04-29,22.652
2020,"IT1334A",2020-04-30,19.101
2020,"IT1334A",2020-05-01,8.509
2020,"IT1334A",2020-05-02,10.108
2020,"IT1334A",2020-05-03,6.189
2020,"IT1334A",2020-05-04,21.897
2020,"IT1334A",2020-05-05,28.446
2020,"IT1334A",2020-05-06,22.123
2020,"IT1334A",2020-05-07,23.455
2020,"IT1334A",2020-05-08,28.878
2020,"IT1334A",2020-05-09,21.094
2020,"IT1334A",2020-05-10,12.095
2020,"IT1334A",2020-05-11,20.596
2020,"IT1334A",2020-05-12,17.775
2020,"IT1334A",2020-05-13,24.806
2020,"IT1334A",2020-05-14,19.796
2020,"IT1334A",2020-05-15,20.982
2020,"IT1334A",2020-05-16,14.605
2020,"IT1334A",2020-05-17,10.809
2020,"IT1334A",2020-05-18,20.35
2020,"IT1334A",2020-05-19,27.519
2020,"IT1334A",2020-05-20,18.399
2020,"IT1334A",2020-05-21,25.089
2020,"IT1334A",2020-05-22,26.685
2020,"IT1334A",2020-05-23,20.975
2020,"IT1334A",2020-05-24,10.651
2020,"IT1334A",2020-05-25,18.496
2020,"IT1334A",2020-05-26,14.277
2020,"IT1334A",2020-05-27,21.741
2020,"IT1334A",2020-05-28,24.543
2020,"IT1334A",2020-05-29,19.085
2020,"IT1334A",2020-05-30,21.674
2020,"IT1334A",2020-05-31,12.961
2020,"IT1334A",2020-06-01,14.817
2020,"IT1334A",2020-06-02,13.884
2020,"IT1334A",2020-06-03,28.902
2020,"IT1334A",2020-06-04,23.285
2020,"IT1334A",2020-06-05,20.864
2020,"IT1334A",2020-06-06,19.506
2020,"IT1334A",2020-06-07,12.351
2020,"IT1334A",2020-06-08,19.157
2020,"IT1334A",2020-06-09,18.562
2020,"IT1334A",2020-06-10,22.754
2020,"IT1334A",2020-06-11,19.422
2020,"IT1334A",2020-06-12,25.973
2020,"IT1334A",2020-06-13,18.325
2020,"IT1334A",2020-06-14,11.309
2020,"IT1334A",2020-06-15,22.815
2020,"IT1334A",2020-06-16,24.152
2020,"IT1334A",2020-06-17,22.486
2020,"IT1334A",2020-06-18,20.726
2020,"IT1334A",2020-06-19,19.273
2020,"IT1334A",2020-06-20,14.38
2020,"IT1334A",2020-06-21,9.376
2020,"IT1334A",2020-06-22,15.508
2020,"IT1334A",2020-06-23,25.552
2020,"IT1334A",2020-06-24,29.555
2020,"IT1334A",2020-06-25,26.841
2020,"IT1334A",2020-06-26,24.308
2020,"IT1334A",2020-06-27,20.069
2020,"IT1334A",2020-06-28,15.106
2020,"IT1334A",2020-06-29,26.103
2020,"IT1334A",2020-06-30,23.693
2020,"IT1335A",2020-01-01,48.068
2020,"IT1335A",2020-01-02,53.605
2020,"IT1335A",2020-01-03,61.257
2020,"IT1335A",2020-01-04,39.067
2020,"IT1335A",2020-01-05,16.308
2020,"IT1335A",2020-01-06,47.633
2020,"IT1335A",2020-01-07,60.095
2020,"IT1335A",2020-01-08,67.35
2020,"IT1335A",2020-01-09,58.568
2020,"IT1335A",2020-01-10,58.658
2020,"IT1335A",2020-01-11,55.31
2020,"IT1335A",2020-01-12,52.793
2020,"IT1335A",2020-01-13,62.01
2020,"IT1335A",2020-01-14,63.379
2020,"IT1335A",2020-01-15,66.692
2020,"IT1335A",2020-01-16,63.475
2020,"IT1335A",2020-01-17,64.966
2020,"IT1335A",2020-01-18,33.215
2020,"IT1335A",2020-01-19,15.978
2020,"IT1335A",2020-01-20,47.318
2020,"IT1335A",2020-01-21,56.462
2020,"IT1335A",2020-01-22,65.654
2020,"IT1335A",2020-01-23,62.599
2020,"IT1335A",2020-01-24,66.333
2020,"IT1335A",2020-01-25,62.234
2020,"IT1335A",2020-01-26,47.852
2020,"IT1335A",2020-01-27,56.546
2020,"IT1335A",2020-01-28,54.654
2020,"IT1335A",2020-01-29,25.761
2020,"IT1335A",2020-01-30,57.021
2020,"IT1335A",2020-01-31,52.969
2020,"IT1335A",2020-02-01,43.171
2020,"IT1335A",2020-02-02,40.171
2020,"IT1335A",2020-02-03,49.158
2020,"IT1335A",2020-02-04,29.484
2020,"IT1335A",2020-02-05,13.299
2020,"IT1335A",2020-02-06,51.518
2020,"IT1335A",2020-02-07,47.694
2020,"IT1335A",2020-02-08,42.581
2020,"IT1335A",2020-02-09,38.229
2020,"IT1335A",2020-02-10,54.967
2020,"IT1335A",2020-02-11,27.535
2020,"IT1335A",2020-02-12,29.224
2020,"IT1335A",2020-02-13,44.954
2020,"IT1335A",2020-02-14,31.74
2020,"IT1335A",2020-02-15,41.029
2020,"IT1335A",2020-02-16,37.915
2020,"IT1335A",2020-02-17,46.338
2020,"IT1335A",2020-02-18,32.044
2020,"IT1335A",2020-02-19,29.704
2020,"IT1335A",2020-02-20,38.407
2020,"IT1335A",2020-02-21,33.54
2020,"IT1335A",2020-02-22,37.788
2020,"IT1335A",2020-02-23,41.043
2020,"IT1335A",2020-02-24,47.548
2020,"IT1335A",2020-02-25,48.855
2020,"IT1335A",2020-02-26,26.209
2020,"IT1335A",2020-02-27,23.843
2020,"IT1335A",2020-02-28,23.562
2020,"IT1335A",2020-02-29,35.161
2020,"IT1335A",2020-03-01,21.068
2020,"IT1335A",2020-03-02,34.867
2020,"IT1335A",2020-03-03,26.298
2020,"IT1335A",2020-03-04,17.184
2020,"IT1335A",2020-03-05,35.314
2020,"IT1335A",2020-03-06,35.015
2020,"IT1335A",2020-03-07,22.52
2020,"IT1335A",2020-03-08,22.058
2020,"IT1335A",2020-03-09,34.171
2020,"IT1335A",2020-03-10,27.713
2020,"IT1335A",2020-03-11,28.103
2020,"IT1335A",2020-03-12,26.158
2020,"IT1335A",2020-03-13,17.728
2020,"IT1335A",2020-03-14,17.554
2020,"IT1335A",2020-03-15,10.292
2020,"IT1335A",2020-03-16,15.373
2020,"IT1335A",2020-03-17,19.929
2020,"IT1335A",2020-03-18,18.312
2020,"IT1335A",2020-03-19,19.201
2020,"IT1335A",2020-03-20,20.197
2020,"IT1335A",2020-03-21,13.828
2020,"IT1335A",2020-03-22,3.539
2020,"IT1335A",2020-03-23,9.97
2020,"IT1335A",2020-03-24,21.407
2020,"IT1335A",2020-03-25,21.447
2020,"IT1335A",2020-03-26,30.933
2020,"IT1335A",2020-03-27,22.648
2020,"IT1335A",2020-03-28,15.402
2020,"IT1335A",2020-03-29,8.437
2020,"IT1335A",2020-03-30,12.277
2020,"IT1335A",2020-03-31,14.453
2020,"IT1335A",2020-04-01,23.149
2020,"IT1335A",2020-04-02,24.563
2020,"IT1335A",2020-04-03,21.593
2020,"IT1335A",2020-04-04,16.025
2020,"IT1335A",2020-04-05,11.502
2020,"IT1335A",2020-04-06,16.97
2020,"IT1335A",2020-04-07,17.024
2020,"IT1335A",2020-04-08,18.68
2020,"IT1335A",2020-04-09,17.167
2020,"IT1335A",2020-04-10,17.657
2020,"IT1335A",2020-04-11,12.053
2020,"IT1335A",2020-04-12,7.114
2020,"IT1335A",2020-04-13,10.708
2020,"IT1335A",2020-04-14,6.484
2020,"IT1335A",2020-04-15,22.346
2020,"IT1335A",2020-04-16,17.382
2020,"IT1335A",2020-04-17,15.597
2020,"IT1335A",2020-04-18,12.45
2020,"IT1335A",2020-04-19,8.002
2020,"IT1335A",2020-04-20,20.023
2020,"IT1335A",2020-04-21,17.804
2020,"IT1335A",2020-04-22,14.203
2020,"IT1335A",2020-04-23,14.027
2020,"IT1335A",2020-04-24,16.607
2020,"IT1335A",2020-04-25,11.538
2020,"IT1335A",2020-04-26,7.687
2020,"IT1335A",2020-04-27,14.547
2020,"IT1335A",2020-04-28,19.327
2020,"IT1335A",2020-04-29,14.648
2020,"IT1335A",2020-04-30,13.824
2020,"IT1335A",2020-05-01,4.407
2020,"IT1335A",2020-05-02,6.978
2020,"IT1335A",2020-05-03,4.066
2020,"IT1335A",2020-05-04,13.894
2020,"IT1335A",2020-05-05,18.245
2020,"IT1335A",2020-05-06,12.113
2020,"IT1335A",2020-05-07,14.559
2020,"IT1335A",2020-05-08,15.6
2020,"IT1335A",2020-05-09,14.89
2020,"IT1335A",2020-05-10,10.302
2020,"IT1335A",2020-05-11,14.867
2020,"IT1335A",2020-05-12,13.409
2020,"IT1335A",2020-05-13,21.44
2020,"IT1335A",2020-05-14,14.831
2020,"IT1335A",2020-05-15,16.143
2020,"IT1335A",2020-05-16,10.079
2020,"IT1335A",2020-05-17,7.547
2020,"IT1335A",2020-05-18,12.578
2020,"IT1335A",2020-05-19,20.139
2020,"IT1335A",2020-05-20,16.714
2020,"IT1335A",2020-05-21,18.625
2020,"IT1335A",2020-05-22,20.1
2020,"IT1335A",2020-05-23,17.796
2020,"IT1335A",2020-05-24,6.793
2020,"IT1335A",2020-05-25,18.031
2020,"IT1335A",2020-05-26,10.802
2020,"IT1335A",2020-05-27,19.985
2020,"IT1335A",2020-05-28,15.215
2020,"IT1335A",2020-05-29,16.739
2020,"IT1335A",2020-05-30,15.329
2020,"IT1335A",2020-05-31,11.296
2020,"IT1335A",2020-06-01,10.072
2020,"IT1335A",2020-06-02,11.57
2020,"IT1335A",2020-06-03,20.31
2020,"IT1335A",2020-06-04,23.493
2020,"IT1335A",2020-06-05,17.047
2020,"IT1335A",2020-06-06,9.71
2020,"IT1335A",2020-06-07,9.723
2020,"IT1335A",2020-06-08,13.276
2020,"IT1335A",2020-06-09,9.678
2020,"IT1335A",2020-06-10,13.5
2020,"IT1335A",2020-06-11,12.43
2020,"IT1335A",2020-06-12,12.335
2020,"IT1335A",2020-06-13,10.87
2020,"IT1335A",2020-06-14,9.096
2020,"IT1335A",2020-06-15,15.306
2020,"IT1335A",2020-06-16,13.261
2020,"IT1335A",2020-06-17,14.718
2020,"IT1335A",2020-06-18,10.461
2020,"IT1335A",2020-06-19,10.987
2020,"IT1335A",2020-06-20,11.15
2020,"IT1335A",2020-06-22,6.954
2020,"IT1335A",2020-06-23,12.034
2020,"IT1335A",2020-06-24,15.365
2020,"IT1335A",2020-06-25,14.195
2020,"IT1335A",2020-06-26,20.274
2020,"IT1335A",2020-06-27,13.981
2020,"IT1335A",2020-06-28,12.685
2020,"IT1335A",2020-06-29,18.925
2020,"IT1335A",2020-06-30,19.784
2020,"IT2096A",2020-01-01,47.881
2020,"IT2096A",2020-01-02,57.217
2020,"IT2096A",2020-01-03,58.65
2020,"IT2096A",2020-01-04,50.323
2020,"IT2096A",2020-01-05,24.292
2020,"IT2096A",2020-01-06,52.847
2020,"IT2096A",2020-01-07,58.256
2020,"IT2096A",2020-01-08,54.108
2020,"IT2096A",2020-01-09,62.454
2020,"IT2096A",2020-01-10,61.44
2020,"IT2096A",2020-01-11,58.976
2020,"IT2096A",2020-01-12,50.997
2020,"IT2096A",2020-01-13,62.485
2020,"IT2096A",2020-01-14,63.692
2020,"IT2096A",2020-01-15,64.567
2020,"IT2096A",2020-01-16,63.888
2020,"IT2096A",2020-01-17,67.71
2020,"IT2096A",2020-01-18,45.758
2020,"IT2096A",2020-01-19,21.253
2020,"IT2096A",2020-01-20,47.439
2020,"IT2096A",2020-01-21,51.599
2020,"IT2096A",2020-01-22,67.683
2020,"IT2096A",2020-01-23,69.919
2020,"IT2096A",2020-01-24,67.735
2020,"IT2096A",2020-01-25,61.947
2020,"IT2096A",2020-01-26,53.689
2020,"IT2096A",2020-01-27,53.968
2020,"IT2096A",2020-01-28,51.585
2020,"IT2096A",2020-01-29,38.541
2020,"IT2096A",2020-01-30,46.649
2020,"IT2096A",2020-01-31,53.075
2020,"IT2096A",2020-02-01,48.646
2020,"IT2096A",2020-02-02,42.735
2020,"IT2096A",2020-02-03,52.362
2020,"IT2096A",2020-02-04,27.215
2020,"IT2096A",2020-02-05,13.124
2020,"IT2096A",2020-02-06,42.702
2020,"IT2096A",2020-02-07,58.171
2020,"IT2096A",2020-02-08,56.516
2020,"IT2096A",2020-02-09,53.74
2020,"IT2096A",2020-02-10,70.952
2020,"IT2096A",2020-02-11,37.863
2020,"IT2096A",2020-02-12,26.26
2020,"IT2096A",2020-02-13,53.674
2020,"IT2096A",2020-02-14,33.798
2020,"IT2096A",2020-02-15,38.303
2020,"IT2096A",2020-02-16,45.667
2020,"IT2096A",2020-02-17,62.2
2020,"IT2096A",2020-02-18,42.011
2020,"IT2096A",2020-02-19,29.414
2020,"IT2096A",2020-02-20,30.961
2020,"IT2096A",2020-02-21,35.32
2020,"IT2096A",2020-02-22,45.588
2020,"IT2096A",2020-02-23,44.572
2020,"IT2096A",2020-02-24,47.971
2020,"IT2096A",2020-02-25,58.994
2020,"IT2096A",2020-02-26,26.003
2020,"IT2096A",2020-02-27,32.818
2020,"IT2096A",2020-02-28,24.184
2020,"IT2096A",2020-02-29,32.89
2020,"IT2096A",2020-03-01,29.424
2020,"IT2096A",2020-03-02,43.234
2020,"IT2096A",2020-03-03,36.603
2020,"IT2096A",2020-03-04,19.757
2020,"IT2096A",2020-03-05,43.233
2020,"IT2096A",2020-03-06,41.264
2020,"IT2096A",2020-03-07,17.259
2020,"IT2096A",2020-03-08,15.468
2020,"IT2096A",2020-03-09,40.942
2020,"IT2096A",2020-03-10,27.986
2020,"IT2096A",2020-03-11,36.322
2020,"IT2096A",2020-03-12,26.052
2020,"IT2096A",2020-03-13,23.216
2020,"IT2096A",2020-03-14,18.766
2020,"IT2096A",2020-03-15,9.211
2020,"IT2096A",2020-03-16,17.189
2020,"IT2096A",2020-03-17,22.309
2020,"IT2096A",2020-03-18,21.359
2020,"IT2096A",2020-03-19,17.519
2020,"IT2096A",2020-03-20,17.855
2020,"IT2096A",2020-03-21,14.007
2020,"IT2096A",2020-03-22,7.191
2020,"IT2096A",2020-03-23,9.64
2020,"IT2096A",2020-03-24,10.701
2020,"IT2096A",2020-03-25,16.334
2020,"IT2096A",2020-03-26,26.118
2020,"IT2096A",2020-03-27,29.216
2020,"IT2096A",2020-03-28,13.533
2020,"IT2096A",2020-03-29,11.421
2020,"IT2096A",2020-03-30,12.768
2020,"IT2096A",2020-03-31,8.542
2020,"IT2096A",2020-04-01,13.707
2020,"IT2096A",2020-04-02,17.661
2020,"IT2096A",2020-04-03,18.562
2020,"IT2096A",2020-04-04,13.098
2020,"IT2096A",2020-04-05,10.932
2020,"IT2096A",2020-04-06,15.915
2020,"IT2096A",2020-04-07,11.163
2020,"IT2096A",2020-04-08,13.795
2020,"IT2096A",2020-04-09,14.74
2020,"IT2096A",2020-04-10,13.208
2020,"IT2096A",2020-04-11,10.728
2020,"IT2096A",2020-04-12,9.065
2020,"IT2096A",2020-04-13,9.534
2020,"IT2096A",2020-04-14,7.253
2020,"IT2096A",2020-04-15,12.321
2020,"IT2096A",2020-04-16,15.358
2020,"IT2096A",2020-04-17,17.867
2020,"IT2096A",2020-04-18,14.69
2020,"IT2096A",2020-04-19,10.706
2020,"IT2096A",2020-04-20,21.618
2020,"IT2096A",2020-04-21,17.604
2020,"IT2096A",2020-04-22,12.783
2020,"IT2096A",2020-04-23,15.316
2020,"IT2096A",2020-04-24,16.449
2020,"IT2096A",2020-04-25,12.309
2020,"IT2096A",2020-04-26,9.696
2020,"IT2096A",2020-04-27,16.578
2020,"IT2096A",2020-04-28,20.945
2020,"IT2096A",2020-04-29,17.885
2020,"IT2096A",2020-04-30,13.925
2020,"IT2096A",2020-05-01,7.067
2020,"IT2096A",2020-05-02,7.509
2020,"IT2096A",2020-05-03,3.867
2020,"IT2096A",2020-05-04,14.563
2020,"IT2096A",2020-05-05,22.082
2020,"IT2096A",2020-05-06,11.731
2020,"IT2096A",2020-05-07,12.561
2020,"IT2096A",2020-05-08,18.209
2020,"IT2096A",2020-05-09,13.033
2020,"IT2096A",2020-05-10,8.526
2020,"IT2096A",2020-05-11,12.391
2020,"IT2096A",2020-05-12,12.26
2020,"IT2096A",2020-05-13,21.873
2020,"IT2096A",2020-05-14,12.416
2020,"IT2096A",2020-05-15,13.23
2020,"IT2096A",2020-05-16,9.493
2020,"IT2096A",2020-05-17,7.75
2020,"IT2096A",2020-05-18,12.021
2020,"IT2096A",2020-05-19,18.663
2020,"IT2096A",2020-05-20,12.646
2020,"IT2096A",2020-05-21,13.234
2020,"IT2096A",2020-05-22,16.812
2020,"IT2096A",2020-05-23,13.163
2020,"IT2096A",2020-05-24,4.526
2020,"IT2096A",2020-05-25,10.1
2020,"IT2096A",2020-05-26,8.065
2020,"IT2096A",2020-05-27,12.41
2020,"IT2096A",2020-05-28,15.348
2020,"IT2096A",2020-05-29,9.383
2020,"IT2096A",2020-05-30,12.304
2020,"IT2096A",2020-05-31,7.707
2020,"IT2096A",2020-06-01,8.789
2020,"IT2096A",2020-06-02,8.577
2020,"IT2096A",2020-06-03,16.13
2020,"IT2096A",2020-06-04,17.251
2020,"IT2096A",2020-06-05,11.618
2020,"IT2096A",2020-06-06,11.997
2020,"IT2096A",2020-06-07,7.932
2020,"IT2096A",2020-06-08,13.97
2020,"IT2096A",2020-06-09,12.596
2020,"IT2096A",2020-06-10,14.924
2020,"IT2096A",2020-06-11,13.231
2020,"IT2096A",2020-06-12,14.565
2020,"IT2096A",2020-06-13,11.523
2020,"IT2096A",2020-06-14,7.983
2020,"IT2096A",2020-06-15,16.24
2020,"IT2096A",2020-06-16,15.26
2020,"IT2096A",2020-06-17,17.397
2020,"IT2096A",2020-06-18,13.191
2020,"IT2096A",2020-06-19,12.436
2020,"IT2096A",2020-06-20,9.543
2020,"IT2096A",2020-06-21,6.171
2020,"IT2096A",2020-06-22,10.571
2020,"IT2096A",2020-06-23,14.738
2020,"IT2096A",2020-06-24,16.486
2020,"IT2096A",2020-06-25,15.252
2020,"IT2096A",2020-06-26,18.106
2020,"IT2096A",2020-06-27,11.612
2020,"IT2096A",2020-06-28,8.18
2020,"IT2096A",2020-06-29,16.102
2020,"IT2096A",2020-06-30,14.718
2020,"IT2279A",2020-01-01,66.191
2020,"IT2279A",2020-01-02,75.308
2020,"IT2279A",2020-01-03,79.2
2020,"IT2279A",2020-01-04,67.865
2020,"IT2279A",2020-01-05,82.386
2020,"IT2279A",2020-01-06,74.647
2020,"IT2279A",2020-01-07,77.613
2020,"IT2279A",2020-01-08,76.26
2020,"IT2279A",2020-01-09,78.98
2020,"IT2279A",2020-01-10,72.614
2020,"IT2279A",2020-01-11,70.973
2020,"IT2279A",2020-01-12,67.81
2020,"IT2279A",2020-01-13,82.589
2020,"IT2279A",2020-01-14,73.388
2020,"IT2279A",2020-01-15,74.764
2020,"IT2279A",2020-01-16,76.705
2020,"IT2279A",2020-01-17,74.59
2020,"IT2279A",2020-01-18,77.464
2020,"IT2279A",2020-01-19,66.892
2020,"IT2279A",2020-01-20,75.709
2020,"IT2279A",2020-01-21,75.895
2020,"IT2279A",2020-01-22,81.172
2020,"IT2279A",2020-01-23,87.128
2020,"IT2279A",2020-01-24,83.65
2020,"IT2279A",2020-01-25,85.547
2020,"IT2279A",2020-01-26,75.875
2020,"IT2279A",2020-01-27,66.551
2020,"IT2279A",2020-01-28,69.939
2020,"IT2279A",2020-01-29,65.832
2020,"IT2279A",2020-01-30,63.39
2020,"IT2279A",2020-01-31,68.357
2020,"IT2279A",2020-02-01,60.572
2020,"IT2279A",2020-02-02,50.164
2020,"IT2279A",2020-02-03,63.267
2020,"IT2279A",2020-02-04,42.589
2020,"IT2279A",2020-02-05,29.841
2020,"IT2279A",2020-02-06,71.868
2020,"IT2279A",2020-02-07,79.755
2020,"IT2279A",2020-02-08,68.066
2020,"IT2279A",2020-02-09,62.968
2020,"IT2279A",2020-02-10,77.301
2020,"IT2279A",2020-02-11,55.794
2020,"IT2279A",2020-02-12,78.669
2020,"IT2279A",2020-02-13,77.325
2020,"IT2279A",2020-02-14,66.646
2020,"IT2279A",2020-02-15,68.178
2020,"IT2279A",2020-02-16,63.801
2020,"IT2279A",2020-02-17,69.33
2020,"IT2279A",2020-02-18,56.519
2020,"IT2279A",2020-02-19,64.728
2020,"IT2279A",2020-02-20,71.029
2020,"IT2279A",2020-02-21,69.15
2020,"IT2279A",2020-02-22,68.859
2020,"IT2279A",2020-02-23,65.466
2020,"IT2279A",2020-02-24,63.169
2020,"IT2279A",2020-02-25,62.805
2020,"IT2279A",2020-02-26,59.059
2020,"IT2279A",2020-02-27,63.591
2020,"IT2279A",2020-02-28,65.168
2020,"IT2279A",2020-02-29,78.293
2020,"IT2279A",2020-03-01,55.637
2020,"IT2279A",2020-03-02,56.705
2020,"IT2279A",2020-03-03,47.082
2020,"IT2279A",2020-03-04,53.692
2020,"IT2279A",2020-03-05,70.234
2020,"IT2279A",2020-03-06,59.86
2020,"IT2279A",2020-03-07,41.719
2020,"IT2279A",2020-03-08,51.386
2020,"IT2279A",2020-03-09,61.888
2020,"IT2279A",2020-03-10,59.212
2020,"IT2279A",2020-03-11,46.084
2020,"IT2279A",2020-03-12,43.531
2020,"IT2279A",2020-03-13,42.866
2020,"IT2279A",2020-03-14,44.768
2020,"IT2279A",2020-03-15,27.554
2020,"IT2279A",2020-03-16,38.182
2020,"IT2279A",2020-03-17,43.845
2020,"IT2279A",2020-03-18,45.177
2020,"IT2279A",2020-03-19,44.282
2020,"IT2279A",2020-03-20,40.973
2020,"IT2279A",2020-03-21,29.445
2020,"IT2279A",2020-03-22,18.067
2020,"IT2279A",2020-03-23,26.761
2020,"IT2279A",2020-03-24,29.891
2020,"IT2279A",2020-03-25,24.385
2020,"IT2279A",2020-03-26,19.222
2020,"IT2279A",2020-03-27,32.35
2020,"IT2279A",2020-03-28,31.117
2020,"IT2279A",2020-03-29,22.254
2020,"IT2279A",2020-03-30,26.631
2020,"IT2279A",2020-03-31,35.068
2020,"IT2279A",2020-04-01,32.951
2020,"IT2279A",2020-04-02,42.328
2020,"IT2279A",2020-04-03,37.563
2020,"IT2279A",2020-04-04,42.794
2020,"IT2279A",2020-04-07,38.665
2020,"IT2279A",2020-04-08,39.955
2020,"IT2279A",2020-04-09,38.966
2020,"IT2279A",2020-04-10,40.721
2020,"IT2279A",2020-04-11,30.085
2020,"IT2279A",2020-04-12,26.508
2020,"IT2279A",2020-04-13,28.993
2020,"IT2279A",2020-04-14,33.989
2020,"IT2279A",2020-04-15,49.151
2020,"IT2279A",2020-04-16,38.205
2020,"IT2279A",2020-04-17,42.952
2020,"IT2279A",2020-04-18,33.219
2020,"IT2279A",2020-04-19,26.905
2020,"IT2279A",2020-04-20,28.04
2020,"IT2279A",2020-04-21,24.437
2020,"IT2279A",2020-04-22,41.564
2020,"IT2279A",2020-04-23,36.377
2020,"IT2279A",2020-04-24,47.422
2020,"IT2279A",2020-04-25,37.465
2020,"IT2279A",2020-04-26,25.972
2020,"IT2279A",2020-04-27,49.12
2020,"IT2279A",2020-04-28,36.9
2020,"IT2279A",2020-04-29,32.327
2020,"IT2279A",2020-04-30,29.349
2020,"IT2279A",2020-05-01,22.462
2020,"IT2279A",2020-05-02,16.703
2020,"IT2279A",2020-05-03,22.416
2020,"IT2279A",2020-05-04,40.578
2020,"IT2279A",2020-05-05,45.863
2020,"IT2279A",2020-05-06,35.935
2020,"IT2279A",2020-05-07,49.335
2020,"IT2279A",2020-05-08,40.597
2020,"IT2279A",2020-05-09,37.129
2020,"IT2279A",2020-05-10,31.054
2020,"IT2279A",2020-05-11,40.46
2020,"IT2279A",2020-05-12,28.847
2020,"IT2279A",2020-05-13,36.465
2020,"IT2279A",2020-05-14,32.608
2020,"IT2279A",2020-05-15,38.528
2020,"IT2279A",2020-05-16,24.423
2020,"IT2279A",2020-05-17,19.852
2020,"IT2279A",2020-05-18,33.01
2020,"IT2279A",2020-05-19,42.67
2020,"IT2279A",2020-05-20,38.346
2020,"IT2279A",2020-05-21,37.436
2020,"IT2279A",2020-05-22,43.496
2020,"IT2279A",2020-05-23,28.81
2020,"IT2279A",2020-05-24,26.753
2020,"IT2279A",2020-05-25,41.501
2020,"IT2279A",2020-05-26,37.311
2020,"IT2279A",2020-05-27,42.693
2020,"IT2279A",2020-05-28,39.906
2020,"IT2279A",2020-05-29,35.205
2020,"IT2279A",2020-05-30,30.57
2020,"IT2279A",2020-05-31,28.852
2020,"IT2279A",2020-06-01,25.335
2020,"IT2279A",2020-06-02,34.922
2020,"IT2279A",2020-06-03,36.526
2020,"IT2279A",2020-06-04,37.743
2020,"IT2279A",2020-06-05,36.431
2020,"IT2279A",2020-06-06,27.93
2020,"IT2279A",2020-06-07,21.709
2020,"IT2279A",2020-06-08,31.13
2020,"IT2279A",2020-06-09,31.475
2020,"IT2279A",2020-06-10,33.556
2020,"IT2279A",2020-06-11,28.41
2020,"IT2279A",2020-06-12,38.069
2020,"IT2279A",2020-06-13,31.471
2020,"IT2279A",2020-06-14,30.903
2020,"IT2279A",2020-06-15,39.654
2020,"IT2279A",2020-06-16,36.457
2020,"IT2279A",2020-06-17,37.505
2020,"IT2279A",2020-06-18,29.715
2020,"IT2279A",2020-06-19,37.662
2020,"IT2279A",2020-06-20,26.814
2020,"IT2279A",2020-06-21,35.863
2020,"IT2279A",2020-06-22,42.789
2020,"IT2279A",2020-06-23,41.978
2020,"IT2279A",2020-06-24,43.962
2020,"IT2279A",2020-06-25,38.94
2020,"IT2279A",2020-06-26,43.271
2020,"IT2279A",2020-06-27,30.162
2020,"IT2279A",2020-06-28,35.156
2020,"IT2279A",2020-06-29,40.034
2020,"IT2279A",2020-06-30,36.34
2020,"IT502A",2020-01-01,59.693
2020,"IT502A",2020-01-02,63.967
2020,"IT502A",2020-01-03,64.488
2020,"IT502A",2020-01-04,56.447
2020,"IT502A",2020-01-05,46.273
2020,"IT502A",2020-01-06,60.052
2020,"IT502A",2020-01-07,70.004
2020,"IT502A",2020-01-08,73.604
2020,"IT502A",2020-01-09,69.614
2020,"IT502A",2020-01-10,77.436
2020,"IT502A",2020-01-11,70.039
2020,"IT502A",2020-01-12,65.4
2020,"IT502A",2020-01-13,72.431
2020,"IT502A",2020-01-14,74.4
2020,"IT502A",2020-01-15,74.301
2020,"IT502A",2020-01-16,71.847
2020,"IT502A",2020-01-17,75.485
2020,"IT502A",2020-01-18,53.611
2020,"IT502A",2020-01-19,44.733
2020,"IT502A",2020-01-20,67.468
2020,"IT502A",2020-01-21,72.691
2020,"IT502A",2020-01-22,77.076
2020,"IT502A",2020-01-23,83.421
2020,"IT502A",2020-01-24,79.075
2020,"IT502A",2020-01-25,69.774
2020,"IT502A",2020-01-26,59.455
2020,"IT502A",2020-01-27,60.11
2020,"IT502A",2020-01-28,58.093
2020,"IT502A",2020-01-29,56.668
2020,"IT502A",2020-01-30,61.325
2020,"IT502A",2020-01-31,62.457
2020,"IT502A",2020-02-01,54.861
2020,"IT502A",2020-02-02,48.943
2020,"IT502A",2020-02-03,61.48
2020,"IT502A",2020-02-04,40.842
2020,"IT502A",2020-02-05,21.205
2020,"IT502A",2020-02-06,60.918
2020,"IT502A",2020-02-07,71.515
2020,"IT502A",2020-02-08,65.362
2020,"IT502A",2020-02-09,61.512
2020,"IT502A",2020-02-10,77.2
2020,"IT502A",2020-02-11,52.274
2020,"IT502A",2020-02-12,56.322
2020,"IT502A",2020-02-13,67.397
2020,"IT502A",2020-02-14,51.053
2020,"IT502A",2020-02-15,60.905
2020,"IT502A",2020-02-16,58.9
2020,"IT502A",2020-02-17,67.671
2020,"IT502A",2020-02-18,58.142
2020,"IT502A",2020-02-19,44.432
2020,"IT502A",2020-02-20,56.468
2020,"IT502A",2020-02-21,49.437
2020,"IT502A",2020-02-22,64.473
2020,"IT502A",2020-02-23,56.24
2020,"IT502A",2020-02-24,57.375
2020,"IT502A",2020-02-25,62.955
2020,"IT502A",2020-02-26,43.435
2020,"IT502A",2020-02-27,41.858
2020,"IT502A",2020-02-28,34.588
2020,"IT502A",2020-02-29,38.688
2020,"IT502A",2020-03-01,33.811
2020,"IT502A",2020-03-02,47.956
2020,"IT502A",2020-03-03,47.8
2020,"IT502A",2020-03-04,39.568
2020,"IT502A",2020-03-05,55.225
2020,"IT502A",2020-03-06,49.007
2020,"IT502A",2020-03-07,34.464
2020,"IT502A",2020-03-08,37.162
2020,"IT502A",2020-03-09,56.807
2020,"IT502A",2020-03-10,51.07
2020,"IT502A",2020-03-11,44.013
2020,"IT502A",2020-03-12,36.511
2020,"IT502A",2020-03-13,30.854
2020,"IT502A",2020-03-14,27.739
2020,"IT502A",2020-03-15,23.534
2020,"IT502A",2020-03-16,27.595
2020,"IT502A",2020-03-17,33.581
2020,"IT502A",2020-03-18,30.813
2020,"IT502A",2020-03-19,31.045
2020,"IT502A",2020-03-20,26.073
2020,"IT502A",2020-03-21,16.845
2020,"IT502A",2020-03-22,9.684
2020,"IT502A",2020-03-23,13.231
2020,"IT502A",2020-03-24,16.677
2020,"IT502A",2020-03-25,21.049
2020,"IT502A",2020-03-26,40.852
2020,"IT502A",2020-03-27,36.226
2020,"IT502A",2020-03-28,21.667
2020,"IT502A",2020-03-29,16.44
2020,"IT502A",2020-03-30,15.219
2020,"IT502A",2020-03-31,11.56
2020,"IT502A",2020-04-01,21.209
2020,"IT502A",2020-04-02,24.627
2020,"IT502A",2020-04-03,25.387
2020,"IT502A",2020-04-04,21.573
2020,"IT502A",2020-04-05,17.387
2020,"IT502A",2020-04-06,24.066
2020,"IT502A",2020-04-07,23.492
2020,"IT502A",2020-04-08,21.072
2020,"IT502A",2020-04-09,23.535
2020,"IT502A",2020-04-10,21.718
2020,"IT502A",2020-04-11,16.605
2020,"IT502A",2020-04-12,11.886
2020,"IT502A",2020-04-13,14.137
2020,"IT502A",2020-04-14,13.312
2020,"IT502A",2020-04-15,16.76
2020,"IT502A",2020-04-16,21.273
2020,"IT502A",2020-04-17,23.54
2020,"IT502A",2020-04-18,18.524
2020,"IT502A",2020-04-19,12.273
2020,"IT502A",2020-04-20,28.439
2020,"IT502A",2020-04-21,20.334
2020,"IT502A",2020-04-22,18.275
2020,"IT502A",2020-04-23,20.039
2020,"IT502A",2020-04-24,21.303
2020,"IT502A",2020-04-25,17.806
2020,"IT502A",2020-04-26,11.993
2020,"IT502A",2020-04-27,26.729
2020,"IT502A",2020-04-28,29.166
2020,"IT502A",2020-04-29,26.591
2020,"IT502A",2020-04-30,19.603
2020,"IT502A",2020-05-01,9.655
2020,"IT502A",2020-05-02,14.547
2020,"IT502A",2020-05-03,6.691
2020,"IT502A",2020-05-04,20.393
2020,"IT502A",2020-05-05,31.275
2020,"IT502A",2020-05-06,20.613
2020,"IT502A",2020-05-07,19.959
2020,"IT502A",2020-05-08,23.283
2020,"IT502A",2020-05-09,18.034
2020,"IT502A",2020-05-10,14.659
2020,"IT502A",2020-05-11,16.409
2020,"IT502A",2020-05-12,15.969
2020,"IT502A",2020-05-13,27.2
2020,"IT502A",2020-05-14,17.61
2020,"IT502A",2020-05-15,25.974
2020,"IT502A",2020-05-16,18.54
2020,"IT502A",2020-05-17,11.089
2020,"IT502A",2020-05-18,19.935
2020,"IT502A",2020-05-19,28.75
2020,"IT502A",2020-05-20,19.206
2020,"IT502A",2020-05-21,22.909
2020,"IT502A",2020-05-22,20.416
2020,"IT502A",2020-05-23,17.992
2020,"IT502A",2020-05-24,8.168
2020,"IT502A",2020-05-25,17.949
2020,"IT502A",2020-05-26,17.655
2020,"IT502A",2020-05-27,19.736
2020,"IT502A",2020-05-28,25.223
2020,"IT502A",2020-05-29,16.774
2020,"IT502A",2020-05-30,19.935
2020,"IT502A",2020-05-31,11.929
2020,"IT502A",2020-06-01,13.357
2020,"IT502A",2020-06-02,13.077
2020,"IT502A",2020-06-03,22.936
2020,"IT502A",2020-06-04,22.83
2020,"IT502A",2020-06-05,21.636
2020,"IT502A",2020-06-06,19.628
2020,"IT502A",2020-06-07,14.549
2020,"IT502A",2020-06-08,21.559
2020,"IT502A",2020-06-09,20.625
2020,"IT502A",2020-06-10,24.989
2020,"IT502A",2020-06-11,23.4
2020,"IT502A",2020-06-12,21.065
2020,"IT502A",2020-06-13,18.126
2020,"IT502A",2020-06-14,14.141
2020,"IT502A",2020-06-15,29.152
2020,"IT502A",2020-06-16,21.647
2020,"IT502A",2020-06-17,28.453
2020,"IT502A",2020-06-18,18.331
2020,"IT502A",2020-06-19,23.428
2020,"IT502A",2020-06-20,16.8
2020,"IT502A",2020-06-21,12.703
2020,"IT502A",2020-06-22,19.153
2020,"IT502A",2020-06-23,28.617
2020,"IT502A",2020-06-24,24.73
2020,"IT502A",2020-06-25,19.855
2020,"IT502A",2020-06-26,29.107
2020,"IT502A",2020-06-27,17.752
2020,"IT502A",2020-06-28,12.849
2020,"IT502A",2020-06-29,26.381
2020,"IT502A",2020-06-30,20.692
