"reporting_year","station_eu_code","date","PM2,5"
2020,"IT0861A",2020-01-01,52
2020,"IT0861A",2020-01-02,45
2020,"IT0861A",2020-01-03,47
2020,"IT0861A",2020-01-04,53
2020,"IT0861A",2020-01-05,30
2020,"IT0861A",2020-01-06,23
2020,"IT0861A",2020-01-07,38
2020,"IT0861A",2020-01-08,33
2020,"IT0861A",2020-01-09,38
2020,"IT0861A",2020-01-10,44
2020,"IT0861A",2020-01-11,25
2020,"IT0861A",2020-01-12,20
2020,"IT0861A",2020-01-13,29
2020,"IT0861A",2020-01-14,44
2020,"IT0861A",2020-01-15,44
2020,"IT0861A",2020-01-16,35
2020,"IT0861A",2020-01-17,38
2020,"IT0861A",2020-01-18,17
2020,"IT0861A",2020-01-19,7
2020,"IT0861A",2020-01-20,7
2020,"IT0861A",2020-01-21,16
2020,"IT0861A",2020-01-22,27
2020,"IT0861A",2020-01-23,33
2020,"IT0861A",2020-01-24,41
2020,"IT0861A",2020-01-25,26
2020,"IT0861A",2020-01-26,28
2020,"IT0861A",2020-01-27,25
2020,"IT0861A",2020-01-28,8
2020,"IT0861A",2020-01-29,10
2020,"IT0861A",2020-01-30,18
2020,"IT0861A",2020-01-31,20
2020,"IT0861A",2020-02-01,14
2020,"IT0861A",2020-02-02,13
2020,"IT0861A",2020-02-03,17
2020,"IT0861A",2020-02-04,12
2020,"IT0861A",2020-02-05,8
2020,"IT0861A",2020-02-06,8
2020,"IT0861A",2020-02-07,18
2020,"IT0861A",2020-02-08,22
2020,"IT0861A",2020-02-09,34
2020,"IT0861A",2020-02-10,14
2020,"IT0861A",2020-02-11,9
2020,"IT0861A",2020-02-12,12
2020,"IT0861A",2020-02-13,11
2020,"IT0861A",2020-02-14,15
2020,"IT0861A",2020-02-15,17
2020,"IT0861A",2020-02-16,20
2020,"IT0861A",2020-02-17,19
2020,"IT0861A",2020-02-19,14
2020,"IT0861A",2020-02-20,16
2020,"IT0861A",2020-02-21,21
2020,"IT0861A",2020-02-22,25
2020,"IT0861A",2020-02-23,13
2020,"IT0861A",2020-02-24,16
2020,"IT0861A",2020-02-25,17
2020,"IT0861A",2020-02-26,9
2020,"IT0861A",2020-02-27,9
2020,"IT0861A",2020-02-28,14
2020,"IT0861A",2020-02-29,21
2020,"IT0861A",2020-03-01,7
2020,"IT0861A",2020-03-02,8
2020,"IT0861A",2020-03-03,8
2020,"IT0861A",2020-03-04,14
2020,"IT0861A",2020-03-05,13
2020,"IT0861A",2020-03-06,6
2020,"IT0861A",2020-03-07,11
2020,"IT0861A",2020-03-08,13
2020,"IT0861A",2020-03-09,16
2020,"IT0861A",2020-03-10,17
2020,"IT0861A",2020-03-11,15
2020,"IT0861A",2020-03-12,27
2020,"IT0861A",2020-03-13,15
2020,"IT0861A",2020-03-14,14
2020,"IT0861A",2020-03-15,6
2020,"IT0861A",2020-03-16,10
2020,"IT0861A",2020-03-17,15
2020,"IT0861A",2020-03-18,16
2020,"IT0861A",2020-03-19,15
2020,"IT0861A",2020-03-20,19
2020,"IT0861A",2020-03-21,19
2020,"IT0861A",2020-03-22,14
2020,"IT0861A",2020-03-23,7
2020,"IT0861A",2020-03-24,9
2020,"IT0861A",2020-03-25,8
2020,"IT0861A",2020-03-26,7
2020,"IT0861A",2020-03-27,11
2020,"IT0861A",2020-03-28,34
2020,"IT0861A",2020-03-29,15
2020,"IT0861A",2020-03-30,13
2020,"IT0861A",2020-03-31,6
2020,"IT0861A",2020-04-02,11
2020,"IT0861A",2020-04-03,12
2020,"IT0861A",2020-04-04,13
2020,"IT0861A",2020-04-05,12
2020,"IT0861A",2020-04-06,18
2020,"IT0861A",2020-04-07,18
2020,"IT0861A",2020-04-08,14
2020,"IT0861A",2020-04-09,15
2020,"IT0861A",2020-04-10,16
2020,"IT0861A",2020-04-11,14
2020,"IT0861A",2020-04-12,12
2020,"IT0861A",2020-04-13,13
2020,"IT0861A",2020-04-14,11
2020,"IT0861A",2020-04-15,6
2020,"IT0861A",2020-04-16,9
2020,"IT0861A",2020-04-17,10
2020,"IT0861A",2020-04-18,12
2020,"IT0861A",2020-04-19,14
2020,"IT0861A",2020-04-20,9
2020,"IT0861A",2020-04-22,11
2020,"IT0861A",2020-04-23,15
2020,"IT0861A",2020-04-24,16
2020,"IT0861A",2020-04-25,11
2020,"IT0861A",2020-04-26,7
2020,"IT0861A",2020-04-27,8
2020,"IT0861A",2020-04-28,7
2020,"IT0861A",2020-04-29,5
2020,"IT0861A",2020-04-30,6
2020,"IT0861A",2020-05-01,5
2020,"IT0861A",2020-05-02,6
2020,"IT0861A",2020-05-03,5
2020,"IT0861A",2020-05-04,5
2020,"IT0861A",2020-05-05,8
2020,"IT0861A",2020-05-06,8
2020,"IT0861A",2020-05-07,8
2020,"IT0861A",2020-05-08,10
2020,"IT0861A",2020-05-09,8
2020,"IT0861A",2020-05-10,9
2020,"IT0861A",2020-05-11,7
2020,"IT0861A",2020-05-12,3
2020,"IT0861A",2020-05-13,9
2020,"IT0861A",2020-05-14,15
2020,"IT0861A",2020-05-15,6
2020,"IT0861A",2020-05-16,9
2020,"IT0861A",2020-05-17,10
2020,"IT0861A",2020-05-18,13
2020,"IT0861A",2020-05-19,18
2020,"IT0861A",2020-05-20,9
2020,"IT0861A",2020-05-22,10
2020,"IT0861A",2020-05-23,9
2020,"IT0861A",2020-05-24,7
2020,"IT0861A",2020-05-25,8
2020,"IT0861A",2020-05-26,6
2020,"IT0861A",2020-05-27,5
2020,"IT0861A",2020-05-28,6
2020,"IT0861A",2020-05-29,5
2020,"IT0861A",2020-05-30,8
2020,"IT0861A",2020-05-31,8
2020,"IT0861A",2020-06-01,6
2020,"IT0861A",2020-06-02,6
2020,"IT0861A",2020-06-03,8
2020,"IT0861A",2020-06-04,9
2020,"IT0861A",2020-06-05,7
2020,"IT0861A",2020-06-06,6
2020,"IT0861A",2020-06-07,7
2020,"IT0861A",2020-06-08,7
2020,"IT0861A",2020-06-09,8
2020,"IT0861A",2020-06-10,8
2020,"IT0861A",2020-06-11,8
2020,"IT0861A",2020-06-12,8
2020,"IT0861A",2020-06-13,8
2020,"IT0861A",2020-06-14,5
2020,"IT0861A",2020-06-15,8
2020,"IT0861A",2020-06-16,9
2020,"IT0861A",2020-06-17,7
2020,"IT0861A",2020-06-18,7
2020,"IT0861A",2020-06-19,7
2020,"IT0861A",2020-06-20,7
2020,"IT0861A",2020-06-21,10
2020,"IT0861A",2020-06-22,10
2020,"IT0861A",2020-06-23,12
2020,"IT0861A",2020-06-24,12
2020,"IT0861A",2020-06-25,13
2020,"IT0861A",2020-06-26,12
2020,"IT0861A",2020-06-27,10
2020,"IT0861A",2020-06-28,11
2020,"IT0861A",2020-06-29,10
2020,"IT0861A",2020-06-30,8
2020,"IT0862A",2020-01-01,64
2020,"IT0862A",2020-01-02,40
2020,"IT0862A",2020-01-03,42
2020,"IT0862A",2020-01-04,54
2020,"IT0862A",2020-01-05,32
2020,"IT0862A",2020-01-06,24
2020,"IT0862A",2020-01-07,36
2020,"IT0862A",2020-01-08,27
2020,"IT0862A",2020-01-09,31
2020,"IT0862A",2020-01-10,39
2020,"IT0862A",2020-01-11,23
2020,"IT0862A",2020-01-12,18
2020,"IT0862A",2020-01-13,32
2020,"IT0862A",2020-01-14,49
2020,"IT0862A",2020-01-15,45
2020,"IT0862A",2020-01-16,37
2020,"IT0862A",2020-01-17,37
2020,"IT0862A",2020-01-18,11
2020,"IT0862A",2020-01-19,4
2020,"IT0862A",2020-01-20,6
2020,"IT0862A",2020-01-21,13
2020,"IT0862A",2020-01-22,28
2020,"IT0862A",2020-01-23,34
2020,"IT0862A",2020-01-24,32
2020,"IT0862A",2020-01-25,20
2020,"IT0862A",2020-01-26,26
2020,"IT0862A",2020-01-27,19
2020,"IT0862A",2020-01-28,7
2020,"IT0862A",2020-01-29,11
2020,"IT0862A",2020-01-30,18
2020,"IT0862A",2020-01-31,15
2020,"IT0862A",2020-02-01,10
2020,"IT0862A",2020-02-02,9
2020,"IT0862A",2020-02-03,12
2020,"IT0862A",2020-02-04,10
2020,"IT0862A",2020-02-05,5
2020,"IT0862A",2020-02-06,7
2020,"IT0862A",2020-02-07,20
2020,"IT0862A",2020-02-08,25
2020,"IT0862A",2020-02-09,37
2020,"IT0862A",2020-02-10,12
2020,"IT0862A",2020-02-11,12
2020,"IT0862A",2020-02-12,11
2020,"IT0862A",2020-02-13,11
2020,"IT0862A",2020-02-14,9
2020,"IT0862A",2020-02-15,15
2020,"IT0862A",2020-02-16,21
2020,"IT0862A",2020-02-17,18
2020,"IT0862A",2020-02-18,11
2020,"IT0862A",2020-02-22,25
2020,"IT0862A",2020-02-23,14
2020,"IT0862A",2020-02-24,14
2020,"IT0862A",2020-02-25,15
2020,"IT0862A",2020-02-26,8
2020,"IT0862A",2020-02-27,6
2020,"IT0862A",2020-02-28,10
2020,"IT0862A",2020-02-29,17
2020,"IT0862A",2020-03-01,7
2020,"IT0862A",2020-03-02,4
2020,"IT0862A",2020-03-03,5
2020,"IT0862A",2020-03-04,7
2020,"IT0862A",2020-03-05,10
2020,"IT0862A",2020-03-06,6
2020,"IT0862A",2020-03-07,6
2020,"IT0862A",2020-03-08,12
2020,"IT0862A",2020-03-09,13
2020,"IT0862A",2020-03-10,12
2020,"IT0862A",2020-03-11,15
2020,"IT0862A",2020-03-12,25
2020,"IT0862A",2020-03-13,13
2020,"IT0862A",2020-03-14,13
2020,"IT0862A",2020-03-15,6
2020,"IT0862A",2020-03-16,8
2020,"IT0862A",2020-03-17,16
2020,"IT0862A",2020-03-18,16
2020,"IT0862A",2020-03-19,16
2020,"IT0862A",2020-03-20,22
2020,"IT0862A",2020-03-21,19
2020,"IT0862A",2020-03-22,13
2020,"IT0862A",2020-03-23,6
2020,"IT0862A",2020-03-24,10
2020,"IT0862A",2020-03-25,8
2020,"IT0862A",2020-03-26,8
2020,"IT0862A",2020-03-27,13
2020,"IT0862A",2020-03-28,35
2020,"IT0862A",2020-03-29,21
2020,"IT0862A",2020-03-30,13
2020,"IT0862A",2020-03-31,5
2020,"IT0862A",2020-04-01,10
2020,"IT0862A",2020-04-02,10
2020,"IT0862A",2020-04-03,12
2020,"IT0862A",2020-04-04,13
2020,"IT0862A",2020-04-05,12
2020,"IT0862A",2020-04-06,18
2020,"IT0862A",2020-04-07,17
2020,"IT0862A",2020-04-08,13
2020,"IT0862A",2020-04-09,14
2020,"IT0862A",2020-04-10,16
2020,"IT0862A",2020-04-11,15
2020,"IT0862A",2020-04-12,13
2020,"IT0862A",2020-04-13,14
2020,"IT0862A",2020-04-14,10
2020,"IT0862A",2020-04-15,6
2020,"IT0862A",2020-04-16,9
2020,"IT0862A",2020-04-17,10
2020,"IT0862A",2020-04-18,13
2020,"IT0862A",2020-04-19,15
2020,"IT0862A",2020-04-20,7
2020,"IT0862A",2020-04-21,8
2020,"IT0862A",2020-04-22,11
2020,"IT0862A",2020-04-23,14
2020,"IT0862A",2020-04-24,16
2020,"IT0862A",2020-04-25,11
2020,"IT0862A",2020-04-26,9
2020,"IT0862A",2020-04-27,8
2020,"IT0862A",2020-04-28,6
2020,"IT0862A",2020-04-29,6
2020,"IT0862A",2020-04-30,6
2020,"IT0862A",2020-05-01,5
2020,"IT0862A",2020-05-02,6
2020,"IT0862A",2020-05-03,4
2020,"IT0862A",2020-05-04,5
2020,"IT0862A",2020-05-05,6
2020,"IT0862A",2020-05-06,6
2020,"IT0862A",2020-05-07,6
2020,"IT0862A",2020-05-08,8
2020,"IT0862A",2020-05-09,7
2020,"IT0862A",2020-05-10,8
2020,"IT0862A",2020-05-11,6
2020,"IT0862A",2020-05-12,5
2020,"IT0862A",2020-05-13,8
2020,"IT0862A",2020-05-14,12
2020,"IT0862A",2020-05-15,7
2020,"IT0862A",2020-05-16,6
2020,"IT0862A",2020-05-17,9
2020,"IT0862A",2020-05-18,11
2020,"IT0862A",2020-05-19,15
2020,"IT0862A",2020-05-21,8
2020,"IT0862A",2020-05-22,9
2020,"IT0862A",2020-05-23,8
2020,"IT0862A",2020-05-24,7
2020,"IT0862A",2020-05-25,5
2020,"IT0862A",2020-05-26,4
2020,"IT0862A",2020-05-27,4
2020,"IT0862A",2020-05-28,5
2020,"IT0862A",2020-05-29,3
2020,"IT0862A",2020-05-30,6
2020,"IT0862A",2020-05-31,8
2020,"IT0862A",2020-06-01,5
2020,"IT0862A",2020-06-02,7
2020,"IT0862A",2020-06-03,7
2020,"IT0862A",2020-06-04,6
2020,"IT0862A",2020-06-05,7
2020,"IT0862A",2020-06-06,6
2020,"IT0862A",2020-06-07,5
2020,"IT0862A",2020-06-08,5
2020,"IT0862A",2020-06-09,6
2020,"IT0862A",2020-06-10,4
2020,"IT0862A",2020-06-11,6
2020,"IT0862A",2020-06-12,7
2020,"IT0862A",2020-06-13,7
2020,"IT0862A",2020-06-14,4
2020,"IT0862A",2020-06-15,8
2020,"IT0862A",2020-06-16,7
2020,"IT0862A",2020-06-17,7
2020,"IT0862A",2020-06-18,5
2020,"IT0862A",2020-06-19,5
2020,"IT0862A",2020-06-20,6
2020,"IT0862A",2020-06-21,9
2020,"IT0862A",2020-06-22,9
2020,"IT0862A",2020-06-23,11
2020,"IT0862A",2020-06-24,12
2020,"IT0862A",2020-06-25,10
2020,"IT0862A",2020-06-26,11
2020,"IT0862A",2020-06-27,10
2020,"IT0862A",2020-06-28,9
2020,"IT0862A",2020-06-29,11
2020,"IT0945A",2020-01-01,121
2020,"IT0945A",2020-01-02,68
2020,"IT0945A",2020-01-03,78
2020,"IT0945A",2020-01-04,70
2020,"IT0945A",2020-01-05,53
2020,"IT0945A",2020-01-06,50
2020,"IT0945A",2020-01-07,58
2020,"IT0945A",2020-01-08,18
2020,"IT0945A",2020-01-09,51
2020,"IT0945A",2020-01-10,63
2020,"IT0945A",2020-01-11,33
2020,"IT0945A",2020-01-12,12
2020,"IT0945A",2020-01-13,35
2020,"IT0945A",2020-01-14,61
2020,"IT0945A",2020-01-15,62
2020,"IT0945A",2020-01-16,40
2020,"IT0945A",2020-01-17,53
2020,"IT0945A",2020-01-18,13
2020,"IT0945A",2020-01-19,4
2020,"IT0945A",2020-01-20,5
2020,"IT0945A",2020-01-21,13
2020,"IT0945A",2020-01-22,38
2020,"IT0945A",2020-01-23,42
2020,"IT0945A",2020-01-24,51
2020,"IT0945A",2020-01-25,20
2020,"IT0945A",2020-01-26,25
2020,"IT0945A",2020-01-28,9
2020,"IT0945A",2020-01-29,11
2020,"IT0945A",2020-01-30,16
2020,"IT0945A",2020-01-31,13
2020,"IT0945A",2020-02-01,10
2020,"IT0945A",2020-02-02,10
2020,"IT0945A",2020-02-03,15
2020,"IT0945A",2020-02-04,10
2020,"IT0945A",2020-02-05,4
2020,"IT0945A",2020-02-06,8
2020,"IT0945A",2020-02-07,20
2020,"IT0945A",2020-02-08,26
2020,"IT0945A",2020-02-09,42
2020,"IT0945A",2020-02-10,16
2020,"IT0945A",2020-02-11,12
2020,"IT0945A",2020-02-12,13
2020,"IT0945A",2020-02-13,13
2020,"IT0945A",2020-02-14,14
2020,"IT0945A",2020-02-15,19
2020,"IT0945A",2020-02-16,20
2020,"IT0945A",2020-02-17,20
2020,"IT0945A",2020-02-18,11
2020,"IT0945A",2020-02-19,16
2020,"IT0945A",2020-02-20,20
2020,"IT0945A",2020-02-21,20
2020,"IT0945A",2020-02-22,20
2020,"IT0945A",2020-02-23,20
2020,"IT0945A",2020-02-24,16
2020,"IT0945A",2020-02-25,22
2020,"IT0945A",2020-02-26,9
2020,"IT0945A",2020-02-27,9
2020,"IT0945A",2020-02-28,10
2020,"IT0945A",2020-02-29,24
2020,"IT0945A",2020-03-01,23
2020,"IT0945A",2020-03-02,6
2020,"IT0945A",2020-03-03,7
2020,"IT0945A",2020-03-04,8
2020,"IT0945A",2020-03-05,17
2020,"IT0945A",2020-03-06,8
2020,"IT0945A",2020-03-07,9
2020,"IT0945A",2020-03-08,9
2020,"IT0945A",2020-03-09,18
2020,"IT0945A",2020-03-10,17
2020,"IT0945A",2020-03-11,16
2020,"IT0945A",2020-03-12,24
2020,"IT0945A",2020-03-13,16
2020,"IT0945A",2020-03-14,15
2020,"IT0945A",2020-03-15,6
2020,"IT0945A",2020-03-16,8
2020,"IT0945A",2020-03-17,19
2020,"IT0945A",2020-03-18,19
2020,"IT0945A",2020-03-20,22
2020,"IT0945A",2020-03-21,24
2020,"IT0945A",2020-03-22,14
2020,"IT0945A",2020-03-23,5
2020,"IT0945A",2020-03-24,8
2020,"IT0945A",2020-03-25,10
2020,"IT0945A",2020-03-26,7
2020,"IT0945A",2020-03-27,13
2020,"IT0945A",2020-03-28,38
2020,"IT0945A",2020-03-29,20
2020,"IT0945A",2020-03-30,13
2020,"IT0945A",2020-03-31,5
2020,"IT0945A",2020-04-01,8
2020,"IT0945A",2020-04-02,12
2020,"IT0945A",2020-04-03,13
2020,"IT0945A",2020-04-04,14
2020,"IT0945A",2020-04-05,11
2020,"IT0945A",2020-04-06,17
2020,"IT0945A",2020-04-07,17
2020,"IT0945A",2020-04-08,12
2020,"IT0945A",2020-04-09,14
2020,"IT0945A",2020-04-10,16
2020,"IT0945A",2020-04-11,16
2020,"IT0945A",2020-04-12,13
2020,"IT0945A",2020-04-13,14
2020,"IT0945A",2020-04-14,10
2020,"IT0945A",2020-04-15,6
2020,"IT0945A",2020-04-16,10
2020,"IT0945A",2020-04-17,11
2020,"IT0945A",2020-04-18,15
2020,"IT0945A",2020-04-19,18
2020,"IT0945A",2020-04-20,9
2020,"IT0945A",2020-04-21,7
2020,"IT0945A",2020-04-22,12
2020,"IT0945A",2020-04-23,14
2020,"IT0945A",2020-04-24,16
2020,"IT0945A",2020-04-25,11
2020,"IT0945A",2020-04-26,8
2020,"IT0945A",2020-04-27,9
2020,"IT0945A",2020-04-28,9
2020,"IT0945A",2020-04-29,6
2020,"IT0945A",2020-04-30,6
2020,"IT0945A",2020-05-01,5
2020,"IT0945A",2020-05-02,7
2020,"IT0945A",2020-05-03,6
2020,"IT0945A",2020-05-04,5
2020,"IT0945A",2020-05-05,7
2020,"IT0945A",2020-05-06,8
2020,"IT0945A",2020-05-07,5
2020,"IT0945A",2020-05-08,10
2020,"IT0945A",2020-05-09,10
2020,"IT0945A",2020-05-10,10
2020,"IT0945A",2020-05-11,7
2020,"IT0945A",2020-05-12,4
2020,"IT0945A",2020-05-13,8
2020,"IT0945A",2020-05-14,13
2020,"IT0945A",2020-05-15,6
2020,"IT0945A",2020-05-16,9
2020,"IT0945A",2020-05-17,8
2020,"IT0945A",2020-05-18,10
2020,"IT0945A",2020-05-19,14
2020,"IT0945A",2020-05-20,7
2020,"IT0945A",2020-05-21,6
2020,"IT0945A",2020-05-22,10
2020,"IT0945A",2020-05-23,9
2020,"IT0945A",2020-05-24,6
2020,"IT0945A",2020-05-25,4
2020,"IT0945A",2020-05-27,5
2020,"IT0945A",2020-05-28,7
2020,"IT0945A",2020-05-29,4
2020,"IT0945A",2020-05-30,8
2020,"IT0945A",2020-05-31,10
2020,"IT0945A",2020-06-01,8
2020,"IT0945A",2020-06-02,7
2020,"IT0945A",2020-06-03,9
2020,"IT0945A",2020-06-04,9
2020,"IT0945A",2020-06-05,8
2020,"IT0945A",2020-06-06,8
2020,"IT0945A",2020-06-07,7
2020,"IT0945A",2020-06-08,7
2020,"IT0945A",2020-06-09,8
2020,"IT0945A",2020-06-10,5
2020,"IT0945A",2020-06-11,8
2020,"IT0945A",2020-06-12,8
2020,"IT0945A",2020-06-13,7
2020,"IT0945A",2020-06-14,5
2020,"IT0945A",2020-06-15,8
2020,"IT0945A",2020-06-16,7
2020,"IT0945A",2020-06-17,8
2020,"IT0945A",2020-06-18,8
2020,"IT0945A",2020-06-19,6
2020,"IT0945A",2020-06-20,6
2020,"IT0945A",2020-06-21,9
2020,"IT0945A",2020-06-22,9
2020,"IT0945A",2020-06-23,11
2020,"IT0945A",2020-06-24,12
2020,"IT0945A",2020-06-25,12
2020,"IT0945A",2020-06-26,11
2020,"IT0945A",2020-06-27,11
2020,"IT0945A",2020-06-28,12
2020,"IT0945A",2020-06-29,12
2020,"IT0945A",2020-06-30,9
2020,"IT0950A",2020-01-01,50
2020,"IT0950A",2020-01-02,35
2020,"IT0950A",2020-01-03,34
2020,"IT0950A",2020-01-04,31
2020,"IT0950A",2020-01-05,15
2020,"IT0950A",2020-01-06,15
2020,"IT0950A",2020-01-07,34
2020,"IT0950A",2020-01-08,22
2020,"IT0950A",2020-01-09,36
2020,"IT0950A",2020-01-10,41
2020,"IT0950A",2020-01-11,29
2020,"IT0950A",2020-01-12,24
2020,"IT0950A",2020-01-13,31
2020,"IT0950A",2020-01-14,52
2020,"IT0950A",2020-01-15,47
2020,"IT0950A",2020-01-16,36
2020,"IT0950A",2020-01-17,38
2020,"IT0950A",2020-01-18,25
2020,"IT0950A",2020-01-19,8
2020,"IT0950A",2020-01-20,6
2020,"IT0950A",2020-01-21,23
2020,"IT0950A",2020-01-22,32
2020,"IT0950A",2020-01-23,40
2020,"IT0950A",2020-01-24,45
2020,"IT0950A",2020-01-25,32
2020,"IT0950A",2020-01-26,23
2020,"IT0950A",2020-01-27,28
2020,"IT0950A",2020-01-28,8
2020,"IT0950A",2020-01-29,10
2020,"IT0950A",2020-01-30,23
2020,"IT0950A",2020-01-31,24
2020,"IT0950A",2020-02-01,14
2020,"IT0950A",2020-02-02,8
2020,"IT0950A",2020-02-03,13
2020,"IT0950A",2020-02-04,13
2020,"IT0950A",2020-02-05,4
2020,"IT0950A",2020-02-06,9
2020,"IT0950A",2020-02-07,20
2020,"IT0950A",2020-02-08,26
2020,"IT0950A",2020-02-09,34
2020,"IT0950A",2020-02-10,8
2020,"IT0950A",2020-02-11,8
2020,"IT0950A",2020-02-12,16
2020,"IT0950A",2020-02-13,12
2020,"IT0950A",2020-02-14,9
2020,"IT0950A",2020-02-15,15
2020,"IT0950A",2020-02-16,20
2020,"IT0950A",2020-02-17,14
2020,"IT0950A",2020-02-18,14
2020,"IT0950A",2020-02-19,18
2020,"IT0950A",2020-02-20,15
2020,"IT0950A",2020-02-21,22
2020,"IT0950A",2020-02-22,25
2020,"IT0950A",2020-02-23,16
2020,"IT0950A",2020-02-24,19
2020,"IT0950A",2020-02-25,16
2020,"IT0950A",2020-02-26,7
2020,"IT0950A",2020-02-27,6
2020,"IT0950A",2020-02-28,7
2020,"IT0950A",2020-02-29,11
2020,"IT0950A",2020-03-01,7
2020,"IT0950A",2020-03-02,5
2020,"IT0950A",2020-03-04,10
2020,"IT0950A",2020-03-05,8
2020,"IT0950A",2020-03-06,6
2020,"IT0950A",2020-03-07,8
2020,"IT0950A",2020-03-08,9
2020,"IT0950A",2020-03-09,11
2020,"IT0950A",2020-03-10,10
2020,"IT0950A",2020-03-11,13
2020,"IT0950A",2020-03-12,27
2020,"IT0950A",2020-03-13,19
2020,"IT0950A",2020-03-14,14
2020,"IT0950A",2020-03-15,6
2020,"IT0950A",2020-03-16,11
2020,"IT0950A",2020-03-17,20
2020,"IT0950A",2020-03-18,14
2020,"IT0950A",2020-03-19,14
2020,"IT0950A",2020-03-20,21
2020,"IT0950A",2020-03-21,21
2020,"IT0950A",2020-03-22,14
2020,"IT0950A",2020-03-23,8
2020,"IT0950A",2020-03-24,9
2020,"IT0950A",2020-03-25,8
2020,"IT0950A",2020-03-26,5
2020,"IT0950A",2020-03-27,9
2020,"IT0950A",2020-03-28,34
2020,"IT0950A",2020-03-29,22
2020,"IT0950A",2020-03-30,13
2020,"IT0950A",2020-03-31,6
2020,"IT0950A",2020-04-01,8
2020,"IT0950A",2020-04-02,12
2020,"IT0950A",2020-04-03,13
2020,"IT0950A",2020-04-04,12
2020,"IT0950A",2020-04-05,12
2020,"IT0950A",2020-04-06,17
2020,"IT0950A",2020-04-07,16
2020,"IT0950A",2020-04-08,14
2020,"IT0950A",2020-04-09,13
2020,"IT0950A",2020-04-10,14
2020,"IT0950A",2020-04-11,15
2020,"IT0950A",2020-04-12,14
2020,"IT0950A",2020-04-13,13
2020,"IT0950A",2020-04-14,9
2020,"IT0950A",2020-04-15,6
2020,"IT0950A",2020-04-16,7
2020,"IT0950A",2020-04-17,7
2020,"IT0950A",2020-04-18,11
2020,"IT0950A",2020-04-19,12
2020,"IT0950A",2020-04-20,6
2020,"IT0950A",2020-04-21,5
2020,"IT0950A",2020-04-22,9
2020,"IT0950A",2020-04-23,13
2020,"IT0950A",2020-04-24,13
2020,"IT0950A",2020-04-25,11
2020,"IT0950A",2020-04-26,6
2020,"IT0950A",2020-04-27,7
2020,"IT0950A",2020-04-28,6
2020,"IT0950A",2020-04-29,4
2020,"IT0950A",2020-04-30,4
2020,"IT0950A",2020-05-01,5
2020,"IT0950A",2020-05-02,4
2020,"IT0950A",2020-05-03,5
2020,"IT0950A",2020-05-04,5
2020,"IT0950A",2020-05-05,5
2020,"IT0950A",2020-05-06,5
2020,"IT0950A",2020-05-07,5
2020,"IT0950A",2020-05-08,6
2020,"IT0950A",2020-05-09,6
2020,"IT0950A",2020-05-10,7
2020,"IT0950A",2020-05-11,6
2020,"IT0950A",2020-05-12,4
2020,"IT0950A",2020-05-13,7
2020,"IT0950A",2020-05-14,11
2020,"IT0950A",2020-05-15,6
2020,"IT0950A",2020-05-16,6
2020,"IT0950A",2020-05-17,10
2020,"IT0950A",2020-05-18,10
2020,"IT0950A",2020-05-19,11
2020,"IT0950A",2020-05-20,6
2020,"IT0950A",2020-05-21,6
2020,"IT0950A",2020-05-22,8
2020,"IT0950A",2020-05-23,9
2020,"IT0950A",2020-05-24,6
2020,"IT0950A",2020-05-25,4
2020,"IT0950A",2020-05-26,4
2020,"IT0950A",2020-05-27,4
2020,"IT0950A",2020-05-28,5
2020,"IT0950A",2020-05-29,3
2020,"IT0950A",2020-05-30,6
2020,"IT0950A",2020-05-31,6
2020,"IT0950A",2020-06-01,5
2020,"IT0950A",2020-06-02,6
2020,"IT0950A",2020-06-03,7
2020,"IT0950A",2020-06-04,5
2020,"IT0950A",2020-06-05,4
2020,"IT0950A",2020-06-06,5
2020,"IT0950A",2020-06-07,5
2020,"IT0950A",2020-06-08,4
2020,"IT0950A",2020-06-09,5
2020,"IT0950A",2020-06-10,4
2020,"IT0950A",2020-06-11,3
2020,"IT0950A",2020-06-12,5
2020,"IT0950A",2020-06-13,5
2020,"IT0950A",2020-06-14,3
2020,"IT0950A",2020-06-15,5
2020,"IT0950A",2020-06-16,4
2020,"IT0950A",2020-06-17,6
2020,"IT0950A",2020-06-18,5
2020,"IT0950A",2020-06-19,5
2020,"IT0950A",2020-06-20,5
2020,"IT0950A",2020-06-21,6
2020,"IT0950A",2020-06-22,6
2020,"IT0950A",2020-06-27,9
2020,"IT0950A",2020-06-28,10
2020,"IT0950A",2020-06-29,9
2020,"IT0950A",2020-06-30,8
2020,"IT1110A",2020-01-01,73
2020,"IT1110A",2020-01-02,54
2020,"IT1110A",2020-01-03,63
2020,"IT1110A",2020-01-04,42
2020,"IT1110A",2020-01-05,38
2020,"IT1110A",2020-01-06,25
2020,"IT1110A",2020-01-07,45
2020,"IT1110A",2020-01-08,44
2020,"IT1110A",2020-01-09,43
2020,"IT1110A",2020-01-10,39
2020,"IT1110A",2020-01-11,25
2020,"IT1110A",2020-01-12,20
2020,"IT1110A",2020-01-13,33
2020,"IT1110A",2020-01-14,34
2020,"IT1110A",2020-01-15,33
2020,"IT1110A",2020-01-16,33
2020,"IT1110A",2020-01-17,40
2020,"IT1110A",2020-01-18,14
2020,"IT1110A",2020-01-19,11
2020,"IT1110A",2020-01-20,5
2020,"IT1110A",2020-01-21,14
2020,"IT1110A",2020-01-22,26
2020,"IT1110A",2020-01-23,38
2020,"IT1110A",2020-01-24,29
2020,"IT1110A",2020-01-25,15
2020,"IT1110A",2020-01-26,24
2020,"IT1110A",2020-01-27,25
2020,"IT1110A",2020-01-28,7
2020,"IT1110A",2020-01-29,8
2020,"IT1110A",2020-01-30,11
2020,"IT1110A",2020-01-31,10
2020,"IT1110A",2020-02-04,12
2020,"IT1110A",2020-02-05,4
2020,"IT1110A",2020-02-06,11
2020,"IT1110A",2020-02-07,24
2020,"IT1110A",2020-02-08,26
2020,"IT1110A",2020-02-09,29
2020,"IT1110A",2020-02-10,12
2020,"IT1110A",2020-02-11,9
2020,"IT1110A",2020-02-12,11
2020,"IT1110A",2020-02-13,10
2020,"IT1110A",2020-02-14,10
2020,"IT1110A",2020-02-15,20
2020,"IT1110A",2020-02-16,21
2020,"IT1110A",2020-02-17,14
2020,"IT1110A",2020-02-18,7
2020,"IT1110A",2020-02-19,12
2020,"IT1110A",2020-02-20,19
2020,"IT1110A",2020-02-21,19
2020,"IT1110A",2020-02-22,28
2020,"IT1110A",2020-02-23,21
2020,"IT1110A",2020-02-24,15
2020,"IT1110A",2020-02-25,19
2020,"IT1110A",2020-02-26,7
2020,"IT1110A",2020-02-27,5
2020,"IT1110A",2020-02-28,9
2020,"IT1110A",2020-02-29,12
2020,"IT1110A",2020-03-01,6
2020,"IT1110A",2020-03-02,6
2020,"IT1110A",2020-03-06,5
2020,"IT1110A",2020-03-07,10
2020,"IT1110A",2020-03-08,13
2020,"IT1110A",2020-03-09,18
2020,"IT1110A",2020-03-10,17
2020,"IT1110A",2020-03-11,18
2020,"IT1110A",2020-03-12,21
2020,"IT1110A",2020-03-13,16
2020,"IT1110A",2020-03-14,18
2020,"IT1110A",2020-03-15,6
2020,"IT1110A",2020-03-16,13
2020,"IT1110A",2020-03-17,22
2020,"IT1110A",2020-03-18,27
2020,"IT1110A",2020-03-19,22
2020,"IT1110A",2020-03-20,24
2020,"IT1110A",2020-03-21,23
2020,"IT1110A",2020-03-22,18
2020,"IT1110A",2020-03-23,6
2020,"IT1110A",2020-03-24,7
2020,"IT1110A",2020-03-25,8
2020,"IT1110A",2020-03-26,4
2020,"IT1110A",2020-03-27,6
2020,"IT1110A",2020-03-28,20
2020,"IT1110A",2020-03-29,18
2020,"IT1110A",2020-03-30,16
2020,"IT1110A",2020-03-31,7
2020,"IT1110A",2020-04-01,8
2020,"IT1110A",2020-04-02,13
2020,"IT1110A",2020-04-03,17
2020,"IT1110A",2020-04-04,16
2020,"IT1110A",2020-04-05,13
2020,"IT1110A",2020-04-06,18
2020,"IT1110A",2020-04-07,20
2020,"IT1110A",2020-04-08,17
2020,"IT1110A",2020-04-09,17
2020,"IT1110A",2020-04-10,18
2020,"IT1110A",2020-04-11,17
2020,"IT1110A",2020-04-12,14
2020,"IT1110A",2020-04-13,15
2020,"IT1110A",2020-04-14,9
2020,"IT1110A",2020-04-15,7
2020,"IT1110A",2020-04-16,11
2020,"IT1110A",2020-04-17,10
2020,"IT1110A",2020-04-18,13
2020,"IT1110A",2020-04-19,12
2020,"IT1110A",2020-04-20,6
2020,"IT1110A",2020-04-21,6
2020,"IT1110A",2020-04-22,11
2020,"IT1110A",2020-04-23,14
2020,"IT1110A",2020-04-24,14
2020,"IT1110A",2020-04-25,10
2020,"IT1110A",2020-04-26,8
2020,"IT1110A",2020-04-27,7
2020,"IT1110A",2020-04-28,6
2020,"IT1110A",2020-04-29,6
2020,"IT1110A",2020-04-30,4
2020,"IT1110A",2020-05-01,5
2020,"IT1110A",2020-05-02,5
2020,"IT1110A",2020-05-03,7
2020,"IT1110A",2020-05-04,6
2020,"IT1110A",2020-05-05,7
2020,"IT1110A",2020-05-06,8
2020,"IT1110A",2020-05-07,8
2020,"IT1110A",2020-05-08,10
2020,"IT1110A",2020-05-09,8
2020,"IT1110A",2020-05-10,9
2020,"IT1110A",2020-05-11,5
2020,"IT1110A",2020-05-12,4
2020,"IT1110A",2020-05-13,7
2020,"IT1110A",2020-05-14,12
2020,"IT1110A",2020-05-15,4
2020,"IT1110A",2020-05-16,7
2020,"IT1110A",2020-05-17,8
2020,"IT1110A",2020-05-18,13
2020,"IT1110A",2020-05-19,10
2020,"IT1110A",2020-05-20,7
2020,"IT1110A",2020-05-21,9
2020,"IT1110A",2020-05-22,9
2020,"IT1110A",2020-05-23,9
2020,"IT1110A",2020-05-24,9
2020,"IT1110A",2020-05-25,6
2020,"IT1110A",2020-05-26,8
2020,"IT1110A",2020-05-27,5
2020,"IT1110A",2020-05-28,6
2020,"IT1110A",2020-05-29,4
2020,"IT1110A",2020-05-30,8
2020,"IT1110A",2020-05-31,9
2020,"IT1110A",2020-06-01,10
2020,"IT1110A",2020-06-02,10
2020,"IT1110A",2020-06-03,6
2020,"IT1110A",2020-06-05,6
2020,"IT1110A",2020-06-06,4
2020,"IT1110A",2020-06-07,6
2020,"IT1110A",2020-06-08,6
2020,"IT1110A",2020-06-09,7
2020,"IT1110A",2020-06-10,3
2020,"IT1110A",2020-06-11,5
2020,"IT1110A",2020-06-12,5
2020,"IT1110A",2020-06-13,6
2020,"IT1110A",2020-06-14,3
2020,"IT1110A",2020-06-15,6
2020,"IT1110A",2020-06-16,7
2020,"IT1110A",2020-06-17,6
2020,"IT1110A",2020-06-18,5
2020,"IT1110A",2020-06-19,5
2020,"IT1110A",2020-06-20,7
2020,"IT1110A",2020-06-21,7
2020,"IT1110A",2020-06-22,10
2020,"IT1110A",2020-06-23,12
2020,"IT1110A",2020-06-24,11
2020,"IT1110A",2020-06-25,10
2020,"IT1110A",2020-06-26,11
2020,"IT1110A",2020-06-27,11
2020,"IT1110A",2020-06-28,10
2020,"IT1110A",2020-06-29,10
2020,"IT1110A",2020-06-30,9
2020,"IT1186A",2020-01-01,80
2020,"IT1186A",2020-01-02,62
2020,"IT1186A",2020-01-03,67
2020,"IT1186A",2020-01-04,55
2020,"IT1186A",2020-01-05,42
2020,"IT1186A",2020-01-06,33
2020,"IT1186A",2020-01-07,53
2020,"IT1186A",2020-01-08,57
2020,"IT1186A",2020-01-09,49
2020,"IT1186A",2020-01-10,28
2020,"IT1186A",2020-01-11,32
2020,"IT1186A",2020-01-12,30
2020,"IT1186A",2020-01-13,38
2020,"IT1186A",2020-01-14,18
2020,"IT1186A",2020-01-15,24
2020,"IT1186A",2020-01-16,33
2020,"IT1186A",2020-01-17,33
2020,"IT1186A",2020-01-18,17
2020,"IT1186A",2020-01-19,13
2020,"IT1186A",2020-01-20,7
2020,"IT1186A",2020-01-21,22
2020,"IT1186A",2020-01-22,35
2020,"IT1186A",2020-01-23,45
2020,"IT1186A",2020-01-24,26
2020,"IT1186A",2020-01-25,32
2020,"IT1186A",2020-01-26,33
2020,"IT1186A",2020-01-27,23
2020,"IT1186A",2020-01-28,10
2020,"IT1186A",2020-01-29,14
2020,"IT1186A",2020-01-30,9
2020,"IT1186A",2020-01-31,11
2020,"IT1186A",2020-02-01,8
2020,"IT1186A",2020-02-02,12
2020,"IT1186A",2020-02-03,14
2020,"IT1186A",2020-02-04,17
2020,"IT1186A",2020-02-05,5
2020,"IT1186A",2020-02-06,17
2020,"IT1186A",2020-02-07,30
2020,"IT1186A",2020-02-08,27
2020,"IT1186A",2020-02-09,21
2020,"IT1186A",2020-02-10,13
2020,"IT1186A",2020-02-11,17
2020,"IT1186A",2020-02-12,13
2020,"IT1186A",2020-02-13,7
2020,"IT1186A",2020-02-14,19
2020,"IT1186A",2020-02-15,27
2020,"IT1186A",2020-02-16,26
2020,"IT1186A",2020-02-17,13
2020,"IT1186A",2020-02-18,12
2020,"IT1186A",2020-02-19,15
2020,"IT1186A",2020-02-20,19
2020,"IT1186A",2020-02-21,25
2020,"IT1186A",2020-02-22,32
2020,"IT1186A",2020-02-23,25
2020,"IT1186A",2020-02-24,18
2020,"IT1186A",2020-02-25,14
2020,"IT1186A",2020-02-26,12
2020,"IT1186A",2020-02-27,6
2020,"IT1186A",2020-02-28,12
2020,"IT1186A",2020-02-29,10
2020,"IT1186A",2020-03-01,8
2020,"IT1186A",2020-03-02,6
2020,"IT1186A",2020-03-03,5
2020,"IT1186A",2020-03-04,14
2020,"IT1186A",2020-03-05,11
2020,"IT1186A",2020-03-06,9
2020,"IT1186A",2020-03-07,16
2020,"IT1186A",2020-03-08,22
2020,"IT1186A",2020-03-09,20
2020,"IT1186A",2020-03-10,24
2020,"IT1186A",2020-03-11,23
2020,"IT1186A",2020-03-12,19
2020,"IT1186A",2020-03-13,20
2020,"IT1186A",2020-03-14,16
2020,"IT1186A",2020-03-15,12
2020,"IT1186A",2020-03-16,20
2020,"IT1186A",2020-03-17,28
2020,"IT1186A",2020-03-18,32
2020,"IT1186A",2020-03-19,27
2020,"IT1186A",2020-03-20,33
2020,"IT1186A",2020-03-21,34
2020,"IT1186A",2020-03-22,24
2020,"IT1186A",2020-03-23,9
2020,"IT1186A",2020-03-24,8
2020,"IT1186A",2020-03-25,9
2020,"IT1186A",2020-03-28,26
2020,"IT1186A",2020-03-29,18
2020,"IT1186A",2020-03-31,7
2020,"IT1186A",2020-04-01,9
2020,"IT1186A",2020-04-02,17
2020,"IT1186A",2020-04-03,18
2020,"IT1186A",2020-04-04,20
2020,"IT1186A",2020-04-05,19
2020,"IT1186A",2020-04-06,20
2020,"IT1186A",2020-04-07,24
2020,"IT1186A",2020-04-08,18
2020,"IT1186A",2020-04-09,15
2020,"IT1186A",2020-04-10,20
2020,"IT1186A",2020-04-11,19
2020,"IT1186A",2020-04-12,16
2020,"IT1186A",2020-04-13,15
2020,"IT1186A",2020-04-14,9
2020,"IT1186A",2020-04-15,9
2020,"IT1186A",2020-04-16,10
2020,"IT1186A",2020-04-17,9
2020,"IT1186A",2020-04-18,11
2020,"IT1186A",2020-04-19,13
2020,"IT1186A",2020-04-20,8
2020,"IT1186A",2020-04-21,7
2020,"IT1186A",2020-04-22,14
2020,"IT1186A",2020-04-23,12
2020,"IT1186A",2020-04-24,15
2020,"IT1186A",2020-04-25,13
2020,"IT1186A",2020-04-26,8
2020,"IT1186A",2020-04-27,8
2020,"IT1186A",2020-04-28,7
2020,"IT1186A",2020-04-29,7
2020,"IT1186A",2020-04-30,5
2020,"IT1186A",2020-05-01,7
2020,"IT1186A",2020-05-02,6
2020,"IT1186A",2020-05-03,6
2020,"IT1186A",2020-05-04,5
2020,"IT1186A",2020-05-05,6
2020,"IT1186A",2020-05-06,5
2020,"IT1186A",2020-05-07,9
2020,"IT1186A",2020-05-08,9
2020,"IT1186A",2020-05-09,6
2020,"IT1186A",2020-05-10,7
2020,"IT1186A",2020-05-11,5
2020,"IT1186A",2020-05-12,3
2020,"IT1186A",2020-05-13,9
2020,"IT1186A",2020-05-14,11
2020,"IT1186A",2020-05-15,5
2020,"IT1186A",2020-05-16,9
2020,"IT1186A",2020-05-17,9
2020,"IT1186A",2020-05-18,12
2020,"IT1186A",2020-05-19,12
2020,"IT1186A",2020-05-20,9
2020,"IT1186A",2020-05-21,11
2020,"IT1186A",2020-05-22,10
2020,"IT1186A",2020-05-23,12
2020,"IT1186A",2020-05-24,7
2020,"IT1186A",2020-05-26,8
2020,"IT1186A",2020-05-27,5
2020,"IT1186A",2020-05-29,6
2020,"IT1186A",2020-05-30,8
2020,"IT1186A",2020-05-31,9
2020,"IT1186A",2020-06-01,10
2020,"IT1186A",2020-06-02,10
2020,"IT1186A",2020-06-03,6
2020,"IT1186A",2020-06-04,7
2020,"IT1186A",2020-06-05,7
2020,"IT1186A",2020-06-06,5
2020,"IT1186A",2020-06-07,5
2020,"IT1186A",2020-06-08,6
2020,"IT1186A",2020-06-09,5
2020,"IT1186A",2020-06-10,4
2020,"IT1186A",2020-06-11,5
2020,"IT1186A",2020-06-12,5
2020,"IT1186A",2020-06-13,5
2020,"IT1186A",2020-06-14,3
2020,"IT1186A",2020-06-15,6
2020,"IT1186A",2020-06-16,7
2020,"IT1186A",2020-06-17,5
2020,"IT1186A",2020-06-18,5
2020,"IT1186A",2020-06-19,4
2020,"IT1186A",2020-06-20,6
2020,"IT1186A",2020-06-21,7
2020,"IT1186A",2020-06-22,8
2020,"IT1186A",2020-06-23,9
2020,"IT1186A",2020-06-24,11
2020,"IT1186A",2020-06-25,10
2020,"IT1186A",2020-06-26,10
2020,"IT1186A",2020-06-27,11
2020,"IT1186A",2020-06-28,10
2020,"IT1186A",2020-06-29,9
2020,"IT1187A",2020-01-01,122
2020,"IT1187A",2020-01-02,99
2020,"IT1187A",2020-01-03,97
2020,"IT1187A",2020-01-04,71
2020,"IT1187A",2020-01-05,60
2020,"IT1187A",2020-01-06,69
2020,"IT1187A",2020-01-07,92
2020,"IT1187A",2020-01-08,82
2020,"IT1187A",2020-01-09,83
2020,"IT1187A",2020-01-10,84
2020,"IT1187A",2020-01-11,57
2020,"IT1187A",2020-01-12,42
2020,"IT1187A",2020-01-13,60
2020,"IT1187A",2020-01-14,79
2020,"IT1187A",2020-01-15,61
2020,"IT1187A",2020-01-16,52
2020,"IT1187A",2020-01-17,55
2020,"IT1187A",2020-01-18,37
2020,"IT1187A",2020-01-19,17
2020,"IT1187A",2020-01-20,10
2020,"IT1187A",2020-01-21,40
2020,"IT1187A",2020-01-22,58
2020,"IT1187A",2020-01-23,67
2020,"IT1187A",2020-01-24,66
2020,"IT1187A",2020-01-25,30
2020,"IT1187A",2020-01-26,49
2020,"IT1187A",2020-01-27,43
2020,"IT1187A",2020-01-28,9
2020,"IT1187A",2020-01-29,15
2020,"IT1187A",2020-01-30,17
2020,"IT1187A",2020-01-31,26
2020,"IT1187A",2020-02-01,17
2020,"IT1187A",2020-02-02,16
2020,"IT1187A",2020-02-03,26
2020,"IT1187A",2020-02-04,19
2020,"IT1187A",2020-02-05,5
2020,"IT1187A",2020-02-06,27
2020,"IT1187A",2020-02-07,41
2020,"IT1187A",2020-02-08,46
2020,"IT1187A",2020-02-09,68
2020,"IT1187A",2020-02-10,26
2020,"IT1187A",2020-02-11,13
2020,"IT1187A",2020-02-12,21
2020,"IT1187A",2020-02-13,14
2020,"IT1187A",2020-02-14,17
2020,"IT1187A",2020-02-15,30
2020,"IT1187A",2020-02-16,28
2020,"IT1187A",2020-02-17,20
2020,"IT1187A",2020-02-18,13
2020,"IT1187A",2020-02-19,16
2020,"IT1187A",2020-02-20,26
2020,"IT1187A",2020-02-21,32
2020,"IT1187A",2020-02-22,37
2020,"IT1187A",2020-02-23,22
2020,"IT1187A",2020-02-24,27
2020,"IT1187A",2020-02-25,40
2020,"IT1187A",2020-02-26,8
2020,"IT1187A",2020-02-27,7
2020,"IT1187A",2020-02-28,16
2020,"IT1187A",2020-02-29,44
2020,"IT1187A",2020-03-01,24
2020,"IT1187A",2020-03-02,7
2020,"IT1187A",2020-03-03,10
2020,"IT1187A",2020-03-04,25
2020,"IT1187A",2020-03-05,28
2020,"IT1187A",2020-03-06,10
2020,"IT1187A",2020-03-07,24
2020,"IT1187A",2020-03-08,26
2020,"IT1187A",2020-03-09,37
2020,"IT1187A",2020-03-10,27
2020,"IT1187A",2020-03-11,24
2020,"IT1187A",2020-03-12,35
2020,"IT1187A",2020-03-13,31
2020,"IT1187A",2020-03-14,23
2020,"IT1187A",2020-03-15,15
2020,"IT1187A",2020-03-16,26
2020,"IT1187A",2020-03-18,43
2020,"IT1187A",2020-03-19,30
2020,"IT1187A",2020-03-20,37
2020,"IT1187A",2020-03-21,37
2020,"IT1187A",2020-03-22,27
2020,"IT1187A",2020-03-23,8
2020,"IT1187A",2020-03-24,11
2020,"IT1187A",2020-03-25,10
2020,"IT1187A",2020-03-26,9
2020,"IT1187A",2020-03-27,12
2020,"IT1187A",2020-03-28,33
2020,"IT1187A",2020-03-29,23
2020,"IT1187A",2020-03-30,22
2020,"IT1187A",2020-03-31,6
2020,"IT1187A",2020-04-01,10
2020,"IT1187A",2020-04-02,19
2020,"IT1187A",2020-04-03,29
2020,"IT1187A",2020-04-04,27
2020,"IT1187A",2020-04-05,20
2020,"IT1187A",2020-04-06,24
2020,"IT1187A",2020-04-07,27
2020,"IT1187A",2020-04-08,21
2020,"IT1187A",2020-04-09,23
2020,"IT1187A",2020-04-10,24
2020,"IT1187A",2020-04-11,21
2020,"IT1187A",2020-04-12,15
2020,"IT1187A",2020-04-13,16
2020,"IT1187A",2020-04-14,9
2020,"IT1187A",2020-04-15,11
2020,"IT1187A",2020-04-16,20
2020,"IT1187A",2020-04-17,20
2020,"IT1187A",2020-04-18,24
2020,"IT1187A",2020-04-19,22
2020,"IT1187A",2020-04-20,11
2020,"IT1187A",2020-04-21,8
2020,"IT1187A",2020-04-22,12
2020,"IT1187A",2020-04-23,15
2020,"IT1187A",2020-04-24,17
2020,"IT1187A",2020-04-25,11
2020,"IT1187A",2020-04-26,9
2020,"IT1187A",2020-04-27,9
2020,"IT1187A",2020-04-28,9
2020,"IT1187A",2020-04-29,4
2020,"IT1187A",2020-04-30,5
2020,"IT1187A",2020-05-01,5
2020,"IT1187A",2020-05-02,6
2020,"IT1187A",2020-05-03,7
2020,"IT1187A",2020-05-04,5
2020,"IT1187A",2020-05-05,7
2020,"IT1187A",2020-05-06,8
2020,"IT1187A",2020-05-07,9
2020,"IT1187A",2020-05-08,10
2020,"IT1187A",2020-05-09,8
2020,"IT1187A",2020-05-10,9
2020,"IT1187A",2020-05-11,5
2020,"IT1187A",2020-05-12,3
2020,"IT1187A",2020-05-13,6
2020,"IT1187A",2020-05-14,9
2020,"IT1187A",2020-05-15,4
2020,"IT1187A",2020-05-16,10
2020,"IT1187A",2020-05-17,11
2020,"IT1187A",2020-05-18,12
2020,"IT1187A",2020-05-19,10
2020,"IT1187A",2020-05-20,7
2020,"IT1187A",2020-05-21,8
2020,"IT1187A",2020-05-22,8
2020,"IT1187A",2020-05-23,9
2020,"IT1187A",2020-05-24,9
2020,"IT1187A",2020-05-25,8
2020,"IT1187A",2020-05-26,6
2020,"IT1187A",2020-05-27,5
2020,"IT1187A",2020-05-28,6
2020,"IT1187A",2020-05-29,4
2020,"IT1187A",2020-05-30,8
2020,"IT1187A",2020-05-31,9
2020,"IT1187A",2020-06-01,8
2020,"IT1187A",2020-06-02,9
2020,"IT1187A",2020-06-03,6
2020,"IT1187A",2020-06-04,7
2020,"IT1187A",2020-06-05,6
2020,"IT1187A",2020-06-06,5
2020,"IT1187A",2020-06-07,5
2020,"IT1187A",2020-06-08,6
2020,"IT1187A",2020-06-09,5
2020,"IT1187A",2020-06-10,4
2020,"IT1187A",2020-06-12,5
2020,"IT1187A",2020-06-13,7
2020,"IT1187A",2020-06-14,3
2020,"IT1187A",2020-06-15,6
2020,"IT1187A",2020-06-16,7
2020,"IT1187A",2020-06-17,6
2020,"IT1187A",2020-06-18,5
2020,"IT1187A",2020-06-19,5
2020,"IT1187A",2020-06-20,6
2020,"IT1187A",2020-06-21,7
2020,"IT1187A",2020-06-22,8
2020,"IT1187A",2020-06-23,10
2020,"IT1187A",2020-06-24,10
2020,"IT1187A",2020-06-25,11
2020,"IT1187A",2020-06-26,10
2020,"IT1187A",2020-06-27,10
2020,"IT1187A",2020-06-28,10
2020,"IT1187A",2020-06-29,10
2020,"IT1187A",2020-06-30,8
2020,"IT1409A",2020-01-01,78
2020,"IT1409A",2020-01-02,60
2020,"IT1409A",2020-01-03,69
2020,"IT1409A",2020-01-04,50
2020,"IT1409A",2020-01-05,40
2020,"IT1409A",2020-01-06,30
2020,"IT1409A",2020-01-07,53
2020,"IT1409A",2020-01-08,46
2020,"IT1409A",2020-01-09,45
2020,"IT1409A",2020-01-10,49
2020,"IT1409A",2020-01-11,33
2020,"IT1409A",2020-01-12,22
2020,"IT1409A",2020-01-13,38
2020,"IT1409A",2020-01-14,43
2020,"IT1409A",2020-01-15,34
2020,"IT1409A",2020-01-16,38
2020,"IT1409A",2020-01-17,42
2020,"IT1409A",2020-01-18,14
2020,"IT1409A",2020-01-19,13
2020,"IT1409A",2020-01-20,7
2020,"IT1409A",2020-01-21,15
2020,"IT1409A",2020-01-22,33
2020,"IT1409A",2020-01-23,41
2020,"IT1409A",2020-01-24,38
2020,"IT1409A",2020-01-25,20
2020,"IT1409A",2020-01-26,26
2020,"IT1409A",2020-01-27,29
2020,"IT1409A",2020-01-28,10
2020,"IT1409A",2020-01-29,11
2020,"IT1409A",2020-01-30,15
2020,"IT1409A",2020-01-31,14
2020,"IT1409A",2020-02-01,9
2020,"IT1409A",2020-02-02,11
2020,"IT1409A",2020-02-03,17
2020,"IT1409A",2020-02-04,15
2020,"IT1409A",2020-02-05,5
2020,"IT1409A",2020-02-06,12
2020,"IT1409A",2020-02-07,24
2020,"IT1409A",2020-02-08,30
2020,"IT1409A",2020-02-09,40
2020,"IT1409A",2020-02-10,17
2020,"IT1409A",2020-02-11,12
2020,"IT1409A",2020-02-12,13
2020,"IT1409A",2020-02-13,14
2020,"IT1409A",2020-02-14,14
2020,"IT1409A",2020-02-15,24
2020,"IT1409A",2020-02-16,22
2020,"IT1409A",2020-02-17,13
2020,"IT1409A",2020-02-18,10
2020,"IT1409A",2020-02-19,15
2020,"IT1409A",2020-02-20,18
2020,"IT1409A",2020-02-21,27
2020,"IT1409A",2020-02-22,31
2020,"IT1409A",2020-02-23,21
2020,"IT1409A",2020-02-24,15
2020,"IT1409A",2020-02-25,18
2020,"IT1409A",2020-02-26,10
2020,"IT1409A",2020-02-27,6
2020,"IT1409A",2020-02-28,11
2020,"IT1409A",2020-02-29,16
2020,"IT1409A",2020-03-01,8
2020,"IT1409A",2020-03-02,8
2020,"IT1409A",2020-03-03,8
2020,"IT1409A",2020-03-04,16
2020,"IT1409A",2020-03-05,17
2020,"IT1409A",2020-03-06,8
2020,"IT1409A",2020-03-07,13
2020,"IT1409A",2020-03-08,17
2020,"IT1409A",2020-03-13,15
2020,"IT1409A",2020-03-14,19
2020,"IT1409A",2020-03-15,7
2020,"IT1409A",2020-03-16,13
2020,"IT1409A",2020-03-17,23
2020,"IT1409A",2020-03-18,28
2020,"IT1409A",2020-03-19,23
2020,"IT1409A",2020-03-20,26
2020,"IT1409A",2020-03-21,28
2020,"IT1409A",2020-03-22,19
2020,"IT1409A",2020-03-23,8
2020,"IT1409A",2020-03-24,9
2020,"IT1409A",2020-03-25,9
2020,"IT1409A",2020-03-26,7
2020,"IT1409A",2020-03-27,9
2020,"IT1409A",2020-03-28,26
2020,"IT1409A",2020-03-29,16
2020,"IT1409A",2020-03-30,18
2020,"IT1409A",2020-03-31,7
2020,"IT1409A",2020-04-01,8
2020,"IT1409A",2020-04-02,14
2020,"IT1409A",2020-04-03,19
2020,"IT1409A",2020-04-04,18
2020,"IT1409A",2020-04-05,15
2020,"IT1409A",2020-04-06,20
2020,"IT1409A",2020-04-07,24
2020,"IT1409A",2020-04-08,17
2020,"IT1409A",2020-04-09,18
2020,"IT1409A",2020-04-10,20
2020,"IT1409A",2020-04-11,18
2020,"IT1409A",2020-04-12,14
2020,"IT1409A",2020-04-13,16
2020,"IT1409A",2020-04-14,11
2020,"IT1409A",2020-04-15,8
2020,"IT1409A",2020-04-16,11
2020,"IT1409A",2020-04-17,12
2020,"IT1409A",2020-04-18,14
2020,"IT1409A",2020-04-19,13
2020,"IT1409A",2020-04-20,7
2020,"IT1409A",2020-04-21,7
2020,"IT1409A",2020-04-22,13
2020,"IT1409A",2020-04-23,16
2020,"IT1409A",2020-04-24,17
2020,"IT1409A",2020-04-25,11
2020,"IT1409A",2020-04-26,9
2020,"IT1409A",2020-04-27,8
2020,"IT1409A",2020-04-28,7
2020,"IT1409A",2020-04-29,8
2020,"IT1409A",2020-04-30,6
2020,"IT1409A",2020-05-01,7
2020,"IT1409A",2020-05-02,7
2020,"IT1409A",2020-05-03,8
2020,"IT1409A",2020-05-04,6
2020,"IT1409A",2020-05-05,8
2020,"IT1409A",2020-05-06,9
2020,"IT1409A",2020-05-07,8
2020,"IT1409A",2020-05-08,11
2020,"IT1409A",2020-05-09,10
2020,"IT1409A",2020-05-10,10
2020,"IT1409A",2020-05-11,8
2020,"IT1409A",2020-05-12,5
2020,"IT1409A",2020-05-13,9
2020,"IT1409A",2020-05-14,15
2020,"IT1409A",2020-05-15,6
2020,"IT1409A",2020-05-16,10
2020,"IT1409A",2020-05-17,10
2020,"IT1409A",2020-05-18,14
2020,"IT1409A",2020-05-19,13
2020,"IT1409A",2020-05-20,8
2020,"IT1409A",2020-05-21,10
2020,"IT1409A",2020-05-22,12
2020,"IT1409A",2020-05-23,12
2020,"IT1409A",2020-05-24,10
2020,"IT1409A",2020-05-25,6
2020,"IT1409A",2020-05-26,9
2020,"IT1409A",2020-05-27,6
2020,"IT1409A",2020-05-28,8
2020,"IT1409A",2020-05-29,5
2020,"IT1409A",2020-05-30,9
2020,"IT1409A",2020-05-31,10
2020,"IT1409A",2020-06-01,12
2020,"IT1409A",2020-06-02,12
2020,"IT1409A",2020-06-03,7
2020,"IT1409A",2020-06-04,9
2020,"IT1409A",2020-06-05,9
2020,"IT1409A",2020-06-06,7
2020,"IT1409A",2020-06-07,7
2020,"IT1409A",2020-06-08,8
2020,"IT1409A",2020-06-10,6
2020,"IT1409A",2020-06-11,6
2020,"IT1409A",2020-06-12,8
2020,"IT1409A",2020-06-13,6
2020,"IT1409A",2020-06-14,5
2020,"IT1409A",2020-06-15,9
2020,"IT1409A",2020-06-16,9
2020,"IT1409A",2020-06-17,7
2020,"IT1409A",2020-06-18,7
2020,"IT1409A",2020-06-19,7
2020,"IT1409A",2020-06-20,8
2020,"IT1409A",2020-06-21,7
2020,"IT1409A",2020-06-22,12
2020,"IT1409A",2020-06-23,13
2020,"IT1409A",2020-06-24,13
2020,"IT1409A",2020-06-25,12
2020,"IT1409A",2020-06-26,12
2020,"IT1409A",2020-06-27,12
2020,"IT1409A",2020-06-28,13
2020,"IT1409A",2020-06-29,14
2020,"IT1409A",2020-06-30,11
2020,"IT1553A",2020-01-01,92
2020,"IT1553A",2020-01-02,89
2020,"IT1553A",2020-01-03,83
2020,"IT1553A",2020-01-04,74
2020,"IT1553A",2020-01-05,63
2020,"IT1553A",2020-01-06,68
2020,"IT1553A",2020-01-07,68
2020,"IT1553A",2020-01-08,44
2020,"IT1553A",2020-01-09,57
2020,"IT1553A",2020-01-10,67
2020,"IT1553A",2020-01-11,37
2020,"IT1553A",2020-01-12,24
2020,"IT1553A",2020-01-13,40
2020,"IT1553A",2020-01-14,61
2020,"IT1553A",2020-01-15,63
2020,"IT1553A",2020-01-16,49
2020,"IT1553A",2020-01-17,56
2020,"IT1553A",2020-01-18,33
2020,"IT1553A",2020-01-19,10
2020,"IT1553A",2020-01-20,6
2020,"IT1553A",2020-01-21,22
2020,"IT1553A",2020-01-22,30
2020,"IT1553A",2020-01-23,43
2020,"IT1553A",2020-01-24,56
2020,"IT1553A",2020-01-25,40
2020,"IT1553A",2020-01-26,39
2020,"IT1553A",2020-01-27,43
2020,"IT1553A",2020-01-28,10
2020,"IT1553A",2020-01-29,11
2020,"IT1553A",2020-01-30,19
2020,"IT1553A",2020-01-31,17
2020,"IT1553A",2020-02-01,13
2020,"IT1553A",2020-02-02,14
2020,"IT1553A",2020-02-03,23
2020,"IT1553A",2020-02-04,18
2020,"IT1553A",2020-02-05,4
2020,"IT1553A",2020-02-06,13
2020,"IT1553A",2020-02-07,30
2020,"IT1553A",2020-02-08,34
2020,"IT1553A",2020-02-09,52
2020,"IT1553A",2020-02-10,22
2020,"IT1553A",2020-02-11,13
2020,"IT1553A",2020-02-12,16
2020,"IT1553A",2020-02-13,18
2020,"IT1553A",2020-02-14,12
2020,"IT1553A",2020-02-15,20
2020,"IT1553A",2020-02-16,27
2020,"IT1553A",2020-02-17,24
2020,"IT1553A",2020-02-18,13
2020,"IT1553A",2020-02-19,20
2020,"IT1553A",2020-02-20,18
2020,"IT1553A",2020-02-21,28
2020,"IT1553A",2020-02-23,22
2020,"IT1553A",2020-02-24,27
2020,"IT1553A",2020-02-25,25
2020,"IT1553A",2020-02-26,9
2020,"IT1553A",2020-02-27,9
2020,"IT1553A",2020-02-28,13
2020,"IT1553A",2020-02-29,37
2020,"IT1553A",2020-03-01,24
2020,"IT1553A",2020-03-02,8
2020,"IT1553A",2020-03-03,7
2020,"IT1553A",2020-03-04,14
2020,"IT1553A",2020-03-05,19
2020,"IT1553A",2020-03-06,8
2020,"IT1553A",2020-03-07,12
2020,"IT1553A",2020-03-08,14
2020,"IT1553A",2020-03-09,23
2020,"IT1553A",2020-03-10,15
2020,"IT1553A",2020-03-11,19
2020,"IT1553A",2020-03-13,19
2020,"IT1553A",2020-03-14,20
2020,"IT1553A",2020-03-15,6
2020,"IT1553A",2020-03-16,9
2020,"IT1553A",2020-03-17,20
2020,"IT1553A",2020-03-18,18
2020,"IT1553A",2020-03-19,17
2020,"IT1553A",2020-03-20,25
2020,"IT1553A",2020-03-21,25
2020,"IT1553A",2020-03-22,15
2020,"IT1553A",2020-03-23,7
2020,"IT1553A",2020-03-24,7
2020,"IT1553A",2020-03-25,9
2020,"IT1553A",2020-03-26,6
2020,"IT1553A",2020-03-27,11
2020,"IT1553A",2020-03-28,36
2020,"IT1553A",2020-03-29,24
2020,"IT1553A",2020-03-30,18
2020,"IT1553A",2020-03-31,5
2020,"IT1553A",2020-04-01,8
2020,"IT1553A",2020-04-03,14
2020,"IT1553A",2020-04-04,13
2020,"IT1553A",2020-04-05,11
2020,"IT1553A",2020-04-06,18
2020,"IT1553A",2020-04-07,16
2020,"IT1553A",2020-04-08,12
2020,"IT1553A",2020-04-09,14
2020,"IT1553A",2020-04-10,15
2020,"IT1553A",2020-04-11,15
2020,"IT1553A",2020-04-12,12
2020,"IT1553A",2020-04-13,14
2020,"IT1553A",2020-04-14,10
2020,"IT1553A",2020-04-15,7
2020,"IT1553A",2020-04-16,9
2020,"IT1553A",2020-04-17,14
2020,"IT1553A",2020-04-18,18
2020,"IT1553A",2020-04-19,20
2020,"IT1553A",2020-04-20,12
2020,"IT1553A",2020-04-21,8
2020,"IT1553A",2020-04-22,11
2020,"IT1553A",2020-04-23,14
2020,"IT1553A",2020-04-24,15
2020,"IT1553A",2020-04-25,10
2020,"IT1553A",2020-04-26,8
2020,"IT1553A",2020-04-27,8
2020,"IT1553A",2020-04-28,9
2020,"IT1553A",2020-04-29,5
2020,"IT1553A",2020-04-30,7
2020,"IT1553A",2020-05-01,5
2020,"IT1553A",2020-05-02,7
2020,"IT1553A",2020-05-03,7
2020,"IT1553A",2020-05-04,6
2020,"IT1553A",2020-05-05,7
2020,"IT1553A",2020-05-06,8
2020,"IT1553A",2020-05-07,8
2020,"IT1553A",2020-05-08,9
2020,"IT1553A",2020-05-09,10
2020,"IT1553A",2020-05-10,10
2020,"IT1553A",2020-05-11,6
2020,"IT1553A",2020-05-12,4
2020,"IT1553A",2020-05-13,7
2020,"IT1553A",2020-05-14,11
2020,"IT1553A",2020-05-15,4
2020,"IT1553A",2020-05-16,12
2020,"IT1553A",2020-05-17,8
2020,"IT1553A",2020-05-18,8
2020,"IT1553A",2020-05-19,13
2020,"IT1553A",2020-05-20,7
2020,"IT1553A",2020-05-21,6
2020,"IT1553A",2020-05-22,8
2020,"IT1553A",2020-05-23,9
2020,"IT1553A",2020-05-24,6
2020,"IT1553A",2020-05-25,4
2020,"IT1553A",2020-05-26,5
2020,"IT1553A",2020-05-27,4
2020,"IT1553A",2020-05-29,3
2020,"IT1553A",2020-05-30,7
2020,"IT1553A",2020-05-31,8
2020,"IT1553A",2020-06-01,7
2020,"IT1553A",2020-06-02,8
2020,"IT1553A",2020-06-03,8
2020,"IT1553A",2020-06-04,9
2020,"IT1553A",2020-06-05,7
2020,"IT1553A",2020-06-06,7
2020,"IT1553A",2020-06-07,6
2020,"IT1553A",2020-06-08,7
2020,"IT1553A",2020-06-09,7
2020,"IT1553A",2020-06-10,6
2020,"IT1553A",2020-06-11,6
2020,"IT1553A",2020-06-12,7
2020,"IT1553A",2020-06-13,7
2020,"IT1553A",2020-06-14,5
2020,"IT1553A",2020-06-15,7
2020,"IT1553A",2020-06-16,6
2020,"IT1553A",2020-06-17,6
2020,"IT1553A",2020-06-18,5
2020,"IT1553A",2020-06-19,5
2020,"IT1553A",2020-06-20,8
2020,"IT1553A",2020-06-21,8
2020,"IT1553A",2020-06-22,8
2020,"IT1553A",2020-06-23,10
2020,"IT1553A",2020-06-24,10
2020,"IT1553A",2020-06-25,11
2020,"IT1553A",2020-06-26,11
2020,"IT1553A",2020-06-27,10
2020,"IT1553A",2020-06-28,11
2020,"IT1553A",2020-06-29,11
2020,"IT1553A",2020-06-30,9
2020,"IT1557A",2020-01-01,25
2020,"IT1557A",2020-01-02,21
2020,"IT1557A",2020-01-03,26
2020,"IT1557A",2020-01-04,11
2020,"IT1557A",2020-01-05,13
2020,"IT1557A",2020-01-06,13
2020,"IT1557A",2020-01-07,21
2020,"IT1557A",2020-01-08,16
2020,"IT1557A",2020-01-09,12
2020,"IT1557A",2020-01-10,10
2020,"IT1557A",2020-01-11,14
2020,"IT1557A",2020-01-12,8
2020,"IT1557A",2020-01-13,12
2020,"IT1557A",2020-01-14,18
2020,"IT1557A",2020-01-15,15
2020,"IT1557A",2020-01-16,14
2020,"IT1557A",2020-01-17,12
2020,"IT1557A",2020-01-18,6
2020,"IT1557A",2020-01-19,5
2020,"IT1557A",2020-01-20,6
2020,"IT1557A",2020-01-21,11
2020,"IT1557A",2020-01-22,17
2020,"IT1557A",2020-01-23,15
2020,"IT1557A",2020-01-24,23
2020,"IT1557A",2020-01-25,15
2020,"IT1557A",2020-01-26,12
2020,"IT1557A",2020-01-27,6
2020,"IT1557A",2020-01-28,10
2020,"IT1557A",2020-01-29,8
2020,"IT1557A",2020-01-30,6
2020,"IT1557A",2020-01-31,6
2020,"IT1557A",2020-02-01,5
2020,"IT1557A",2020-02-02,5
2020,"IT1557A",2020-02-03,8
2020,"IT1557A",2020-02-04,10
2020,"IT1557A",2020-02-05,3
2020,"IT1557A",2020-02-06,5
2020,"IT1557A",2020-02-07,7
2020,"IT1557A",2020-02-08,4
2020,"IT1557A",2020-02-09,4
2020,"IT1557A",2020-02-11,12
2020,"IT1557A",2020-02-12,6
2020,"IT1557A",2020-02-13,6
2020,"IT1557A",2020-02-14,9
2020,"IT1557A",2020-02-15,10
2020,"IT1557A",2020-02-16,10
2020,"IT1557A",2020-02-17,7
2020,"IT1557A",2020-02-18,8
2020,"IT1557A",2020-02-19,6
2020,"IT1557A",2020-02-20,12
2020,"IT1557A",2020-02-21,7
2020,"IT1557A",2020-02-22,12
2020,"IT1557A",2020-02-23,8
2020,"IT1557A",2020-02-24,11
2020,"IT1557A",2020-02-25,10
2020,"IT1557A",2020-02-26,11
2020,"IT1557A",2020-02-27,3
2020,"IT1557A",2020-02-28,4
2020,"IT1557A",2020-02-29,5
2020,"IT1557A",2020-03-01,6
2020,"IT1557A",2020-03-02,7
2020,"IT1557A",2020-03-03,7
2020,"IT1557A",2020-03-04,6
2020,"IT1557A",2020-03-05,3
2020,"IT1557A",2020-03-06,6
2020,"IT1557A",2020-03-07,6
2020,"IT1557A",2020-03-08,6
2020,"IT1557A",2020-03-09,9
2020,"IT1557A",2020-03-10,11
2020,"IT1557A",2020-03-11,7
2020,"IT1557A",2020-03-12,7
2020,"IT1557A",2020-03-13,7
2020,"IT1557A",2020-03-14,10
2020,"IT1557A",2020-03-15,7
2020,"IT1557A",2020-03-16,8
2020,"IT1557A",2020-03-17,10
2020,"IT1557A",2020-03-18,16
2020,"IT1557A",2020-03-19,14
2020,"IT1557A",2020-03-20,16
2020,"IT1557A",2020-03-21,13
2020,"IT1557A",2020-03-22,13
2020,"IT1557A",2020-03-23,7
2020,"IT1557A",2020-03-24,8
2020,"IT1557A",2020-03-25,9
2020,"IT1557A",2020-03-26,5
2020,"IT1557A",2020-03-27,10
2020,"IT1557A",2020-03-28,20
2020,"IT1557A",2020-03-29,11
2020,"IT1557A",2020-03-30,12
2020,"IT1557A",2020-03-31,5
2020,"IT1557A",2020-04-01,8
2020,"IT1557A",2020-04-02,8
2020,"IT1557A",2020-04-03,10
2020,"IT1557A",2020-04-04,10
2020,"IT1557A",2020-04-05,11
2020,"IT1557A",2020-04-06,17
2020,"IT1557A",2020-04-07,18
2020,"IT1557A",2020-04-08,13
2020,"IT1557A",2020-04-09,13
2020,"IT1557A",2020-04-10,15
2020,"IT1557A",2020-04-11,13
2020,"IT1557A",2020-04-12,12
2020,"IT1557A",2020-04-13,12
2020,"IT1557A",2020-04-14,9
2020,"IT1557A",2020-04-15,6
2020,"IT1557A",2020-04-16,5
2020,"IT1557A",2020-04-17,7
2020,"IT1557A",2020-04-18,10
2020,"IT1557A",2020-04-19,8
2020,"IT1557A",2020-04-20,6
2020,"IT1557A",2020-04-21,7
2020,"IT1557A",2020-04-22,12
2020,"IT1557A",2020-04-23,13
2020,"IT1557A",2020-04-24,12
2020,"IT1557A",2020-04-25,10
2020,"IT1557A",2020-04-26,6
2020,"IT1557A",2020-04-27,6
2020,"IT1557A",2020-04-28,5
2020,"IT1557A",2020-04-29,6
2020,"IT1557A",2020-04-30,4
2020,"IT1557A",2020-05-01,6
2020,"IT1557A",2020-05-02,5
2020,"IT1557A",2020-05-03,6
2020,"IT1557A",2020-05-04,4
2020,"IT1557A",2020-05-05,5
2020,"IT1557A",2020-05-06,6
2020,"IT1557A",2020-05-07,6
2020,"IT1557A",2020-05-08,7
2020,"IT1557A",2020-05-09,7
2020,"IT1557A",2020-05-10,7
2020,"IT1557A",2020-05-11,4
2020,"IT1557A",2020-05-12,3
2020,"IT1557A",2020-05-13,7
2020,"IT1557A",2020-05-14,10
2020,"IT1557A",2020-05-15,5
2020,"IT1557A",2020-05-16,7
2020,"IT1557A",2020-05-17,8
2020,"IT1557A",2020-05-18,11
2020,"IT1557A",2020-05-19,11
2020,"IT1557A",2020-05-20,7
2020,"IT1557A",2020-05-21,8
2020,"IT1557A",2020-05-22,8
2020,"IT1557A",2020-05-23,7
2020,"IT1557A",2020-05-24,5
2020,"IT1557A",2020-05-25,6
2020,"IT1557A",2020-05-26,6
2020,"IT1557A",2020-05-27,4
2020,"IT1557A",2020-05-28,4
2020,"IT1557A",2020-05-29,4
2020,"IT1557A",2020-05-30,8
2020,"IT1557A",2020-05-31,8
2020,"IT1557A",2020-06-01,9
2020,"IT1557A",2020-06-02,8
2020,"IT1557A",2020-06-03,6
2020,"IT1557A",2020-06-05,7
2020,"IT1557A",2020-06-06,6
2020,"IT1557A",2020-06-07,6
2020,"IT1557A",2020-06-08,7
2020,"IT1557A",2020-06-09,4
2020,"IT1557A",2020-06-10,4
2020,"IT1557A",2020-06-11,4
2020,"IT1557A",2020-06-12,4
2020,"IT1557A",2020-06-13,4
2020,"IT1557A",2020-06-14,5
2020,"IT1557A",2020-06-15,7
2020,"IT1557A",2020-06-16,7
2020,"IT1557A",2020-06-17,6
2020,"IT1557A",2020-06-18,5
2020,"IT1557A",2020-06-19,5
2020,"IT1557A",2020-06-20,5
2020,"IT1557A",2020-06-21,6
2020,"IT1557A",2020-06-22,8
2020,"IT1557A",2020-06-23,9
2020,"IT1557A",2020-06-24,8
2020,"IT1557A",2020-06-25,8
2020,"IT1557A",2020-06-26,9
2020,"IT1557A",2020-06-27,9
2020,"IT1557A",2020-06-28,8
2020,"IT1557A",2020-06-29,9
2020,"IT1557A",2020-06-30,7
2020,"IT1560A",2020-01-01,38
2020,"IT1560A",2020-01-02,42
2020,"IT1560A",2020-01-03,36
2020,"IT1560A",2020-01-04,23
2020,"IT1560A",2020-01-05,22
2020,"IT1560A",2020-01-06,16
2020,"IT1560A",2020-01-07,28
2020,"IT1560A",2020-01-08,30
2020,"IT1560A",2020-01-09,23
2020,"IT1560A",2020-01-10,29
2020,"IT1560A",2020-01-11,30
2020,"IT1560A",2020-01-12,19
2020,"IT1560A",2020-01-13,19
2020,"IT1560A",2020-01-17,27
2020,"IT1560A",2020-01-18,14
2020,"IT1560A",2020-01-19,8
2020,"IT1560A",2020-01-20,9
2020,"IT1560A",2020-01-21,13
2020,"IT1560A",2020-01-22,26
2020,"IT1560A",2020-01-23,25
2020,"IT1560A",2020-01-24,33
2020,"IT1560A",2020-01-25,24
2020,"IT1560A",2020-01-26,22
2020,"IT1560A",2020-01-27,12
2020,"IT1560A",2020-01-28,9
2020,"IT1560A",2020-01-29,8
2020,"IT1560A",2020-01-30,9
2020,"IT1560A",2020-01-31,14
2020,"IT1560A",2020-02-01,8
2020,"IT1560A",2020-02-02,9
2020,"IT1560A",2020-02-03,15
2020,"IT1560A",2020-02-04,13
2020,"IT1560A",2020-02-05,7
2020,"IT1560A",2020-02-06,11
2020,"IT1560A",2020-02-07,13
2020,"IT1560A",2020-02-08,14
2020,"IT1560A",2020-02-09,11
2020,"IT1560A",2020-02-10,9
2020,"IT1560A",2020-02-11,11
2020,"IT1560A",2020-02-12,10
2020,"IT1560A",2020-02-13,7
2020,"IT1560A",2020-02-14,14
2020,"IT1560A",2020-02-15,11
2020,"IT1560A",2020-02-16,16
2020,"IT1560A",2020-02-17,9
2020,"IT1560A",2020-02-19,10
2020,"IT1560A",2020-02-20,17
2020,"IT1560A",2020-02-21,14
2020,"IT1560A",2020-02-22,16
2020,"IT1560A",2020-02-23,11
2020,"IT1560A",2020-02-24,12
2020,"IT1560A",2020-02-25,9
2020,"IT1560A",2020-02-26,15
2020,"IT1560A",2020-02-27,6
2020,"IT1560A",2020-02-28,5
2020,"IT1560A",2020-02-29,7
2020,"IT1560A",2020-03-01,6
2020,"IT1560A",2020-03-02,5
2020,"IT1560A",2020-03-03,5
2020,"IT1560A",2020-03-04,11
2020,"IT1560A",2020-03-05,7
2020,"IT1560A",2020-03-06,6
2020,"IT1560A",2020-03-07,7
2020,"IT1560A",2020-03-08,9
2020,"IT1560A",2020-03-09,12
2020,"IT1560A",2020-03-10,15
2020,"IT1560A",2020-03-11,12
2020,"IT1560A",2020-03-12,6
2020,"IT1560A",2020-03-13,6
2020,"IT1560A",2020-03-14,10
2020,"IT1560A",2020-03-15,7
2020,"IT1560A",2020-03-16,9
2020,"IT1560A",2020-03-17,15
2020,"IT1560A",2020-03-18,16
2020,"IT1560A",2020-03-19,15
2020,"IT1560A",2020-03-20,17
2020,"IT1560A",2020-03-21,15
2020,"IT1560A",2020-03-22,14
2020,"IT1560A",2020-03-23,17
2020,"IT1560A",2020-03-24,9
2020,"IT1560A",2020-03-25,15
2020,"IT1560A",2020-03-26,6
2020,"IT1560A",2020-03-27,11
2020,"IT1560A",2020-03-28,23
2020,"IT1560A",2020-03-29,11
2020,"IT1560A",2020-03-30,14
2020,"IT1560A",2020-03-31,5
2020,"IT1560A",2020-04-01,8
2020,"IT1560A",2020-04-02,10
2020,"IT1560A",2020-04-03,12
2020,"IT1560A",2020-04-04,12
2020,"IT1560A",2020-04-05,13
2020,"IT1560A",2020-04-06,18
2020,"IT1560A",2020-04-07,20
2020,"IT1560A",2020-04-08,16
2020,"IT1560A",2020-04-09,15
2020,"IT1560A",2020-04-10,16
2020,"IT1560A",2020-04-11,16
2020,"IT1560A",2020-04-12,13
2020,"IT1560A",2020-04-13,12
2020,"IT1560A",2020-04-14,10
2020,"IT1560A",2020-04-15,7
2020,"IT1560A",2020-04-16,6
2020,"IT1560A",2020-04-17,7
2020,"IT1560A",2020-04-18,9
2020,"IT1560A",2020-04-19,8
2020,"IT1560A",2020-04-20,5
2020,"IT1560A",2020-04-21,7
2020,"IT1560A",2020-04-23,14
2020,"IT1560A",2020-04-24,16
2020,"IT1560A",2020-04-25,10
2020,"IT1560A",2020-04-26,6
2020,"IT1560A",2020-04-27,7
2020,"IT1560A",2020-04-28,5
2020,"IT1560A",2020-04-29,6
2020,"IT1560A",2020-04-30,5
2020,"IT1560A",2020-05-01,5
2020,"IT1560A",2020-05-02,5
2020,"IT1560A",2020-05-03,5
2020,"IT1560A",2020-05-04,7
2020,"IT1560A",2020-05-05,5
2020,"IT1560A",2020-05-06,8
2020,"IT1560A",2020-05-07,10
2020,"IT1560A",2020-05-08,9
2020,"IT1560A",2020-05-09,8
2020,"IT1560A",2020-05-10,8
2020,"IT1560A",2020-05-11,5
2020,"IT1560A",2020-05-12,5
2020,"IT1560A",2020-05-13,8
2020,"IT1560A",2020-05-14,13
2020,"IT1560A",2020-05-15,6
2020,"IT1560A",2020-05-16,8
2020,"IT1560A",2020-05-17,9
2020,"IT1560A",2020-05-18,12
2020,"IT1560A",2020-05-19,12
2020,"IT1560A",2020-05-20,10
2020,"IT1560A",2020-05-21,11
2020,"IT1560A",2020-05-22,10
2020,"IT1560A",2020-05-23,9
2020,"IT1560A",2020-05-24,6
2020,"IT1560A",2020-05-25,7
2020,"IT1560A",2020-05-27,6
2020,"IT1560A",2020-05-28,6
2020,"IT1560A",2020-05-31,7
2020,"IT1560A",2020-06-01,11
2020,"IT1560A",2020-06-02,8
2020,"IT1560A",2020-06-03,7
2020,"IT1560A",2020-06-04,5
2020,"IT1560A",2020-06-05,7
2020,"IT1560A",2020-06-06,6
2020,"IT1560A",2020-06-07,6
2020,"IT1560A",2020-06-08,6
2020,"IT1560A",2020-06-09,10
2020,"IT1560A",2020-06-10,6
2020,"IT1560A",2020-06-11,5
2020,"IT1560A",2020-06-12,5
2020,"IT1560A",2020-06-13,5
2020,"IT1560A",2020-06-14,4
2020,"IT1560A",2020-06-16,7
2020,"IT1560A",2020-06-17,6
2020,"IT1560A",2020-06-18,6
2020,"IT1560A",2020-06-19,6
2020,"IT1560A",2020-06-20,6
2020,"IT1560A",2020-06-21,8
2020,"IT1560A",2020-06-22,9
2020,"IT1560A",2020-06-23,11
2020,"IT1560A",2020-06-24,11
2020,"IT1560A",2020-06-25,10
2020,"IT1560A",2020-06-26,11
2020,"IT1560A",2020-06-27,10
2020,"IT1560A",2020-06-28,9
2020,"IT1560A",2020-06-29,10
2020,"IT1560A",2020-06-30,10
2020,"IT1593A",2020-01-01,25
2020,"IT1593A",2020-01-02,15
2020,"IT1593A",2020-01-03,26
2020,"IT1593A",2020-01-04,19
2020,"IT1593A",2020-01-05,11
2020,"IT1593A",2020-01-06,9
2020,"IT1593A",2020-01-07,18
2020,"IT1593A",2020-01-08,13
2020,"IT1593A",2020-01-09,14
2020,"IT1593A",2020-01-10,15
2020,"IT1593A",2020-01-11,14
2020,"IT1593A",2020-01-14,16
2020,"IT1593A",2020-01-15,17
2020,"IT1593A",2020-01-16,15
2020,"IT1593A",2020-01-17,17
2020,"IT1593A",2020-01-18,8
2020,"IT1593A",2020-01-19,5
2020,"IT1593A",2020-01-20,5
2020,"IT1593A",2020-01-21,11
2020,"IT1593A",2020-01-22,17
2020,"IT1593A",2020-01-23,17
2020,"IT1593A",2020-01-24,16
2020,"IT1593A",2020-01-25,10
2020,"IT1593A",2020-01-26,10
2020,"IT1593A",2020-01-27,12
2020,"IT1593A",2020-01-28,10
2020,"IT1593A",2020-01-29,8
2020,"IT1593A",2020-01-30,8
2020,"IT1593A",2020-01-31,7
2020,"IT1593A",2020-02-01,9
2020,"IT1593A",2020-02-02,7
2020,"IT1593A",2020-02-03,8
2020,"IT1593A",2020-02-04,9
2020,"IT1593A",2020-02-05,4
2020,"IT1593A",2020-02-06,5
2020,"IT1593A",2020-02-07,9
2020,"IT1593A",2020-02-08,10
2020,"IT1593A",2020-02-09,9
2020,"IT1593A",2020-02-12,8
2020,"IT1593A",2020-02-13,8
2020,"IT1593A",2020-02-14,8
2020,"IT1593A",2020-02-15,7
2020,"IT1593A",2020-02-16,9
2020,"IT1593A",2020-02-17,10
2020,"IT1593A",2020-02-18,9
2020,"IT1593A",2020-02-19,8
2020,"IT1593A",2020-02-20,8
2020,"IT1593A",2020-02-21,9
2020,"IT1593A",2020-02-22,14
2020,"IT1593A",2020-02-23,12
2020,"IT1593A",2020-02-24,9
2020,"IT1593A",2020-02-25,9
2020,"IT1593A",2020-02-26,6
2020,"IT1593A",2020-02-27,3
2020,"IT1593A",2020-02-28,7
2020,"IT1593A",2020-02-29,6
2020,"IT1593A",2020-03-01,9
2020,"IT1593A",2020-03-02,6
2020,"IT1593A",2020-03-03,5
2020,"IT1593A",2020-03-04,6
2020,"IT1593A",2020-03-05,4
2020,"IT1593A",2020-03-06,6
2020,"IT1593A",2020-03-07,6
2020,"IT1593A",2020-03-08,6
2020,"IT1593A",2020-03-09,6
2020,"IT1593A",2020-03-10,10
2020,"IT1593A",2020-03-11,7
2020,"IT1593A",2020-03-12,10
2020,"IT1593A",2020-03-13,11
2020,"IT1593A",2020-03-14,12
2020,"IT1593A",2020-03-15,6
2020,"IT1593A",2020-03-16,8
2020,"IT1593A",2020-03-17,15
2020,"IT1593A",2020-03-18,13
2020,"IT1593A",2020-03-19,20
2020,"IT1593A",2020-03-20,17
2020,"IT1593A",2020-03-21,14
2020,"IT1593A",2020-03-22,13
2020,"IT1593A",2020-03-23,8
2020,"IT1593A",2020-03-24,9
2020,"IT1593A",2020-03-25,7
2020,"IT1593A",2020-03-26,5
2020,"IT1593A",2020-03-27,6
2020,"IT1593A",2020-03-28,23
2020,"IT1593A",2020-03-29,16
2020,"IT1593A",2020-03-30,12
2020,"IT1593A",2020-03-31,7
2020,"IT1593A",2020-04-01,8
2020,"IT1593A",2020-04-02,10
2020,"IT1593A",2020-04-03,10
2020,"IT1593A",2020-04-04,10
2020,"IT1593A",2020-04-05,12
2020,"IT1593A",2020-04-06,17
2020,"IT1593A",2020-04-07,19
2020,"IT1593A",2020-04-08,18
2020,"IT1593A",2020-04-09,13
2020,"IT1593A",2020-04-10,15
2020,"IT1593A",2020-04-11,14
2020,"IT1593A",2020-04-12,12
2020,"IT1593A",2020-04-13,14
2020,"IT1593A",2020-04-14,12
2020,"IT1593A",2020-04-15,6
2020,"IT1593A",2020-04-16,6
2020,"IT1593A",2020-04-17,8
2020,"IT1593A",2020-04-18,8
2020,"IT1593A",2020-04-19,10
2020,"IT1593A",2020-04-20,7
2020,"IT1593A",2020-04-21,5
2020,"IT1593A",2020-04-22,7
2020,"IT1593A",2020-04-23,11
2020,"IT1593A",2020-04-24,15
2020,"IT1593A",2020-04-25,9
2020,"IT1593A",2020-04-26,6
2020,"IT1593A",2020-04-27,8
2020,"IT1593A",2020-04-28,7
2020,"IT1593A",2020-04-29,11
2020,"IT1593A",2020-04-30,6
2020,"IT1593A",2020-05-01,8
2020,"IT1593A",2020-05-02,15
2020,"IT1593A",2020-05-03,6
2020,"IT1593A",2020-05-04,7
2020,"IT1593A",2020-05-05,6
2020,"IT1593A",2020-05-06,14
2020,"IT1593A",2020-05-07,11
2020,"IT1593A",2020-05-08,8
2020,"IT1593A",2020-05-09,7
2020,"IT1593A",2020-05-10,6
2020,"IT1593A",2020-05-11,6
2020,"IT1593A",2020-05-12,7
2020,"IT1593A",2020-05-13,9
2020,"IT1593A",2020-05-14,12
2020,"IT1593A",2020-05-15,6
2020,"IT1593A",2020-05-16,7
2020,"IT1593A",2020-05-17,12
2020,"IT1593A",2020-05-18,13
2020,"IT1593A",2020-05-19,10
2020,"IT1593A",2020-05-20,7
2020,"IT1593A",2020-05-21,7
2020,"IT1593A",2020-05-22,8
2020,"IT1593A",2020-05-23,7
2020,"IT1593A",2020-05-24,8
2020,"IT1593A",2020-05-25,6
2020,"IT1593A",2020-05-27,4
2020,"IT1593A",2020-05-28,4
2020,"IT1593A",2020-05-29,6
2020,"IT1593A",2020-05-30,1
2020,"IT1593A",2020-05-31,6
2020,"IT1593A",2020-06-01,6
2020,"IT1593A",2020-06-02,6
2020,"IT1593A",2020-06-03,6
2020,"IT1593A",2020-06-04,6
2020,"IT1593A",2020-06-05,6
2020,"IT1593A",2020-06-06,5
2020,"IT1593A",2020-06-07,5
2020,"IT1593A",2020-06-08,6
2020,"IT1593A",2020-06-09,5
2020,"IT1593A",2020-06-10,6
2020,"IT1593A",2020-06-11,4
2020,"IT1593A",2020-06-12,4
2020,"IT1593A",2020-06-13,5
2020,"IT1593A",2020-06-14,4
2020,"IT1593A",2020-06-18,4
2020,"IT1593A",2020-06-19,4
2020,"IT1593A",2020-06-20,5
2020,"IT1593A",2020-06-21,6
2020,"IT1593A",2020-06-22,8
2020,"IT1593A",2020-06-23,8
2020,"IT1593A",2020-06-24,8
2020,"IT1593A",2020-06-25,8
2020,"IT1593A",2020-06-26,9
2020,"IT1593A",2020-06-27,9
2020,"IT1593A",2020-06-28,8
2020,"IT1593A",2020-06-29,10
2020,"IT1593A",2020-06-30,10
2020,"IT1654A",2020-01-01,116
2020,"IT1654A",2020-01-02,78
2020,"IT1654A",2020-01-03,79
2020,"IT1654A",2020-01-04,69
2020,"IT1654A",2020-01-05,54
2020,"IT1654A",2020-01-06,57
2020,"IT1654A",2020-01-07,69
2020,"IT1654A",2020-01-08,21
2020,"IT1654A",2020-01-09,60
2020,"IT1654A",2020-01-10,73
2020,"IT1654A",2020-01-11,37
2020,"IT1654A",2020-01-12,12
2020,"IT1654A",2020-01-13,36
2020,"IT1654A",2020-01-14,57
2020,"IT1654A",2020-01-15,62
2020,"IT1654A",2020-01-16,41
2020,"IT1654A",2020-01-17,54
2020,"IT1654A",2020-01-18,16
2020,"IT1654A",2020-01-19,6
2020,"IT1654A",2020-01-20,5
2020,"IT1654A",2020-01-21,12
2020,"IT1654A",2020-01-22,40
2020,"IT1654A",2020-01-23,42
2020,"IT1654A",2020-01-24,54
2020,"IT1654A",2020-01-25,21
2020,"IT1654A",2020-01-26,29
2020,"IT1654A",2020-01-27,35
2020,"IT1654A",2020-01-28,8
2020,"IT1654A",2020-01-29,10
2020,"IT1654A",2020-01-30,19
2020,"IT1654A",2020-01-31,16
2020,"IT1654A",2020-02-01,10
2020,"IT1654A",2020-02-04,11
2020,"IT1654A",2020-02-05,3
2020,"IT1654A",2020-02-06,7
2020,"IT1654A",2020-02-07,22
2020,"IT1654A",2020-02-08,24
2020,"IT1654A",2020-02-09,42
2020,"IT1654A",2020-02-10,17
2020,"IT1654A",2020-02-11,10
2020,"IT1654A",2020-02-12,12
2020,"IT1654A",2020-02-13,14
2020,"IT1654A",2020-02-14,12
2020,"IT1654A",2020-02-15,17
2020,"IT1654A",2020-02-16,22
2020,"IT1654A",2020-02-17,20
2020,"IT1654A",2020-02-18,10
2020,"IT1654A",2020-02-19,16
2020,"IT1654A",2020-02-20,18
2020,"IT1654A",2020-02-21,20
2020,"IT1654A",2020-02-22,33
2020,"IT1654A",2020-02-23,20
2020,"IT1654A",2020-02-24,21
2020,"IT1654A",2020-02-25,22
2020,"IT1654A",2020-02-26,8
2020,"IT1654A",2020-02-27,9
2020,"IT1654A",2020-02-28,9
2020,"IT1654A",2020-02-29,29
2020,"IT1654A",2020-03-01,28
2020,"IT1654A",2020-03-02,5
2020,"IT1654A",2020-03-03,6
2020,"IT1654A",2020-03-04,8
2020,"IT1654A",2020-03-05,16
2020,"IT1654A",2020-03-06,7
2020,"IT1654A",2020-03-07,10
2020,"IT1654A",2020-03-08,8
2020,"IT1654A",2020-03-09,18
2020,"IT1654A",2020-03-10,16
2020,"IT1654A",2020-03-11,15
2020,"IT1654A",2020-03-12,26
2020,"IT1654A",2020-03-13,15
2020,"IT1654A",2020-03-14,16
2020,"IT1654A",2020-03-15,6
2020,"IT1654A",2020-03-16,7
2020,"IT1654A",2020-03-17,20
2020,"IT1654A",2020-03-18,18
2020,"IT1654A",2020-03-19,15
2020,"IT1654A",2020-03-20,24
2020,"IT1654A",2020-03-21,23
2020,"IT1654A",2020-03-22,16
2020,"IT1654A",2020-03-23,7
2020,"IT1654A",2020-03-24,8
2020,"IT1654A",2020-03-25,10
2020,"IT1654A",2020-03-26,6
2020,"IT1654A",2020-03-27,12
2020,"IT1654A",2020-03-28,36
2020,"IT1654A",2020-03-29,21
2020,"IT1654A",2020-03-30,14
2020,"IT1654A",2020-03-31,4
2020,"IT1654A",2020-04-01,8
2020,"IT1654A",2020-04-02,12
2020,"IT1654A",2020-04-03,13
2020,"IT1654A",2020-04-04,12
2020,"IT1654A",2020-04-05,11
2020,"IT1654A",2020-04-06,17
2020,"IT1654A",2020-04-09,15
2020,"IT1654A",2020-04-10,15
2020,"IT1654A",2020-04-11,15
2020,"IT1654A",2020-04-12,13
2020,"IT1654A",2020-04-13,15
2020,"IT1654A",2020-04-14,9
2020,"IT1654A",2020-04-15,6
2020,"IT1654A",2020-04-16,10
2020,"IT1654A",2020-04-17,5
2020,"IT1654A",2020-04-18,14
2020,"IT1654A",2020-04-19,17
2020,"IT1654A",2020-04-20,9
2020,"IT1654A",2020-04-21,7
2020,"IT1654A",2020-04-22,12
2020,"IT1654A",2020-04-23,13
2020,"IT1654A",2020-04-24,16
2020,"IT1654A",2020-04-25,12
2020,"IT1654A",2020-04-26,8
2020,"IT1654A",2020-04-27,7
2020,"IT1654A",2020-04-28,8
2020,"IT1654A",2020-04-29,5
2020,"IT1654A",2020-04-30,5
2020,"IT1654A",2020-05-01,5
2020,"IT1654A",2020-05-02,5
2020,"IT1654A",2020-05-03,6
2020,"IT1654A",2020-05-04,5
2020,"IT1654A",2020-05-05,6
2020,"IT1654A",2020-05-06,7
2020,"IT1654A",2020-05-07,5
2020,"IT1654A",2020-05-08,9
2020,"IT1654A",2020-05-09,9
2020,"IT1654A",2020-05-10,8
2020,"IT1654A",2020-05-11,5
2020,"IT1654A",2020-05-12,3
2020,"IT1654A",2020-05-13,7
2020,"IT1654A",2020-05-14,12
2020,"IT1654A",2020-05-15,5
2020,"IT1654A",2020-05-16,9
2020,"IT1654A",2020-05-17,8
2020,"IT1654A",2020-05-18,11
2020,"IT1654A",2020-05-19,14
2020,"IT1654A",2020-05-20,7
2020,"IT1654A",2020-05-21,7
2020,"IT1654A",2020-05-22,10
2020,"IT1654A",2020-05-23,9
2020,"IT1654A",2020-05-24,7
2020,"IT1654A",2020-05-25,4
2020,"IT1654A",2020-05-26,6
2020,"IT1654A",2020-05-28,5
2020,"IT1654A",2020-05-29,3
2020,"IT1654A",2020-05-30,3
2020,"IT1654A",2020-05-31,8
2020,"IT1654A",2020-06-01,7
2020,"IT1654A",2020-06-02,7
2020,"IT1654A",2020-06-03,7
2020,"IT1654A",2020-06-04,10
2020,"IT1654A",2020-06-05,10
2020,"IT1654A",2020-06-06,6
2020,"IT1654A",2020-06-07,6
2020,"IT1654A",2020-06-08,6
2020,"IT1654A",2020-06-09,6
2020,"IT1654A",2020-06-10,6
2020,"IT1654A",2020-06-11,5
2020,"IT1654A",2020-06-12,7
2020,"IT1654A",2020-06-13,7
2020,"IT1654A",2020-06-14,4
2020,"IT1654A",2020-06-15,7
2020,"IT1654A",2020-06-16,5
2020,"IT1654A",2020-06-17,7
2020,"IT1654A",2020-06-18,5
2020,"IT1654A",2020-06-19,6
2020,"IT1654A",2020-06-20,4
2020,"IT1654A",2020-06-21,8
2020,"IT1654A",2020-06-22,6
2020,"IT1654A",2020-06-25,10
2020,"IT1654A",2020-06-26,11
2020,"IT1654A",2020-06-27,12
2020,"IT1654A",2020-06-28,11
2020,"IT1654A",2020-06-29,10
2020,"IT1654A",2020-06-30,8
2020,"IT2032A",2020-01-01,39
2020,"IT2032A",2020-01-02,32
2020,"IT2032A",2020-01-03,36
2020,"IT2032A",2020-01-04,25
2020,"IT2032A",2020-01-05,20
2020,"IT2032A",2020-01-06,21
2020,"IT2032A",2020-01-07,34
2020,"IT2032A",2020-01-08,33
2020,"IT2032A",2020-01-09,26
2020,"IT2032A",2020-01-10,23
2020,"IT2032A",2020-01-11,25
2020,"IT2032A",2020-01-12,25
2020,"IT2032A",2020-01-13,24
2020,"IT2032A",2020-01-14,33
2020,"IT2032A",2020-01-15,34
2020,"IT2032A",2020-01-16,26
2020,"IT2032A",2020-01-17,18
2020,"IT2032A",2020-01-18,10
2020,"IT2032A",2020-01-19,15
2020,"IT2032A",2020-01-20,14
2020,"IT2032A",2020-01-21,22
2020,"IT2032A",2020-01-22,28
2020,"IT2032A",2020-01-23,27
2020,"IT2032A",2020-01-24,29
2020,"IT2032A",2020-01-25,21
2020,"IT2032A",2020-01-26,16
2020,"IT2032A",2020-01-29,11
2020,"IT2032A",2020-01-30,12
2020,"IT2032A",2020-01-31,11
2020,"IT2032A",2020-02-01,9
2020,"IT2032A",2020-02-02,9
2020,"IT2032A",2020-02-03,13
2020,"IT2032A",2020-02-04,11
2020,"IT2032A",2020-02-05,8
2020,"IT2032A",2020-02-06,12
2020,"IT2032A",2020-02-07,16
2020,"IT2032A",2020-02-08,16
2020,"IT2032A",2020-02-09,19
2020,"IT2032A",2020-02-10,12
2020,"IT2032A",2020-02-11,11
2020,"IT2032A",2020-02-12,10
2020,"IT2032A",2020-02-13,10
2020,"IT2032A",2020-02-14,11
2020,"IT2032A",2020-02-15,15
2020,"IT2032A",2020-02-16,15
2020,"IT2032A",2020-02-17,14
2020,"IT2032A",2020-02-18,11
2020,"IT2032A",2020-02-19,11
2020,"IT2032A",2020-02-20,12
2020,"IT2032A",2020-02-21,18
2020,"IT2032A",2020-02-22,21
2020,"IT2032A",2020-02-23,15
2020,"IT2032A",2020-02-24,15
2020,"IT2032A",2020-02-25,13
2020,"IT2032A",2020-02-26,8
2020,"IT2032A",2020-02-27,6
2020,"IT2032A",2020-02-28,11
2020,"IT2032A",2020-02-29,9
2020,"IT2032A",2020-03-01,8
2020,"IT2032A",2020-03-02,5
2020,"IT2032A",2020-03-03,6
2020,"IT2032A",2020-03-04,11
2020,"IT2032A",2020-03-05,8
2020,"IT2032A",2020-03-06,6
2020,"IT2032A",2020-03-07,9
2020,"IT2032A",2020-03-08,13
2020,"IT2032A",2020-03-09,11
2020,"IT2032A",2020-03-10,13
2020,"IT2032A",2020-03-11,14
2020,"IT2032A",2020-03-12,16
2020,"IT2032A",2020-03-13,14
2020,"IT2032A",2020-03-14,18
2020,"IT2032A",2020-03-15,8
2020,"IT2032A",2020-03-16,12
2020,"IT2032A",2020-03-17,16
2020,"IT2032A",2020-03-18,19
2020,"IT2032A",2020-03-19,16
2020,"IT2032A",2020-03-20,19
2020,"IT2032A",2020-03-21,18
2020,"IT2032A",2020-03-22,15
2020,"IT2032A",2020-03-23,9
2020,"IT2032A",2020-03-25,9
2020,"IT2032A",2020-03-26,10
2020,"IT2032A",2020-03-27,10
2020,"IT2032A",2020-03-28,35
2020,"IT2032A",2020-03-29,19
2020,"IT2032A",2020-03-30,13
2020,"IT2032A",2020-03-31,6
2020,"IT2032A",2020-04-01,9
2020,"IT2032A",2020-04-02,13
2020,"IT2032A",2020-04-03,11
2020,"IT2032A",2020-04-04,12
2020,"IT2032A",2020-04-05,12
2020,"IT2032A",2020-04-06,16
2020,"IT2032A",2020-04-07,17
2020,"IT2032A",2020-04-08,15
2020,"IT2032A",2020-04-09,15
2020,"IT2032A",2020-04-10,15
2020,"IT2032A",2020-04-11,13
2020,"IT2032A",2020-04-12,11
2020,"IT2032A",2020-04-13,13
2020,"IT2032A",2020-04-14,10
2020,"IT2032A",2020-04-15,6
2020,"IT2032A",2020-04-16,7
2020,"IT2032A",2020-04-17,9
2020,"IT2032A",2020-04-18,10
2020,"IT2032A",2020-04-19,12
2020,"IT2032A",2020-04-20,8
2020,"IT2032A",2020-04-21,7
2020,"IT2032A",2020-04-22,11
2020,"IT2032A",2020-04-23,15
2020,"IT2032A",2020-04-24,14
2020,"IT2032A",2020-04-25,10
2020,"IT2032A",2020-04-26,7
2020,"IT2032A",2020-04-27,8
2020,"IT2032A",2020-04-28,6
2020,"IT2032A",2020-04-29,4
2020,"IT2032A",2020-04-30,6
2020,"IT2032A",2020-05-01,5
2020,"IT2032A",2020-05-02,6
2020,"IT2032A",2020-05-03,5
2020,"IT2032A",2020-05-04,5
2020,"IT2032A",2020-05-05,5
2020,"IT2032A",2020-05-06,6
2020,"IT2032A",2020-05-07,6
2020,"IT2032A",2020-05-08,8
2020,"IT2032A",2020-05-09,7
2020,"IT2032A",2020-05-10,7
2020,"IT2032A",2020-05-11,6
2020,"IT2032A",2020-05-12,4
2020,"IT2032A",2020-05-13,7
2020,"IT2032A",2020-05-14,14
2020,"IT2032A",2020-05-15,7
2020,"IT2032A",2020-05-16,8
2020,"IT2032A",2020-05-17,11
2020,"IT2032A",2020-05-18,11
2020,"IT2032A",2020-05-19,11
2020,"IT2032A",2020-05-20,6
2020,"IT2032A",2020-05-21,7
2020,"IT2032A",2020-05-22,8
2020,"IT2032A",2020-05-23,8
2020,"IT2032A",2020-05-24,7
2020,"IT2032A",2020-05-25,6
2020,"IT2032A",2020-05-26,5
2020,"IT2032A",2020-05-27,3
2020,"IT2032A",2020-05-28,6
2020,"IT2032A",2020-05-29,4
2020,"IT2032A",2020-05-30,6
2020,"IT2032A",2020-05-31,7
2020,"IT2032A",2020-06-01,6
2020,"IT2032A",2020-06-02,5
2020,"IT2032A",2020-06-03,7
2020,"IT2032A",2020-06-04,6
2020,"IT2032A",2020-06-05,5
2020,"IT2032A",2020-06-06,6
2020,"IT2032A",2020-06-07,6
2020,"IT2032A",2020-06-08,5
2020,"IT2032A",2020-06-09,6
2020,"IT2032A",2020-06-10,5
2020,"IT2032A",2020-06-11,4
2020,"IT2032A",2020-06-13,5
2020,"IT2032A",2020-06-14,4
2020,"IT2032A",2020-06-15,7
2020,"IT2032A",2020-06-16,7
2020,"IT2032A",2020-06-17,5
2020,"IT2032A",2020-06-18,5
2020,"IT2032A",2020-06-19,5
2020,"IT2032A",2020-06-20,6
2020,"IT2032A",2020-06-21,7
2020,"IT2032A",2020-06-22,8
2020,"IT2032A",2020-06-26,8
2020,"IT2032A",2020-06-27,10
2020,"IT2032A",2020-06-28,10
2020,"IT2032A",2020-06-29,9
2020,"IT2032A",2020-06-30,9
2020,"IT2241A",2020-01-01,70
2020,"IT2241A",2020-01-02,29
2020,"IT2241A",2020-01-03,69
2020,"IT2241A",2020-01-04,18
2020,"IT2241A",2020-01-05,20
2020,"IT2241A",2020-01-06,20
2020,"IT2241A",2020-01-07,34
2020,"IT2241A",2020-01-08,25
2020,"IT2241A",2020-01-09,29
2020,"IT2241A",2020-01-10,22
2020,"IT2241A",2020-01-11,16
2020,"IT2241A",2020-01-12,13
2020,"IT2241A",2020-01-13,25
2020,"IT2241A",2020-01-14,29
2020,"IT2241A",2020-01-15,17
2020,"IT2241A",2020-01-16,24
2020,"IT2241A",2020-01-17,35
2020,"IT2241A",2020-01-18,14
2020,"IT2241A",2020-01-19,12
2020,"IT2241A",2020-01-20,9
2020,"IT2241A",2020-01-21,20
2020,"IT2241A",2020-01-22,20
2020,"IT2241A",2020-01-23,19
2020,"IT2241A",2020-01-24,33
2020,"IT2241A",2020-01-25,45
2020,"IT2241A",2020-01-26,16
2020,"IT2241A",2020-01-27,18
2020,"IT2241A",2020-01-28,10
2020,"IT2241A",2020-01-29,10
2020,"IT2241A",2020-01-30,9
2020,"IT2241A",2020-01-31,12
2020,"IT2241A",2020-02-01,10
2020,"IT2241A",2020-02-02,14
2020,"IT2241A",2020-02-03,11
2020,"IT2241A",2020-02-04,10
2020,"IT2241A",2020-02-05,5
2020,"IT2241A",2020-02-06,8
2020,"IT2241A",2020-02-07,11
2020,"IT2241A",2020-02-08,13
2020,"IT2241A",2020-02-09,13
2020,"IT2241A",2020-02-10,12
2020,"IT2241A",2020-02-11,12
2020,"IT2241A",2020-02-12,10
2020,"IT2241A",2020-02-13,8
2020,"IT2241A",2020-02-14,13
2020,"IT2241A",2020-02-15,13
2020,"IT2241A",2020-02-16,15
2020,"IT2241A",2020-02-17,13
2020,"IT2241A",2020-02-18,8
2020,"IT2241A",2020-02-19,10
2020,"IT2241A",2020-02-20,10
2020,"IT2241A",2020-02-21,12
2020,"IT2241A",2020-02-22,20
2020,"IT2241A",2020-02-23,17
2020,"IT2241A",2020-02-24,15
2020,"IT2241A",2020-02-25,13
2020,"IT2241A",2020-02-26,6
2020,"IT2241A",2020-02-27,5
2020,"IT2241A",2020-02-28,8
2020,"IT2241A",2020-02-29,10
2020,"IT2241A",2020-03-01,10
2020,"IT2241A",2020-03-02,7
2020,"IT2241A",2020-03-03,5
2020,"IT2241A",2020-03-04,9
2020,"IT2241A",2020-03-05,8
2020,"IT2241A",2020-03-06,7
2020,"IT2241A",2020-03-07,9
2020,"IT2241A",2020-03-08,8
2020,"IT2241A",2020-03-09,15
2020,"IT2241A",2020-03-10,14
2020,"IT2241A",2020-03-11,14
2020,"IT2241A",2020-03-12,14
2020,"IT2241A",2020-03-13,14
2020,"IT2241A",2020-03-14,13
2020,"IT2241A",2020-03-15,11
2020,"IT2241A",2020-03-16,13
2020,"IT2241A",2020-03-17,17
2020,"IT2241A",2020-03-18,19
2020,"IT2241A",2020-03-19,18
2020,"IT2241A",2020-03-20,25
2020,"IT2241A",2020-03-21,21
2020,"IT2241A",2020-03-22,21
2020,"IT2241A",2020-03-23,10
2020,"IT2241A",2020-03-24,8
2020,"IT2241A",2020-03-25,9
2020,"IT2241A",2020-03-26,8
2020,"IT2241A",2020-03-27,11
2020,"IT2241A",2020-03-28,22
2020,"IT2241A",2020-03-29,17
2020,"IT2241A",2020-03-30,15
2020,"IT2241A",2020-04-01,9
2020,"IT2241A",2020-04-02,13
2020,"IT2241A",2020-04-03,13
2020,"IT2241A",2020-04-04,11
2020,"IT2241A",2020-04-05,11
2020,"IT2241A",2020-04-06,17
2020,"IT2241A",2020-04-07,17
2020,"IT2241A",2020-04-08,13
2020,"IT2241A",2020-04-09,16
2020,"IT2241A",2020-04-10,17
2020,"IT2241A",2020-04-11,16
2020,"IT2241A",2020-04-12,13
2020,"IT2241A",2020-04-13,13
2020,"IT2241A",2020-04-14,9
2020,"IT2241A",2020-04-15,9
2020,"IT2241A",2020-04-16,9
2020,"IT2241A",2020-04-17,9
2020,"IT2241A",2020-04-18,12
2020,"IT2241A",2020-04-19,15
2020,"IT2241A",2020-04-20,13
2020,"IT2241A",2020-04-21,8
2020,"IT2241A",2020-04-22,12
2020,"IT2241A",2020-04-23,12
2020,"IT2241A",2020-04-24,13
2020,"IT2241A",2020-04-25,9
2020,"IT2241A",2020-04-26,7
2020,"IT2241A",2020-04-27,7
2020,"IT2241A",2020-04-28,5
2020,"IT2241A",2020-04-29,6
2020,"IT2241A",2020-04-30,5
2020,"IT2241A",2020-05-01,6
2020,"IT2241A",2020-05-02,6
2020,"IT2241A",2020-05-03,6
2020,"IT2241A",2020-05-04,6
2020,"IT2241A",2020-05-05,5
2020,"IT2241A",2020-05-06,7
2020,"IT2241A",2020-05-07,8
2020,"IT2241A",2020-05-08,8
2020,"IT2241A",2020-05-09,7
2020,"IT2241A",2020-05-10,8
2020,"IT2241A",2020-05-11,4
2020,"IT2241A",2020-05-12,3
2020,"IT2241A",2020-05-13,8
2020,"IT2241A",2020-05-14,10
2020,"IT2241A",2020-05-15,5
2020,"IT2241A",2020-05-16,7
2020,"IT2241A",2020-05-17,9
2020,"IT2241A",2020-05-18,15
2020,"IT2241A",2020-05-19,12
2020,"IT2241A",2020-05-20,8
2020,"IT2241A",2020-05-21,9
2020,"IT2241A",2020-05-22,9
2020,"IT2241A",2020-05-23,8
2020,"IT2241A",2020-05-24,8
2020,"IT2241A",2020-05-25,6
2020,"IT2241A",2020-05-26,8
2020,"IT2241A",2020-05-27,5
2020,"IT2241A",2020-05-28,5
2020,"IT2241A",2020-05-29,4
2020,"IT2241A",2020-05-30,9
2020,"IT2241A",2020-05-31,8
2020,"IT2241A",2020-06-01,9
2020,"IT2241A",2020-06-02,9
2020,"IT2241A",2020-06-03,6
2020,"IT2241A",2020-06-04,5
2020,"IT2241A",2020-06-05,8
2020,"IT2241A",2020-06-06,6
2020,"IT2241A",2020-06-07,7
2020,"IT2241A",2020-06-08,7
2020,"IT2241A",2020-06-09,7
2020,"IT2241A",2020-06-10,4
2020,"IT2241A",2020-06-11,5
2020,"IT2241A",2020-06-12,5
2020,"IT2241A",2020-06-13,5
2020,"IT2241A",2020-06-14,3
2020,"IT2241A",2020-06-15,6
2020,"IT2241A",2020-06-16,7
2020,"IT2241A",2020-06-17,6
2020,"IT2241A",2020-06-18,5
2020,"IT2241A",2020-06-19,4
2020,"IT2241A",2020-06-20,5
2020,"IT2241A",2020-06-21,7
2020,"IT2241A",2020-06-22,7
2020,"IT2241A",2020-06-23,12
2020,"IT2241A",2020-06-24,10
2020,"IT2241A",2020-06-25,8
2020,"IT2241A",2020-06-26,8
2020,"IT2241A",2020-06-27,9
2020,"IT2241A",2020-06-28,10
2020,"IT2241A",2020-06-29,9
2020,"IT2241A",2020-06-30,7
