"reporting_year","station_eu_code","date","O3"
2020,"IT0883A",2020-01-01,22.5652173913043
2020,"IT0883A",2020-01-02,20.304347826087
2020,"IT0883A",2020-01-03,14.4347826086957
2020,"IT0883A",2020-01-04,13.9565217391304
2020,"IT0883A",2020-01-05,27.5217391304348
2020,"IT0883A",2020-01-06,42.1304347826087
2020,"IT0883A",2020-01-07,24.7391304347826
2020,"IT0883A",2020-01-08,56.1304347826087
2020,"IT0883A",2020-01-09,34.2608695652174
2020,"IT0883A",2020-01-10,37.2173913043478
2020,"IT0883A",2020-01-11,50.9130434782609
2020,"IT0883A",2020-01-12,53.1304347826087
2020,"IT0883A",2020-01-13,34.4347826086956
2020,"IT0883A",2020-01-14,23.9130434782609
2020,"IT0883A",2020-01-15,18.9565217391304
2020,"IT0883A",2020-01-16,27.2173913043478
2020,"IT0883A",2020-01-17,26.1739130434783
2020,"IT0883A",2020-01-18,43
2020,"IT0883A",2020-01-19,58.5652173913044
2020,"IT0883A",2020-01-20,64.4782608695652
2020,"IT0883A",2020-01-21,55.9565217391304
2020,"IT0883A",2020-01-22,41.3913043478261
2020,"IT0883A",2020-01-23,30.9565217391304
2020,"IT0883A",2020-01-24,44.9130434782609
2020,"IT0883A",2020-01-25,37.695652173913
2020,"IT0883A",2020-01-26,26.5652173913043
2020,"IT0883A",2020-01-27,23.7826086956522
2020,"IT0883A",2020-01-28,57.8260869565217
2020,"IT0883A",2020-01-29,54.4782608695652
2020,"IT0883A",2020-01-30,28.7826086956522
2020,"IT0883A",2020-01-31,11.2608695652174
2020,"IT0883A",2020-02-01,29.304347826087
2020,"IT0883A",2020-02-02,31.6086956521739
2020,"IT0883A",2020-02-03,21.9565217391304
2020,"IT0883A",2020-02-04,48.9130434782609
2020,"IT0883A",2020-02-05,63.9565217391304
2020,"IT0883A",2020-02-06,63.8260869565217
2020,"IT0883A",2020-02-07,42.7391304347826
2020,"IT0883A",2020-02-08,42.695652173913
2020,"IT0883A",2020-02-09,38.0869565217391
2020,"IT0883A",2020-02-10,55.1304347826087
2020,"IT0883A",2020-02-11,64.5652173913043
2020,"IT0883A",2020-02-12,46.6521739130435
2020,"IT0883A",2020-02-13,51.0869565217391
2020,"IT0883A",2020-02-14,48.8695652173913
2020,"IT0883A",2020-02-15,43.8695652173913
2020,"IT0883A",2020-02-16,49.1739130434783
2020,"IT0883A",2020-02-17,46.0434782608696
2020,"IT0883A",2020-02-18,48.1304347826087
2020,"IT0883A",2020-02-19,35.1818181818182
2020,"IT0883A",2020-02-20,46.4782608695652
2020,"IT0883A",2020-02-21,44.7391304347826
2020,"IT0883A",2020-02-22,55.0434782608696
2020,"IT0883A",2020-02-23,61.2608695652174
2020,"IT0883A",2020-02-24,48.6086956521739
2020,"IT0883A",2020-02-25,49.5652173913044
2020,"IT0883A",2020-02-26,65.5652173913043
2020,"IT0883A",2020-02-27,56.3478260869565
2020,"IT0883A",2020-02-28,61.7391304347826
2020,"IT0883A",2020-02-29,55.5217391304348
2020,"IT0883A",2020-03-01,66.7391304347826
2020,"IT0883A",2020-03-02,63.6521739130435
2020,"IT0883A",2020-03-03,52.8636363636364
2020,"IT0883A",2020-03-04,42.304347826087
2020,"IT0883A",2020-03-05,52.2272727272727
2020,"IT0883A",2020-03-06,66.5652173913043
2020,"IT0883A",2020-03-07,52.1739130434783
2020,"IT0883A",2020-03-08,64.3478260869565
2020,"IT0883A",2020-03-09,58.7
2020,"IT0883A",2020-03-12,21.9
2020,"IT0883A",2020-03-13,46.0434782608696
2020,"IT0883A",2020-03-14,43.6521739130435
2020,"IT0883A",2020-03-15,76.304347826087
2020,"IT0883A",2020-03-16,73.8695652173913
2020,"IT0883A",2020-03-17,68.9130434782609
2020,"IT0883A",2020-03-18,77
2020,"IT0883A",2020-03-19,85.6521739130435
2020,"IT0883A",2020-03-20,68.1739130434783
2020,"IT0883A",2020-03-21,66.1739130434783
2020,"IT0883A",2020-03-22,71.8260869565217
2020,"IT0883A",2020-03-23,78.4347826086957
2020,"IT0883A",2020-03-24,69.6086956521739
2020,"IT0883A",2020-03-25,70.5217391304348
2020,"IT0883A",2020-03-26,71.7826086956522
2020,"IT0883A",2020-03-27,66.8695652173913
2020,"IT0883A",2020-03-28,70.5217391304348
2020,"IT0883A",2020-03-29,70.8695652173913
2020,"IT0883A",2020-03-30,63.1739130434783
2020,"IT0883A",2020-03-31,80.1739130434783
2020,"IT0883A",2020-04-01,86.5652173913043
2020,"IT0883A",2020-04-02,87.8695652173913
2020,"IT0883A",2020-04-03,81.7826086956522
2020,"IT0883A",2020-04-04,98.9565217391304
2020,"IT0883A",2020-04-05,95.5217391304348
2020,"IT0883A",2020-04-06,104.95652173913
2020,"IT0883A",2020-04-07,101.652173913043
2020,"IT0883A",2020-04-08,94.7826086956522
2020,"IT0883A",2020-04-09,87.1739130434783
2020,"IT0883A",2020-04-10,93.304347826087
2020,"IT0883A",2020-04-11,97.2173913043478
2020,"IT0883A",2020-04-12,86.8695652173913
2020,"IT0883A",2020-04-13,92.3913043478261
2020,"IT0883A",2020-04-14,85.4347826086957
2020,"IT0883A",2020-04-15,82.4782608695652
2020,"IT0883A",2020-04-16,81.7826086956522
2020,"IT0883A",2020-04-17,75.9130434782609
2020,"IT0883A",2020-04-18,49.9130434782609
2020,"IT0883A",2020-04-19,53.695652173913
2020,"IT0883A",2020-04-20,53.3478260869565
2020,"IT0883A",2020-04-21,77.6086956521739
2020,"IT0883A",2020-04-22,83.1363636363636
2020,"IT0883A",2020-04-23,93.6086956521739
2020,"IT0883A",2020-04-24,99.4782608695652
2020,"IT0883A",2020-04-25,83.8695652173913
2020,"IT0883A",2020-04-26,76.1304347826087
2020,"IT0883A",2020-04-27,69.695652173913
2020,"IT0883A",2020-04-28,52.2608695652174
2020,"IT0883A",2020-04-29,71.8260869565217
2020,"IT0883A",2020-04-30,69.3913043478261
2020,"IT0883A",2020-05-01,67.4347826086957
2020,"IT0883A",2020-05-02,50.1304347826087
2020,"IT0883A",2020-05-03,67.2608695652174
2020,"IT0883A",2020-05-04,86.4782608695652
2020,"IT0883A",2020-05-05,56.3913043478261
2020,"IT0883A",2020-05-06,63.8695652173913
2020,"IT0883A",2020-05-07,84.3478260869565
2020,"IT0883A",2020-05-08,89.6086956521739
2020,"IT0883A",2020-05-09,88.4782608695652
2020,"IT0883A",2020-05-10,83.7391304347826
2020,"IT0883A",2020-05-11,57.8695652173913
2020,"IT0883A",2020-05-12,53.8260869565217
2020,"IT0883A",2020-05-13,66.3913043478261
2020,"IT0883A",2020-05-14,62
2020,"IT0883A",2020-05-15,70.4347826086957
2020,"IT0883A",2020-05-16,40.9130434782609
2020,"IT0883A",2020-05-17,62.6521739130435
2020,"IT0883A",2020-05-18,73
2020,"IT0883A",2020-05-19,53.9130434782609
2020,"IT0883A",2020-05-20,59.6190476190476
2020,"IT0883A",2020-05-21,74.3478260869565
2020,"IT0883A",2020-05-22,83.695652173913
2020,"IT0883A",2020-05-23,85.304347826087
2020,"IT0883A",2020-05-24,74.9565217391304
2020,"IT0883A",2020-05-25,67.9565217391304
2020,"IT0883A",2020-05-26,71.6521739130435
2020,"IT0883A",2020-05-27,71.6521739130435
2020,"IT0883A",2020-05-28,80.4782608695652
2020,"IT0883A",2020-05-29,74.5217391304348
2020,"IT0883A",2020-05-30,76.9565217391304
2020,"IT0883A",2020-05-31,68.3913043478261
2020,"IT0883A",2020-06-01,66.0434782608696
2020,"IT0883A",2020-06-02,75.3913043478261
2020,"IT0883A",2020-06-03,84.3478260869565
2020,"IT0883A",2020-06-04,71.9565217391304
2020,"IT0883A",2020-06-05,70.7826086956522
2020,"IT0883A",2020-06-06,50.9565217391304
2020,"IT0883A",2020-06-07,48.7391304347826
2020,"IT0883A",2020-06-08,57.8260869565217
2020,"IT0883A",2020-06-09,64.9130434782609
2020,"IT0883A",2020-06-10,44.8695652173913
2020,"IT0883A",2020-06-11,59.7826086956522
2020,"IT0883A",2020-06-12,59.5217391304348
2020,"IT0883A",2020-06-13,58.8235294117647
2020,"IT0883A",2020-06-15,57.4666666666667
2020,"IT0883A",2020-06-16,34.304347826087
2020,"IT0883A",2020-06-17,67.1739130434783
2020,"IT0883A",2020-06-18,66.9565217391304
2020,"IT0883A",2020-06-19,66.9565217391304
2020,"IT0883A",2020-06-20,65.0869565217391
2020,"IT0883A",2020-06-21,75.9565217391304
2020,"IT0883A",2020-06-22,79.4782608695652
2020,"IT0883A",2020-06-23,94.5652173913043
2020,"IT0883A",2020-06-24,96.0434782608696
2020,"IT0883A",2020-06-25,96.4782608695652
2020,"IT0883A",2020-06-26,90.7391304347826
2020,"IT0883A",2020-06-27,92.4347826086957
2020,"IT0883A",2020-06-28,80.0434782608696
2020,"IT0883A",2020-06-29,74.7391304347826
2020,"IT0883A",2020-06-30,74.7272727272727
2020,"IT0950A",2020-01-01,13.4782608695652
2020,"IT0950A",2020-01-02,10.304347826087
2020,"IT0950A",2020-01-03,11.8260869565217
2020,"IT0950A",2020-01-04,16.4347826086957
2020,"IT0950A",2020-01-05,30.2608695652174
2020,"IT0950A",2020-01-06,33
2020,"IT0950A",2020-01-07,10.0869565217391
2020,"IT0950A",2020-01-08,27.7826086956522
2020,"IT0950A",2020-01-09,13
2020,"IT0950A",2020-01-10,11.4347826086957
2020,"IT0950A",2020-01-11,24.9565217391304
2020,"IT0950A",2020-01-12,27.5217391304348
2020,"IT0950A",2020-01-13,15.8695652173913
2020,"IT0950A",2020-01-14,6.09523809523809
2020,"IT0950A",2020-01-15,10.304347826087
2020,"IT0950A",2020-01-16,14.0434782608696
2020,"IT0950A",2020-01-17,9.8695652173913
2020,"IT0950A",2020-01-18,14.9565217391304
2020,"IT0950A",2020-01-19,44.7391304347826
2020,"IT0950A",2020-01-20,54.9130434782609
2020,"IT0950A",2020-01-21,37.4782608695652
2020,"IT0950A",2020-01-22,13.2608695652174
2020,"IT0950A",2020-01-23,12.8695652173913
2020,"IT0950A",2020-01-24,11.6086956521739
2020,"IT0950A",2020-01-25,13
2020,"IT0950A",2020-01-26,22.7826086956522
2020,"IT0950A",2020-01-27,12.0869565217391
2020,"IT0950A",2020-01-28,57.304347826087
2020,"IT0950A",2020-01-29,49.8260869565217
2020,"IT0950A",2020-01-30,16.7391304347826
2020,"IT0950A",2020-01-31,11.2608695652174
2020,"IT0950A",2020-02-01,34.1304347826087
2020,"IT0950A",2020-02-02,39.6086956521739
2020,"IT0950A",2020-02-03,26.0869565217391
2020,"IT0950A",2020-02-04,33.9565217391304
2020,"IT0950A",2020-02-05,52.0434782608696
2020,"IT0950A",2020-02-06,55.8636363636364
2020,"IT0950A",2020-02-07,27.1304347826087
2020,"IT0950A",2020-02-08,25.1304347826087
2020,"IT0950A",2020-02-09,26.5217391304348
2020,"IT0950A",2020-02-10,65.9130434782609
2020,"IT0950A",2020-02-11,62.7826086956522
2020,"IT0950A",2020-02-12,38.9565217391304
2020,"IT0950A",2020-02-13,38.9565217391304
2020,"IT0950A",2020-02-14,49.695652173913
2020,"IT0950A",2020-02-15,35.4347826086956
2020,"IT0950A",2020-02-16,37.0869565217391
2020,"IT0950A",2020-02-17,40.1904761904762
2020,"IT0950A",2020-02-18,44.2272727272727
2020,"IT0950A",2020-02-19,26.0434782608696
2020,"IT0950A",2020-02-20,34.6086956521739
2020,"IT0950A",2020-02-21,28.4347826086957
2020,"IT0950A",2020-02-22,36
2020,"IT0950A",2020-02-23,44.5652173913044
2020,"IT0950A",2020-02-24,41.695652173913
2020,"IT0950A",2020-02-25,46.0434782608696
2020,"IT0950A",2020-02-26,62.0434782608696
2020,"IT0950A",2020-02-27,50.5217391304348
2020,"IT0950A",2020-02-28,49.5652173913044
2020,"IT0950A",2020-02-29,49.6521739130435
2020,"IT0950A",2020-03-01,70
2020,"IT0950A",2020-03-02,62.8260869565217
2020,"IT0950A",2020-03-03,41.4285714285714
2020,"IT0950A",2020-03-04,27.5384615384615
2020,"IT0950A",2020-03-11,55.7142857142857
2020,"IT0950A",2020-03-12,20.5217391304348
2020,"IT0950A",2020-03-13,33.7391304347826
2020,"IT0950A",2020-03-14,37.3913043478261
2020,"IT0950A",2020-03-15,62.0434782608696
2020,"IT0950A",2020-03-16,51.2173913043478
2020,"IT0950A",2020-03-17,51.0869565217391
2020,"IT0950A",2020-03-18,55.3478260869565
2020,"IT0950A",2020-03-19,61.7391304347826
2020,"IT0950A",2020-03-20,59.6521739130435
2020,"IT0950A",2020-03-21,61.7826086956522
2020,"IT0950A",2020-03-22,67.8260869565217
2020,"IT0950A",2020-03-23,68.8695652173913
2020,"IT0950A",2020-03-24,61.6521739130435
2020,"IT0950A",2020-03-25,63.6521739130435
2020,"IT0950A",2020-03-26,63.7826086956522
2020,"IT0950A",2020-03-27,56.4782608695652
2020,"IT0950A",2020-03-28,55.304347826087
2020,"IT0950A",2020-03-29,49.6086956521739
2020,"IT0950A",2020-03-30,50.1818181818182
2020,"IT0950A",2020-03-31,66.5217391304348
2020,"IT0950A",2020-04-01,73.4090909090909
2020,"IT0950A",2020-04-02,65.8571428571429
2020,"IT0950A",2020-04-03,62.0434782608696
2020,"IT0950A",2020-04-04,75.4782608695652
2020,"IT0950A",2020-04-05,81
2020,"IT0950A",2020-04-06,81.2173913043478
2020,"IT0950A",2020-04-07,78.9130434782609
2020,"IT0950A",2020-04-08,75.3913043478261
2020,"IT0950A",2020-04-09,70.8636363636364
2020,"IT0950A",2020-04-10,73
2020,"IT0950A",2020-04-11,76.3478260869565
2020,"IT0950A",2020-04-12,75.9130434782609
2020,"IT0950A",2020-04-13,77.6521739130435
2020,"IT0950A",2020-04-14,71.3478260869565
2020,"IT0950A",2020-04-15,69.695652173913
2020,"IT0950A",2020-04-16,68.2173913043478
2020,"IT0950A",2020-04-17,64.0434782608696
2020,"IT0950A",2020-04-18,46.8260869565217
2020,"IT0950A",2020-04-19,39.5217391304348
2020,"IT0950A",2020-04-20,48.5652173913044
2020,"IT0950A",2020-04-21,67.3913043478261
2020,"IT0950A",2020-04-22,69.7826086956522
2020,"IT0950A",2020-04-23,73.0434782608696
2020,"IT0950A",2020-04-24,78.3478260869565
2020,"IT0950A",2020-04-25,72.3913043478261
2020,"IT0950A",2020-04-26,61.9130434782609
2020,"IT0950A",2020-04-27,60.7826086956522
2020,"IT0950A",2020-04-28,52.6521739130435
2020,"IT0950A",2020-04-29,62.7826086956522
2020,"IT0950A",2020-04-30,67.3478260869565
2020,"IT0950A",2020-05-01,61.9130434782609
2020,"IT0950A",2020-05-02,48.3478260869565
2020,"IT0950A",2020-05-03,57.9565217391304
2020,"IT0950A",2020-05-04,69.1304347826087
2020,"IT0950A",2020-05-05,53.9130434782609
2020,"IT0950A",2020-05-06,56.8695652173913
2020,"IT0950A",2020-05-07,75.1304347826087
2020,"IT0950A",2020-05-08,71.7826086956522
2020,"IT0950A",2020-05-09,72.0434782608696
2020,"IT0950A",2020-05-10,69.8695652173913
2020,"IT0950A",2020-05-11,69.8695652173913
2020,"IT0950A",2020-05-12,50.7391304347826
2020,"IT0950A",2020-05-13,55.3913043478261
2020,"IT0950A",2020-05-14,58.0434782608696
2020,"IT0950A",2020-05-15,72.8260869565217
2020,"IT0950A",2020-05-16,31.2608695652174
2020,"IT0950A",2020-05-17,62.5652173913044
2020,"IT0950A",2020-05-18,54.3913043478261
2020,"IT0950A",2020-05-19,58.6
2020,"IT0950A",2020-05-20,52.695652173913
2020,"IT0950A",2020-05-21,73.0434782608696
2020,"IT0950A",2020-05-22,73.3478260869565
2020,"IT0950A",2020-05-23,73.0869565217391
2020,"IT0950A",2020-05-24,69.7826086956522
2020,"IT0950A",2020-05-25,68
2020,"IT0950A",2020-05-26,66.0434782608696
2020,"IT0950A",2020-05-27,63.5652173913044
2020,"IT0950A",2020-05-28,69.695652173913
2020,"IT0950A",2020-05-29,60.0434782608696
2020,"IT0950A",2020-05-30,68.7391304347826
2020,"IT0950A",2020-05-31,56.1304347826087
2020,"IT0950A",2020-06-01,58.5217391304348
2020,"IT0950A",2020-06-02,67.7826086956522
2020,"IT0950A",2020-06-03,71.0434782608696
2020,"IT0950A",2020-06-04,72.304347826087
2020,"IT0950A",2020-06-05,56.7826086956522
2020,"IT0950A",2020-06-06,40.4782608695652
2020,"IT0950A",2020-06-07,49.8695652173913
2020,"IT0950A",2020-06-08,43.9565217391304
2020,"IT0950A",2020-06-09,47.6086956521739
2020,"IT0950A",2020-06-10,47.8181818181818
2020,"IT0950A",2020-06-11,50.1739130434783
2020,"IT0950A",2020-06-12,51.695652173913
2020,"IT0950A",2020-06-13,53.6521739130435
2020,"IT0950A",2020-06-14,49.6086956521739
2020,"IT0950A",2020-06-15,45.2173913043478
2020,"IT0950A",2020-06-16,36.1304347826087
2020,"IT0950A",2020-06-17,49.2608695652174
2020,"IT0950A",2020-06-18,54.8695652173913
2020,"IT0950A",2020-06-19,57.2173913043478
2020,"IT0950A",2020-06-20,61.695652173913
2020,"IT0950A",2020-06-21,57.0869565217391
2020,"IT0950A",2020-06-22,66.304347826087
2020,"IT0950A",2020-06-23,66.8695652173913
2020,"IT0950A",2020-06-24,81.9130434782609
2020,"IT0950A",2020-06-25,76.4347826086957
2020,"IT0950A",2020-06-26,77.2173913043478
2020,"IT0950A",2020-06-27,72.6521739130435
2020,"IT0950A",2020-06-28,73.1304347826087
2020,"IT0950A",2020-06-29,59.8695652173913
2020,"IT0950A",2020-06-30,59.6086956521739
2020,"IT1071A",2020-01-01,8.56521739130435
2020,"IT1071A",2020-01-02,4.69565217391304
2020,"IT1071A",2020-01-03,3.47826086956522
2020,"IT1071A",2020-01-04,7.30434782608696
2020,"IT1071A",2020-01-05,5.1304347826087
2020,"IT1071A",2020-01-06,9.73913043478261
2020,"IT1071A",2020-01-07,4.30434782608696
2020,"IT1071A",2020-01-08,5.95652173913043
2020,"IT1071A",2020-01-09,6.65217391304348
2020,"IT1071A",2020-01-10,5.39130434782609
2020,"IT1071A",2020-01-11,20.8695652173913
2020,"IT1071A",2020-01-12,24.1739130434783
2020,"IT1071A",2020-01-13,7.91304347826087
2020,"IT1071A",2020-01-14,3.65217391304348
2020,"IT1071A",2020-01-15,7.47826086956522
2020,"IT1071A",2020-01-16,6.08695652173913
2020,"IT1071A",2020-01-17,3.69565217391304
2020,"IT1071A",2020-01-18,18.3913043478261
2020,"IT1071A",2020-01-19,32.5652173913044
2020,"IT1071A",2020-01-20,52.695652173913
2020,"IT1071A",2020-01-21,37.304347826087
2020,"IT1071A",2020-01-22,11.304347826087
2020,"IT1071A",2020-01-23,7.17391304347826
2020,"IT1071A",2020-01-24,3.91304347826087
2020,"IT1071A",2020-01-25,12
2020,"IT1071A",2020-01-26,11.3913043478261
2020,"IT1071A",2020-01-27,2.17391304347826
2020,"IT1071A",2020-01-28,40.5652173913044
2020,"IT1071A",2020-01-29,40.9565217391304
2020,"IT1071A",2020-01-30,9.8695652173913
2020,"IT1071A",2020-01-31,12
2020,"IT1071A",2020-02-01,15.9565217391304
2020,"IT1071A",2020-02-02,22.0869565217391
2020,"IT1071A",2020-02-03,7.39130434782609
2020,"IT1071A",2020-02-04,34.7391304347826
2020,"IT1071A",2020-02-05,39.7391304347826
2020,"IT1071A",2020-02-06,26.2608695652174
2020,"IT1071A",2020-02-07,16.9565217391304
2020,"IT1071A",2020-02-08,14.9130434782609
2020,"IT1071A",2020-02-09,12.8260869565217
2020,"IT1071A",2020-02-10,30.5652173913043
2020,"IT1071A",2020-02-11,56.9130434782609
2020,"IT1071A",2020-02-12,22.5652173913043
2020,"IT1071A",2020-02-13,25.4782608695652
2020,"IT1071A",2020-02-14,31.1739130434783
2020,"IT1071A",2020-02-15,16.9130434782609
2020,"IT1071A",2020-02-16,22.0869565217391
2020,"IT1071A",2020-02-17,27.695652173913
2020,"IT1071A",2020-02-18,28.4782608695652
2020,"IT1071A",2020-02-19,23.8260869565217
2020,"IT1071A",2020-02-20,18.4347826086957
2020,"IT1071A",2020-02-21,19
2020,"IT1071A",2020-02-22,29.0434782608696
2020,"IT1071A",2020-02-23,37.3478260869565
2020,"IT1071A",2020-02-24,35.0869565217391
2020,"IT1071A",2020-02-25,22.2608695652174
2020,"IT1071A",2020-02-26,58
2020,"IT1071A",2020-02-27,34.3478260869565
2020,"IT1071A",2020-02-28,23.4545454545455
2020,"IT1071A",2020-02-29,20.0434782608696
2020,"IT1071A",2020-03-01,36.8695652173913
2020,"IT1071A",2020-03-02,44.304347826087
2020,"IT1071A",2020-03-03,42.4782608695652
2020,"IT1071A",2020-03-04,15.0434782608696
2020,"IT1071A",2020-03-05,18.304347826087
2020,"IT1071A",2020-03-06,50.9565217391304
2020,"IT1071A",2020-03-07,32.5217391304348
2020,"IT1071A",2020-03-08,35.0434782608696
2020,"IT1071A",2020-03-09,26.9130434782609
2020,"IT1071A",2020-03-10,33.5238095238095
2020,"IT1071A",2020-03-11,35.9047619047619
2020,"IT1071A",2020-03-12,18.695652173913
2020,"IT1071A",2020-03-13,18.6521739130435
2020,"IT1071A",2020-03-14,29.0869565217391
2020,"IT1071A",2020-03-15,67
2020,"IT1071A",2020-03-16,48.2173913043478
2020,"IT1071A",2020-03-17,34.9565217391304
2020,"IT1071A",2020-03-18,44.2173913043478
2020,"IT1071A",2020-03-19,49.5652173913044
2020,"IT1071A",2020-03-20,43.8260869565217
2020,"IT1071A",2020-03-21,42.9130434782609
2020,"IT1071A",2020-03-22,53.3913043478261
2020,"IT1071A",2020-03-23,72.8695652173913
2020,"IT1071A",2020-03-24,54.5652173913044
2020,"IT1071A",2020-03-25,70.3913043478261
2020,"IT1071A",2020-03-26,66.8695652173913
2020,"IT1071A",2020-03-27,62.2608695652174
2020,"IT1071A",2020-03-28,55.304347826087
2020,"IT1071A",2020-03-29,51.1304347826087
2020,"IT1071A",2020-03-30,47.7391304347826
2020,"IT1071A",2020-03-31,70.9130434782609
2020,"IT1071A",2020-04-01,74.5652173913043
2020,"IT1071A",2020-04-02,61.4782608695652
2020,"IT1071A",2020-04-03,52.7826086956522
2020,"IT1071A",2020-04-04,66.4782608695652
2020,"IT1071A",2020-04-05,75.1739130434783
2020,"IT1071A",2020-04-06,72.6086956521739
2020,"IT1071A",2020-04-07,66.1304347826087
2020,"IT1071A",2020-04-08,62.8260869565217
2020,"IT1071A",2020-04-09,61.8260869565217
2020,"IT1071A",2020-04-10,71.1739130434783
2020,"IT1071A",2020-04-11,71.2608695652174
2020,"IT1071A",2020-04-12,72.7826086956522
2020,"IT1071A",2020-04-13,65.5217391304348
2020,"IT1071A",2020-04-14,65.3913043478261
2020,"IT1071A",2020-04-15,74.7391304347826
2020,"IT1071A",2020-04-16,56.9130434782609
2020,"IT1071A",2020-04-17,53.2608695652174
2020,"IT1071A",2020-04-18,37.8260869565217
2020,"IT1071A",2020-04-19,40.7826086956522
2020,"IT1071A",2020-04-20,47.2173913043478
2020,"IT1071A",2020-04-21,75.8695652173913
2020,"IT1071A",2020-04-22,80.3913043478261
2020,"IT1071A",2020-04-23,75.2173913043478
2020,"IT1071A",2020-04-24,71.9565217391304
2020,"IT1071A",2020-04-25,64.6521739130435
2020,"IT1071A",2020-04-26,51.1304347826087
2020,"IT1071A",2020-04-27,49.9565217391304
2020,"IT1071A",2020-04-28,40.2608695652174
2020,"IT1071A",2020-04-29,70.7826086956522
2020,"IT1071A",2020-04-30,59.0869565217391
2020,"IT1071A",2020-05-01,59.3478260869565
2020,"IT1071A",2020-05-02,48.8695652173913
2020,"IT1071A",2020-05-03,55.2608695652174
2020,"IT1071A",2020-05-04,61.3478260869565
2020,"IT1071A",2020-05-05,42.2608695652174
2020,"IT1071A",2020-05-06,49.1578947368421
2020,"IT1071A",2020-05-07,73.6153846153846
2020,"IT1071A",2020-05-08,87.3571428571429
2020,"IT1071A",2020-05-09,59.4782608695652
2020,"IT1071A",2020-05-10,65.7391304347826
2020,"IT1071A",2020-05-11,52
2020,"IT1071A",2020-05-12,55.3478260869565
2020,"IT1071A",2020-05-13,44.5652173913044
2020,"IT1071A",2020-05-14,44.7391304347826
2020,"IT1071A",2020-05-15,63.8260869565217
2020,"IT1071A",2020-05-16,34.1304347826087
2020,"IT1071A",2020-05-17,60
2020,"IT1071A",2020-05-18,46.9565217391304
2020,"IT1071A",2020-05-19,45.0869565217391
2020,"IT1071A",2020-05-20,55.8260869565217
2020,"IT1071A",2020-05-21,59.2173913043478
2020,"IT1071A",2020-05-22,62.4347826086956
2020,"IT1071A",2020-05-23,68.0434782608696
2020,"IT1071A",2020-05-24,63.3478260869565
2020,"IT1071A",2020-05-25,60.8571428571429
2020,"IT1071A",2020-05-26,59.4347826086956
2020,"IT1071A",2020-05-27,63.0434782608696
2020,"IT1071A",2020-05-28,61.2173913043478
2020,"IT1071A",2020-05-29,69.1739130434783
2020,"IT1071A",2020-05-30,63.3913043478261
2020,"IT1071A",2020-05-31,56.304347826087
2020,"IT1071A",2020-06-01,54.6086956521739
2020,"IT1071A",2020-06-02,62.5217391304348
2020,"IT1071A",2020-06-03,57.5
2020,"IT1071A",2020-06-04,47.0952380952381
2020,"IT1071A",2020-06-05,70.9565217391304
2020,"IT1071A",2020-06-06,39
2020,"IT1071A",2020-06-07,46.8260869565217
2020,"IT1071A",2020-06-08,52.2608695652174
2020,"IT1071A",2020-06-09,51.0869565217391
2020,"IT1071A",2020-06-10,34.9523809523809
2020,"IT1071A",2020-06-11,48.8695652173913
2020,"IT1071A",2020-06-12,43.7391304347826
2020,"IT1071A",2020-06-13,40.3913043478261
2020,"IT1071A",2020-06-14,50.5217391304348
2020,"IT1071A",2020-06-15,47.8260869565217
2020,"IT1071A",2020-06-16,48.304347826087
2020,"IT1071A",2020-06-17,61.1739130434783
2020,"IT1071A",2020-06-18,51.695652173913
2020,"IT1071A",2020-06-19,52.2608695652174
2020,"IT1071A",2020-06-20,59.1304347826087
2020,"IT1071A",2020-06-21,55.6521739130435
2020,"IT1071A",2020-06-22,60.8260869565217
2020,"IT1071A",2020-06-23,63.5652173913044
2020,"IT1071A",2020-06-24,70.3913043478261
2020,"IT1071A",2020-06-25,73.8260869565217
2020,"IT1071A",2020-06-26,61.3913043478261
2020,"IT1071A",2020-06-27,61.2173913043478
2020,"IT1071A",2020-06-28,56.7826086956522
2020,"IT1071A",2020-06-29,56.1739130434783
2020,"IT1071A",2020-06-30,52.9130434782609
2020,"IT1110A",2020-01-01,12.5217391304348
2020,"IT1110A",2020-01-02,10
2020,"IT1110A",2020-01-03,4.26086956521739
2020,"IT1110A",2020-01-04,12.0434782608696
2020,"IT1110A",2020-01-05,9.43478260869565
2020,"IT1110A",2020-01-06,24.3913043478261
2020,"IT1110A",2020-01-07,5.34782608695652
2020,"IT1110A",2020-01-08,9.69565217391304
2020,"IT1110A",2020-01-09,9.82608695652174
2020,"IT1110A",2020-01-10,9.26086956521739
2020,"IT1110A",2020-01-11,19
2020,"IT1110A",2020-01-12,33.8695652173913
2020,"IT1110A",2020-01-13,14.2173913043478
2020,"IT1110A",2020-01-14,11.4782608695652
2020,"IT1110A",2020-01-15,19.695652173913
2020,"IT1110A",2020-01-16,7.34782608695652
2020,"IT1110A",2020-01-17,7.60869565217391
2020,"IT1110A",2020-01-18,31.695652173913
2020,"IT1110A",2020-01-19,35.1304347826087
2020,"IT1110A",2020-01-20,60.7391304347826
2020,"IT1110A",2020-01-21,39.1739130434783
2020,"IT1110A",2020-01-22,26.9130434782609
2020,"IT1110A",2020-01-23,13.9565217391304
2020,"IT1110A",2020-01-24,23.1304347826087
2020,"IT1110A",2020-01-25,36.6086956521739
2020,"IT1110A",2020-01-26,18.3913043478261
2020,"IT1110A",2020-01-27,8.8695652173913
2020,"IT1110A",2020-01-28,61.9565217391304
2020,"IT1110A",2020-01-29,53.7391304347826
2020,"IT1110A",2020-01-30,25.0869565217391
2020,"IT1110A",2020-01-31,22.3913043478261
2020,"IT1110A",2020-02-01,34.6521739130435
2020,"IT1110A",2020-02-02,43.3333333333333
2020,"IT1110A",2020-02-03,15.9285714285714
2020,"IT1110A",2020-02-04,41.5652173913044
2020,"IT1110A",2020-02-05,51.9565217391304
2020,"IT1110A",2020-02-06,29.7391304347826
2020,"IT1110A",2020-02-07,21.2173913043478
2020,"IT1110A",2020-02-08,22.9565217391304
2020,"IT1110A",2020-02-09,27.304347826087
2020,"IT1110A",2020-02-10,46.3478260869565
2020,"IT1110A",2020-02-11,60.695652173913
2020,"IT1110A",2020-02-12,33.2608695652174
2020,"IT1110A",2020-02-13,39.9130434782609
2020,"IT1110A",2020-02-14,41.5652173913044
2020,"IT1110A",2020-02-15,23.7391304347826
2020,"IT1110A",2020-02-16,30.5652173913043
2020,"IT1110A",2020-02-17,42.7391304347826
2020,"IT1110A",2020-02-18,46.5652173913044
2020,"IT1110A",2020-02-19,35.0434782608696
2020,"IT1110A",2020-02-20,32.7826086956522
2020,"IT1110A",2020-02-21,31.6521739130435
2020,"IT1110A",2020-02-22,30.9565217391304
2020,"IT1110A",2020-02-23,37.6086956521739
2020,"IT1110A",2020-02-24,44
2020,"IT1110A",2020-02-25,37.9130434782609
2020,"IT1110A",2020-02-26,74.5454545454545
2020,"IT1110A",2020-02-27,59.3913043478261
2020,"IT1110A",2020-02-28,42.4347826086956
2020,"IT1110A",2020-02-29,48.304347826087
2020,"IT1110A",2020-03-01,66.9565217391304
2020,"IT1110A",2020-03-02,58.9130434782609
2020,"IT1110A",2020-03-03,64.4166666666667
2020,"IT1110A",2020-03-04,43.7142857142857
2020,"IT1110A",2020-03-05,29.7619047619048
2020,"IT1110A",2020-03-06,54.1739130434783
2020,"IT1110A",2020-03-07,38.1739130434783
2020,"IT1110A",2020-03-08,42.9130434782609
2020,"IT1110A",2020-03-09,40.7391304347826
2020,"IT1110A",2020-03-10,42.695652173913
2020,"IT1110A",2020-03-11,44.5909090909091
2020,"IT1110A",2020-03-12,24.7826086956522
2020,"IT1110A",2020-03-13,42.5652173913044
2020,"IT1110A",2020-03-14,40.2608695652174
2020,"IT1110A",2020-03-15,64.3478260869565
2020,"IT1110A",2020-03-16,57.1304347826087
2020,"IT1110A",2020-03-17,43.6086956521739
2020,"IT1110A",2020-03-18,48.9130434782609
2020,"IT1110A",2020-03-19,56.1739130434783
2020,"IT1110A",2020-03-20,51.304347826087
2020,"IT1110A",2020-03-21,51.2173913043478
2020,"IT1110A",2020-03-22,55.7826086956522
2020,"IT1110A",2020-03-23,77.2608695652174
2020,"IT1110A",2020-03-24,68.2173913043478
2020,"IT1110A",2020-03-25,74.9565217391304
2020,"IT1110A",2020-03-26,65.7826086956522
2020,"IT1110A",2020-03-27,65.0869565217391
2020,"IT1110A",2020-03-28,48.5217391304348
2020,"IT1110A",2020-03-29,58.3913043478261
2020,"IT1110A",2020-03-30,62.0434782608696
2020,"IT1110A",2020-03-31,67.9130434782609
2020,"IT1110A",2020-04-01,76.3913043478261
2020,"IT1110A",2020-04-02,69.3913043478261
2020,"IT1110A",2020-04-03,63.7826086956522
2020,"IT1110A",2020-04-04,66.6521739130435
2020,"IT1110A",2020-04-05,80.0869565217391
2020,"IT1110A",2020-04-06,82.6086956521739
2020,"IT1110A",2020-04-07,75.4782608695652
2020,"IT1110A",2020-04-08,69.3478260869565
2020,"IT1110A",2020-04-09,63.6086956521739
2020,"IT1110A",2020-04-10,71.695652173913
2020,"IT1110A",2020-04-11,78.3478260869565
2020,"IT1110A",2020-04-12,71
2020,"IT1110A",2020-04-13,74.5652173913043
2020,"IT1110A",2020-04-14,82.0869565217391
2020,"IT1110A",2020-04-15,75
2020,"IT1110A",2020-04-16,65.2608695652174
2020,"IT1110A",2020-04-17,66.304347826087
2020,"IT1110A",2020-04-18,52.695652173913
2020,"IT1110A",2020-04-19,55.9130434782609
2020,"IT1110A",2020-04-20,63.3913043478261
2020,"IT1110A",2020-04-21,82.9545454545455
2020,"IT1110A",2020-04-22,82.9565217391304
2020,"IT1110A",2020-04-23,84.7826086956522
2020,"IT1110A",2020-04-24,76.6521739130435
2020,"IT1110A",2020-04-25,68.4347826086957
2020,"IT1110A",2020-04-26,60.0434782608696
2020,"IT1110A",2020-04-27,59.3913043478261
2020,"IT1110A",2020-04-28,55.4782608695652
2020,"IT1110A",2020-04-29,81.8260869565217
2020,"IT1110A",2020-04-30,75.9130434782609
2020,"IT1110A",2020-05-01,70.5217391304348
2020,"IT1110A",2020-05-02,57.7391304347826
2020,"IT1110A",2020-05-03,54.9130434782609
2020,"IT1110A",2020-05-04,76.1428571428571
2020,"IT1110A",2020-05-05,49.9565217391304
2020,"IT1110A",2020-05-06,54.4285714285714
2020,"IT1110A",2020-05-07,92.4782608695652
2020,"IT1110A",2020-05-08,74.695652173913
2020,"IT1110A",2020-05-09,73.2173913043478
2020,"IT1110A",2020-05-10,86.304347826087
2020,"IT1110A",2020-05-11,69.1739130434783
2020,"IT1110A",2020-05-12,63.9130434782609
2020,"IT1110A",2020-05-13,64.2272727272727
2020,"IT1110A",2020-05-14,64.1739130434783
2020,"IT1110A",2020-05-15,73.8695652173913
2020,"IT1110A",2020-05-16,45.9565217391304
2020,"IT1110A",2020-05-17,66.3478260869565
2020,"IT1110A",2020-05-18,55.0869565217391
2020,"IT1110A",2020-05-19,53.9130434782609
2020,"IT1110A",2020-05-20,70.3913043478261
2020,"IT1110A",2020-05-21,80.2608695652174
2020,"IT1110A",2020-05-22,71.4347826086957
2020,"IT1110A",2020-05-23,76.0434782608696
2020,"IT1110A",2020-05-24,70.0869565217391
2020,"IT1110A",2020-05-25,76.0869565217391
2020,"IT1110A",2020-05-26,72.3636363636364
2020,"IT1110A",2020-05-27,76.4347826086957
2020,"IT1110A",2020-05-28,69.6086956521739
2020,"IT1110A",2020-05-29,75.7826086956522
2020,"IT1110A",2020-05-30,73.6521739130435
2020,"IT1110A",2020-05-31,68.4347826086957
2020,"IT1110A",2020-06-01,71.2608695652174
2020,"IT1110A",2020-06-02,75.8260869565217
2020,"IT1110A",2020-06-03,72.3913043478261
2020,"IT1110A",2020-06-04,66.3809523809524
2020,"IT1110A",2020-06-05,78.4761904761905
2020,"IT1110A",2020-06-06,49.4782608695652
2020,"IT1110A",2020-06-07,54.3478260869565
2020,"IT1110A",2020-06-08,60.4347826086956
2020,"IT1110A",2020-06-09,60.2173913043478
2020,"IT1110A",2020-06-10,58.9565217391304
2020,"IT1110A",2020-06-11,60.6521739130435
2020,"IT1110A",2020-06-12,58.8260869565217
2020,"IT1110A",2020-06-13,54.8695652173913
2020,"IT1110A",2020-06-14,63.7826086956522
2020,"IT1110A",2020-06-15,58.7826086956522
2020,"IT1110A",2020-06-16,65.9130434782609
2020,"IT1110A",2020-06-17,73.1739130434783
2020,"IT1110A",2020-06-18,63.5217391304348
2020,"IT1110A",2020-06-19,58.0869565217391
2020,"IT1110A",2020-06-20,62.6086956521739
2020,"IT1110A",2020-06-21,64.1739130434783
2020,"IT1110A",2020-06-22,65.1739130434783
2020,"IT1110A",2020-06-23,75.3478260869565
2020,"IT1110A",2020-06-24,81.1739130434783
2020,"IT1110A",2020-06-25,82.2608695652174
2020,"IT1110A",2020-06-26,70.8260869565217
2020,"IT1110A",2020-06-27,71.3478260869565
2020,"IT1110A",2020-06-28,63.9565217391304
2020,"IT1110A",2020-06-29,65.6086956521739
2020,"IT1110A",2020-06-30,60.6086956521739
2020,"IT1149A",2020-01-01,49.304347826087
2020,"IT1149A",2020-01-02,39.0869565217391
2020,"IT1149A",2020-01-03,55.2608695652174
2020,"IT1149A",2020-01-04,54.2173913043478
2020,"IT1149A",2020-01-05,59
2020,"IT1149A",2020-01-06,62.9130434782609
2020,"IT1149A",2020-01-07,45.8260869565217
2020,"IT1149A",2020-01-08,60.7826086956522
2020,"IT1149A",2020-01-09,57.7727272727273
2020,"IT1149A",2020-01-10,64.9565217391304
2020,"IT1149A",2020-01-11,57.2173913043478
2020,"IT1149A",2020-01-12,57.695652173913
2020,"IT1149A",2020-01-13,55.6521739130435
2020,"IT1149A",2020-01-14,67.6521739130435
2020,"IT1149A",2020-01-15,65.304347826087
2020,"IT1149A",2020-01-16,57
2020,"IT1149A",2020-01-17,67.3913043478261
2020,"IT1149A",2020-01-18,52.1304347826087
2020,"IT1149A",2020-01-19,59.5217391304348
2020,"IT1149A",2020-01-20,66.0434782608696
2020,"IT1149A",2020-01-21,64.3913043478261
2020,"IT1149A",2020-01-22,51.2608695652174
2020,"IT1149A",2020-01-23,57.8260869565217
2020,"IT1149A",2020-01-24,65.8695652173913
2020,"IT1149A",2020-01-25,56.7826086956522
2020,"IT1149A",2020-01-26,50.1739130434783
2020,"IT1149A",2020-01-27,66.2173913043478
2020,"IT1149A",2020-01-28,76.9130434782609
2020,"IT1149A",2020-01-29,78.695652173913
2020,"IT1149A",2020-01-30,63
2020,"IT1149A",2020-01-31,67.9130434782609
2020,"IT1149A",2020-02-01,67.0869565217391
2020,"IT1149A",2020-02-02,55.3478260869565
2020,"IT1149A",2020-02-03,54.1304347826087
2020,"IT1149A",2020-02-04,67.2173913043478
2020,"IT1149A",2020-02-05,71.1304347826087
2020,"IT1149A",2020-02-06,64.5217391304348
2020,"IT1149A",2020-02-07,60.9565217391304
2020,"IT1149A",2020-02-08,65.0434782608696
2020,"IT1149A",2020-02-09,76.5652173913043
2020,"IT1149A",2020-02-10,77.304347826087
2020,"IT1149A",2020-02-11,76.6521739130435
2020,"IT1149A",2020-02-12,74.695652173913
2020,"IT1149A",2020-02-13,70.1304347826087
2020,"IT1149A",2020-02-14,65.3478260869565
2020,"IT1149A",2020-02-15,65.304347826087
2020,"IT1149A",2020-02-16,70.6521739130435
2020,"IT1149A",2020-02-17,72.0434782608696
2020,"IT1149A",2020-02-18,63.5652173913044
2020,"IT1149A",2020-02-19,62.4347826086956
2020,"IT1149A",2020-02-20,65.6521739130435
2020,"IT1149A",2020-02-21,64.6086956521739
2020,"IT1149A",2020-02-22,72.3913043478261
2020,"IT1149A",2020-02-23,80.4347826086957
2020,"IT1149A",2020-02-24,63.0869565217391
2020,"IT1149A",2020-02-25,79.3333333333333
2020,"IT1149A",2020-02-26,83.5909090909091
2020,"IT1149A",2020-02-27,78.4782608695652
2020,"IT1149A",2020-02-28,69.3478260869565
2020,"IT1149A",2020-02-29,84.4347826086957
2020,"IT1149A",2020-03-01,87.1739130434783
2020,"IT1149A",2020-03-02,81.8695652173913
2020,"IT1149A",2020-03-03,76.1739130434783
2020,"IT1149A",2020-03-04,56.4347826086956
2020,"IT1149A",2020-03-05,72.2173913043478
2020,"IT1149A",2020-03-06,83.6086956521739
2020,"IT1149A",2020-03-07,63.7826086956522
2020,"IT1149A",2020-03-08,72.0869565217391
2020,"IT1149A",2020-03-09,82.5652173913043
2020,"IT1149A",2020-03-10,83.0434782608696
2020,"IT1149A",2020-03-11,81.3478260869565
2020,"IT1149A",2020-03-12,68.8260869565217
2020,"IT1149A",2020-03-13,68.0869565217391
2020,"IT1149A",2020-03-14,62.8260869565217
2020,"IT1149A",2020-03-15,78.8695652173913
2020,"IT1149A",2020-03-16,78.7391304347826
2020,"IT1149A",2020-03-17,74.4347826086957
2020,"IT1149A",2020-03-18,90.1739130434783
2020,"IT1149A",2020-03-19,100
2020,"IT1149A",2020-03-20,85.5652173913043
2020,"IT1149A",2020-03-21,77.3478260869565
2020,"IT1149A",2020-03-22,82.9130434782609
2020,"IT1149A",2020-03-23,83.5652173913043
2020,"IT1149A",2020-03-24,73.8260869565217
2020,"IT1149A",2020-03-25,76
2020,"IT1149A",2020-03-26,71.5652173913043
2020,"IT1149A",2020-03-27,65.3478260869565
2020,"IT1149A",2020-03-28,72.4347826086957
2020,"IT1149A",2020-03-29,78.6521739130435
2020,"IT1149A",2020-03-30,73.3913043478261
2020,"IT1149A",2020-03-31,73.1739130434783
2020,"IT1149A",2020-04-01,88.2608695652174
2020,"IT1149A",2020-04-02,96.304347826087
2020,"IT1149A",2020-04-03,91
2020,"IT1149A",2020-04-04,106.130434782609
2020,"IT1149A",2020-04-05,98.0434782608696
2020,"IT1149A",2020-04-06,104.913043478261
2020,"IT1149A",2020-04-07,106.260869565217
2020,"IT1149A",2020-04-08,108.04347826087
2020,"IT1149A",2020-04-09,101.739130434783
2020,"IT1149A",2020-04-10,109.95652173913
2020,"IT1149A",2020-04-11,111.521739130435
2020,"IT1149A",2020-04-12,105.652173913043
2020,"IT1149A",2020-04-13,105.086956521739
2020,"IT1149A",2020-04-14,89.5652173913043
2020,"IT1149A",2020-04-15,82.3478260869565
2020,"IT1149A",2020-04-16,86.4782608695652
2020,"IT1149A",2020-04-17,79.7391304347826
2020,"IT1149A",2020-04-18,63.3478260869565
2020,"IT1149A",2020-04-19,56.8260869565217
2020,"IT1149A",2020-04-20,66.0434782608696
2020,"IT1149A",2020-04-21,71.7391304347826
2020,"IT1149A",2020-04-22,68.5
2020,"IT1149A",2020-04-23,89.4347826086957
2020,"IT1149A",2020-04-24,106.565217391304
2020,"IT1149A",2020-04-25,95.0434782608696
2020,"IT1149A",2020-04-26,77.0869565217391
2020,"IT1149A",2020-04-27,69.6086956521739
2020,"IT1149A",2020-04-28,76.3478260869565
2020,"IT1149A",2020-04-29,82.4347826086957
2020,"IT1149A",2020-04-30,77.1818181818182
2020,"IT1149A",2020-05-01,78.7391304347826
2020,"IT1149A",2020-05-02,65.9130434782609
2020,"IT1149A",2020-05-03,75.695652173913
2020,"IT1149A",2020-05-04,93
2020,"IT1149A",2020-05-05,67.304347826087
2020,"IT1149A",2020-05-06,72.8695652173913
2020,"IT1149A",2020-05-07,103.347826086957
2020,"IT1149A",2020-05-08,100.04347826087
2020,"IT1149A",2020-05-09,101.869565217391
2020,"IT1149A",2020-05-10,101.565217391304
2020,"IT1149A",2020-05-11,77.9130434782609
2020,"IT1149A",2020-05-12,75.4347826086957
2020,"IT1149A",2020-05-13,87
2020,"IT1149A",2020-05-14,79.9130434782609
2020,"IT1149A",2020-05-15,82.4347826086957
2020,"IT1149A",2020-05-16,62.695652173913
2020,"IT1149A",2020-05-17,68.4782608695652
2020,"IT1149A",2020-05-18,60.3181818181818
2020,"IT1149A",2020-05-19,58.304347826087
2020,"IT1149A",2020-05-20,76.695652173913
2020,"IT1149A",2020-05-21,79.5652173913043
2020,"IT1149A",2020-05-22,95
2020,"IT1149A",2020-05-23,98.1739130434783
2020,"IT1149A",2020-05-24,85.0434782608696
2020,"IT1149A",2020-05-25,89.3913043478261
2020,"IT1149A",2020-05-26,88.9130434782609
2020,"IT1149A",2020-05-27,84.8260869565217
2020,"IT1149A",2020-05-28,92.1304347826087
2020,"IT1149A",2020-05-29,79.9565217391304
2020,"IT1149A",2020-05-30,74.1739130434783
2020,"IT1149A",2020-05-31,83.304347826087
2020,"IT1149A",2020-06-01,81.3913043478261
2020,"IT1149A",2020-06-02,85.6086956521739
2020,"IT1149A",2020-06-03,92.6086956521739
2020,"IT1149A",2020-06-04,94.0869565217391
2020,"IT1149A",2020-06-05,81.4347826086957
2020,"IT1149A",2020-06-06,57.8260869565217
2020,"IT1149A",2020-06-07,68.4347826086957
2020,"IT1149A",2020-06-08,68.695652173913
2020,"IT1149A",2020-06-09,66.1739130434783
2020,"IT1149A",2020-06-10,60.8695652173913
2020,"IT1149A",2020-06-11,79.8260869565217
2020,"IT1149A",2020-06-12,78
2020,"IT1149A",2020-06-13,71.7826086956522
2020,"IT1149A",2020-06-14,73.3478260869565
2020,"IT1149A",2020-06-15,78.6086956521739
2020,"IT1149A",2020-06-16,77.9565217391304
2020,"IT1149A",2020-06-17,77.8695652173913
2020,"IT1149A",2020-06-18,74.0434782608696
2020,"IT1149A",2020-06-19,77.9130434782609
2020,"IT1149A",2020-06-20,83.5652173913043
2020,"IT1149A",2020-06-21,79.9565217391304
2020,"IT1149A",2020-06-22,91.6086956521739
2020,"IT1149A",2020-06-23,97.9565217391304
2020,"IT1149A",2020-06-24,101.217391304348
2020,"IT1149A",2020-06-25,104.434782608696
2020,"IT1149A",2020-06-26,95.5263157894737
2020,"IT1149A",2020-06-27,88.9565217391304
2020,"IT1149A",2020-06-28,73.6086956521739
2020,"IT1149A",2020-06-29,81.0869565217391
2020,"IT1149A",2020-06-30,70.1304347826087
2020,"IT1553A",2020-01-01,13.8260869565217
2020,"IT1553A",2020-01-02,10.8125
2020,"IT1553A",2020-01-03,8.57142857142857
2020,"IT1553A",2020-01-04,8.21739130434783
2020,"IT1553A",2020-01-05,5.1304347826087
2020,"IT1553A",2020-01-06,12.1304347826087
2020,"IT1553A",2020-01-07,5.30434782608696
2020,"IT1553A",2020-01-08,15.5217391304348
2020,"IT1553A",2020-01-09,7.73913043478261
2020,"IT1553A",2020-01-10,9.43478260869565
2020,"IT1553A",2020-01-11,34.2173913043478
2020,"IT1553A",2020-01-12,38.6086956521739
2020,"IT1553A",2020-01-13,14.9130434782609
2020,"IT1553A",2020-01-14,5.17391304347826
2020,"IT1553A",2020-01-15,8.30434782608696
2020,"IT1553A",2020-01-16,13.4782608695652
2020,"IT1553A",2020-01-17,4.17391304347826
2020,"IT1553A",2020-01-18,10.0434782608696
2020,"IT1553A",2020-01-19,44.7391304347826
2020,"IT1553A",2020-01-20,59.695652173913
2020,"IT1553A",2020-01-21,37.5714285714286
2020,"IT1553A",2020-01-22,13.9130434782609
2020,"IT1553A",2020-01-23,11.0869565217391
2020,"IT1553A",2020-01-24,6.04347826086957
2020,"IT1553A",2020-01-25,8.56521739130435
2020,"IT1553A",2020-01-26,19.4782608695652
2020,"IT1553A",2020-01-27,4.95652173913043
2020,"IT1553A",2020-01-28,45.1304347826087
2020,"IT1553A",2020-01-29,43.9130434782609
2020,"IT1553A",2020-01-30,18.5652173913043
2020,"IT1553A",2020-01-31,13.695652173913
2020,"IT1553A",2020-02-01,23.3478260869565
2020,"IT1553A",2020-02-02,32.8260869565217
2020,"IT1553A",2020-02-03,13.0434782608696
2020,"IT1553A",2020-02-04,41.5217391304348
2020,"IT1553A",2020-02-05,62.3478260869565
2020,"IT1553A",2020-02-06,43.9130434782609
2020,"IT1553A",2020-02-07,18.7391304347826
2020,"IT1553A",2020-02-08,23.3913043478261
2020,"IT1553A",2020-02-09,14.8260869565217
2020,"IT1553A",2020-02-10,41.5652173913044
2020,"IT1553A",2020-02-11,48
2020,"IT1553A",2020-02-12,28.6521739130435
2020,"IT1553A",2020-02-13,31.5652173913043
2020,"IT1553A",2020-02-14,39.3478260869565
2020,"IT1553A",2020-02-15,25.8260869565217
2020,"IT1553A",2020-02-16,28
2020,"IT1553A",2020-02-17,25.8260869565217
2020,"IT1553A",2020-02-18,31.0869565217391
2020,"IT1553A",2020-02-19,23.8695652173913
2020,"IT1553A",2020-02-20,25.9090909090909
2020,"IT1553A",2020-02-21,23.8260869565217
2020,"IT1553A",2020-02-22,31.4347826086957
2020,"IT1553A",2020-02-23,22.4615384615385
2020,"IT1553A",2020-02-24,28.0909090909091
2020,"IT1553A",2020-02-25,29.9565217391304
2020,"IT1553A",2020-02-26,52.4347826086956
2020,"IT1553A",2020-02-27,30.8125
2020,"IT1553A",2020-02-28,43.4545454545455
2020,"IT1553A",2020-02-29,14.1739130434783
2020,"IT1553A",2020-03-01,29.0434782608696
2020,"IT1553A",2020-03-02,41.1739130434783
2020,"IT1553A",2020-03-03,46.8695652173913
2020,"IT1553A",2020-03-04,29.4347826086957
2020,"IT1553A",2020-03-05,22.4347826086957
2020,"IT1553A",2020-03-06,47.6086956521739
2020,"IT1553A",2020-03-07,37.4347826086956
2020,"IT1553A",2020-03-08,45.3478260869565
2020,"IT1553A",2020-03-09,30.9565217391304
2020,"IT1553A",2020-03-10,54
2020,"IT1553A",2020-03-11,48.6818181818182
2020,"IT1553A",2020-03-12,27.5909090909091
2020,"IT1553A",2020-03-13,39.6086956521739
2020,"IT1553A",2020-03-14,39.1739130434783
2020,"IT1553A",2020-03-15,80.9130434782609
2020,"IT1553A",2020-03-16,65.0434782608696
2020,"IT1553A",2020-03-17,51.0434782608696
2020,"IT1553A",2020-03-18,66.3913043478261
2020,"IT1553A",2020-03-19,74.9565217391304
2020,"IT1553A",2020-03-20,57.8695652173913
2020,"IT1553A",2020-03-21,59.8260869565217
2020,"IT1553A",2020-03-22,66.2608695652174
2020,"IT1553A",2020-03-23,81.695652173913
2020,"IT1553A",2020-03-24,77.3913043478261
2020,"IT1553A",2020-03-25,79.2608695652174
2020,"IT1553A",2020-03-26,71.2173913043478
2020,"IT1553A",2020-03-27,71.7391304347826
2020,"IT1553A",2020-03-28,67.7391304347826
2020,"IT1553A",2020-03-29,57.5217391304348
2020,"IT1553A",2020-03-30,56.695652173913
2020,"IT1553A",2020-03-31,84.5217391304348
2020,"IT1553A",2020-04-01,91.304347826087
2020,"IT1553A",2020-04-02,74.9130434782609
2020,"IT1553A",2020-04-03,72.2173913043478
2020,"IT1553A",2020-04-04,88.1304347826087
2020,"IT1553A",2020-04-05,102.565217391304
2020,"IT1553A",2020-04-06,107.260869565217
2020,"IT1553A",2020-04-07,87.0869565217391
2020,"IT1553A",2020-04-08,86.6521739130435
2020,"IT1553A",2020-04-09,75.0434782608696
2020,"IT1553A",2020-04-10,76.9130434782609
2020,"IT1553A",2020-04-11,79.6086956521739
2020,"IT1553A",2020-04-12,78.5652173913043
2020,"IT1553A",2020-04-13,78.6086956521739
2020,"IT1553A",2020-04-14,84.0869565217391
2020,"IT1553A",2020-04-15,84.0434782608696
2020,"IT1553A",2020-04-16,70.2173913043478
2020,"IT1553A",2020-04-17,66.5652173913043
2020,"IT1553A",2020-04-18,50
2020,"IT1553A",2020-04-19,50.4782608695652
2020,"IT1553A",2020-04-20,55.5217391304348
2020,"IT1553A",2020-04-21,84.1304347826087
2020,"IT1553A",2020-04-22,90.0869565217391
2020,"IT1553A",2020-04-23,96.7391304347826
2020,"IT1553A",2020-04-24,83.5217391304348
2020,"IT1553A",2020-04-25,75.7391304347826
2020,"IT1553A",2020-04-26,67.6086956521739
2020,"IT1553A",2020-04-27,61.9444444444444
2020,"IT1553A",2020-04-29,71.7
2020,"IT1553A",2020-04-30,61.7826086956522
2020,"IT1553A",2020-05-01,65.1739130434783
2020,"IT1553A",2020-05-02,50.4782608695652
2020,"IT1553A",2020-05-03,64.4782608695652
2020,"IT1553A",2020-05-04,73.0434782608696
2020,"IT1553A",2020-05-05,55.0434782608696
2020,"IT1553A",2020-05-06,63.9565217391304
2020,"IT1553A",2020-05-07,83.1304347826087
2020,"IT1553A",2020-05-08,80.3478260869565
2020,"IT1553A",2020-05-09,78.8260869565217
2020,"IT1553A",2020-05-10,78.8695652173913
2020,"IT1553A",2020-05-11,65.7391304347826
2020,"IT1553A",2020-05-12,62.3913043478261
2020,"IT1553A",2020-05-13,54.304347826087
2020,"IT1553A",2020-05-14,58.0434782608696
2020,"IT1553A",2020-05-15,75.6521739130435
2020,"IT1553A",2020-05-16,47.2608695652174
2020,"IT1553A",2020-05-17,71.5652173913043
2020,"IT1553A",2020-05-18,77.5217391304348
2020,"IT1553A",2020-05-19,77.3478260869565
2020,"IT1553A",2020-05-20,74.9565217391304
2020,"IT1553A",2020-05-21,72.875
2020,"IT1553A",2020-05-22,74.6521739130435
2020,"IT1553A",2020-05-23,85.6521739130435
2020,"IT1553A",2020-05-24,82.1739130434783
2020,"IT1553A",2020-05-25,79.2608695652174
2020,"IT1553A",2020-05-26,67.5652173913043
2020,"IT1553A",2020-05-27,77.304347826087
2020,"IT1553A",2020-05-28,69.6666666666667
2020,"IT1553A",2020-05-29,82.7826086956522
2020,"IT1553A",2020-05-30,79.1304347826087
2020,"IT1553A",2020-05-31,63.1739130434783
2020,"IT1553A",2020-06-01,62.5
2020,"IT1553A",2020-06-02,68.695652173913
2020,"IT1553A",2020-06-03,74.4347826086957
2020,"IT1553A",2020-06-04,46.1304347826087
2020,"IT1553A",2020-06-05,75.5217391304348
2020,"IT1553A",2020-06-06,43.1304347826087
2020,"IT1553A",2020-06-07,58.6086956521739
2020,"IT1553A",2020-06-08,55.1304347826087
2020,"IT1553A",2020-06-09,61.3478260869565
2020,"IT1553A",2020-06-10,58.1739130434783
2020,"IT1553A",2020-06-11,60.9565217391304
2020,"IT1553A",2020-06-12,62.9565217391304
2020,"IT1553A",2020-06-13,61.5454545454545
2020,"IT1553A",2020-06-14,60.695652173913
2020,"IT1553A",2020-06-15,50.0434782608696
2020,"IT1553A",2020-06-16,45.6086956521739
2020,"IT1553A",2020-06-17,59.5652173913044
2020,"IT1553A",2020-06-18,60.3913043478261
2020,"IT1553A",2020-06-19,60.3913043478261
2020,"IT1553A",2020-06-20,73.3913043478261
2020,"IT1553A",2020-06-21,70.8260869565217
2020,"IT1553A",2020-06-22,81.1739130434783
2020,"IT1553A",2020-06-23,80.5217391304348
2020,"IT1553A",2020-06-24,87.9130434782609
2020,"IT1553A",2020-06-25,93.695652173913
2020,"IT1553A",2020-06-26,88.2608695652174
2020,"IT1553A",2020-06-27,87.0869565217391
2020,"IT1553A",2020-06-28,78.7826086956522
2020,"IT1553A",2020-06-29,67.1739130434783
2020,"IT1553A",2020-06-30,64.3913043478261
2020,"IT1644A",2020-01-01,22
2020,"IT1644A",2020-01-02,20.4347826086957
2020,"IT1644A",2020-01-03,16.2727272727273
2020,"IT1644A",2020-01-04,29.8260869565217
2020,"IT1644A",2020-01-05,21.6521739130435
2020,"IT1644A",2020-01-06,45.8695652173913
2020,"IT1644A",2020-01-07,14.4782608695652
2020,"IT1644A",2020-01-08,51.304347826087
2020,"IT1644A",2020-01-09,20
2020,"IT1644A",2020-01-10,20.7826086956522
2020,"IT1644A",2020-01-11,39.9565217391304
2020,"IT1644A",2020-01-12,60.4347826086956
2020,"IT1644A",2020-01-13,36.1739130434783
2020,"IT1644A",2020-01-14,21.0869565217391
2020,"IT1644A",2020-01-15,29.4782608695652
2020,"IT1644A",2020-01-16,27.1304347826087
2020,"IT1644A",2020-01-17,11.7826086956522
2020,"IT1644A",2020-01-18,30.8695652173913
2020,"IT1644A",2020-01-19,39.8695652173913
2020,"IT1644A",2020-01-20,57.6086956521739
2020,"IT1644A",2020-01-21,54.695652173913
2020,"IT1644A",2020-01-22,30.304347826087
2020,"IT1644A",2020-01-23,35.3913043478261
2020,"IT1644A",2020-01-24,17.9130434782609
2020,"IT1644A",2020-01-25,38.1304347826087
2020,"IT1644A",2020-01-26,40.1739130434783
2020,"IT1644A",2020-01-27,13.7391304347826
2020,"IT1644A",2020-01-28,70.9130434782609
2020,"IT1644A",2020-01-29,69.4347826086957
2020,"IT1644A",2020-01-30,40.4782608695652
2020,"IT1644A",2020-01-31,34.9565217391304
2020,"IT1644A",2020-02-01,53.4782608695652
2020,"IT1644A",2020-02-02,51.5652173913044
2020,"IT1644A",2020-02-03,37.8260869565217
2020,"IT1644A",2020-02-04,46.304347826087
2020,"IT1644A",2020-02-05,76.6521739130435
2020,"IT1644A",2020-02-06,52.6521739130435
2020,"IT1644A",2020-02-07,46.0434782608696
2020,"IT1644A",2020-02-08,48.0434782608696
2020,"IT1644A",2020-02-09,40.0869565217391
2020,"IT1644A",2020-02-10,67.7826086956522
2020,"IT1644A",2020-02-11,66.9130434782609
2020,"IT1644A",2020-02-12,47.4347826086956
2020,"IT1644A",2020-02-13,49.9130434782609
2020,"IT1644A",2020-02-14,65.5217391304348
2020,"IT1644A",2020-02-15,55.5652173913044
2020,"IT1644A",2020-02-16,59.2173913043478
2020,"IT1644A",2020-02-17,50.6521739130435
2020,"IT1644A",2020-02-18,59.0869565217391
2020,"IT1644A",2020-02-19,50.5652173913044
2020,"IT1644A",2020-02-20,56.8260869565217
2020,"IT1644A",2020-02-21,58.695652173913
2020,"IT1644A",2020-02-22,61.695652173913
2020,"IT1644A",2020-02-23,64.9565217391304
2020,"IT1644A",2020-02-24,70.5217391304348
2020,"IT1644A",2020-02-25,57.0434782608696
2020,"IT1644A",2020-02-26,78.695652173913
2020,"IT1644A",2020-02-27,68.1739130434783
2020,"IT1644A",2020-02-28,66.2272727272727
2020,"IT1644A",2020-02-29,48.695652173913
2020,"IT1644A",2020-03-01,67.0434782608696
2020,"IT1644A",2020-03-02,69.7826086956522
2020,"IT1644A",2020-03-03,69.5652173913043
2020,"IT1644A",2020-03-04,50.9565217391304
2020,"IT1644A",2020-03-05,33.8695652173913
2020,"IT1644A",2020-03-06,61.6086956521739
2020,"IT1644A",2020-03-07,54.9130434782609
2020,"IT1644A",2020-03-08,73.9565217391304
2020,"IT1644A",2020-03-09,52.7826086956522
2020,"IT1644A",2020-03-10,70.2173913043478
2020,"IT1644A",2020-03-11,74.5652173913043
2020,"IT1644A",2020-03-12,43.1739130434783
2020,"IT1644A",2020-03-13,56.2173913043478
2020,"IT1644A",2020-03-14,49
2020,"IT1644A",2020-03-15,68.9130434782609
2020,"IT1644A",2020-03-16,78.6086956521739
2020,"IT1644A",2020-03-17,69.1739130434783
2020,"IT1644A",2020-03-18,47.125
2020,"IT1644A",2020-03-24,82
2020,"IT1644A",2020-03-25,80.6086956521739
2020,"IT1644A",2020-03-26,72.25
2020,"IT1644A",2020-03-27,65.9130434782609
2020,"IT1644A",2020-03-28,75.4347826086957
2020,"IT1644A",2020-03-29,75.5217391304348
2020,"IT1644A",2020-03-30,72.7391304347826
2020,"IT1644A",2020-03-31,70.5652173913043
2020,"IT1644A",2020-04-01,86.7826086956522
2020,"IT1644A",2020-04-02,89.2173913043478
2020,"IT1644A",2020-04-03,87.9130434782609
2020,"IT1644A",2020-04-04,102.173913043478
2020,"IT1644A",2020-04-05,95.6521739130435
2020,"IT1644A",2020-04-06,105.217391304348
2020,"IT1644A",2020-04-07,103.217391304348
2020,"IT1644A",2020-04-08,100.391304347826
2020,"IT1644A",2020-04-09,99.7826086956522
2020,"IT1644A",2020-04-10,102
2020,"IT1644A",2020-04-11,99.2173913043478
2020,"IT1644A",2020-04-12,92.5652173913043
2020,"IT1644A",2020-04-13,88.695652173913
2020,"IT1644A",2020-04-14,85.1304347826087
2020,"IT1644A",2020-04-15,83.3913043478261
2020,"IT1644A",2020-04-16,86.5652173913043
2020,"IT1644A",2020-04-17,83.4347826086957
2020,"IT1644A",2020-04-18,62.4782608695652
2020,"IT1644A",2020-04-19,60.2608695652174
2020,"IT1644A",2020-04-20,45.9565217391304
2020,"IT1644A",2020-04-21,65.6842105263158
2020,"IT1644A",2020-04-22,81.3478260869565
2020,"IT1644A",2020-04-23,98
2020,"IT1644A",2020-04-24,96.5652173913043
2020,"IT1644A",2020-04-25,86.0434782608696
2020,"IT1644A",2020-04-26,77.4782608695652
2020,"IT1644A",2020-04-27,67.7391304347826
2020,"IT1644A",2020-04-28,53.304347826087
2020,"IT1644A",2020-04-29,80.0434782608696
2020,"IT1644A",2020-04-30,79.0434782608696
2020,"IT1644A",2020-05-01,71.3478260869565
2020,"IT1644A",2020-05-02,56.1304347826087
2020,"IT1644A",2020-05-03,65.304347826087
2020,"IT1644A",2020-05-04,89.9130434782609
2020,"IT1644A",2020-05-05,62
2020,"IT1644A",2020-05-06,66.1739130434783
2020,"IT1644A",2020-05-07,97.1304347826087
2020,"IT1644A",2020-05-08,92.7391304347826
2020,"IT1644A",2020-05-09,88.5652173913043
2020,"IT1644A",2020-05-10,88.7391304347826
2020,"IT1644A",2020-05-11,64.6086956521739
2020,"IT1644A",2020-05-12,65.3478260869565
2020,"IT1644A",2020-05-13,61.8695652173913
2020,"IT1644A",2020-05-14,69.5217391304348
2020,"IT1644A",2020-05-15,76.4782608695652
2020,"IT1644A",2020-05-16,44.4782608695652
2020,"IT1644A",2020-05-17,74.304347826087
2020,"IT1644A",2020-05-18,65.0869565217391
2020,"IT1644A",2020-05-19,56.0869565217391
2020,"IT1644A",2020-05-20,68.7391304347826
2020,"IT1644A",2020-05-21,84.2173913043478
2020,"IT1644A",2020-05-22,83.0869565217391
2020,"IT1644A",2020-05-23,88
2020,"IT1644A",2020-05-24,71.9130434782609
2020,"IT1644A",2020-05-25,86.9565217391304
2020,"IT1644A",2020-05-26,79.7826086956522
2020,"IT1644A",2020-05-27,81.1304347826087
2020,"IT1644A",2020-05-28,86.1304347826087
2020,"IT1644A",2020-05-29,78.0434782608696
2020,"IT1644A",2020-05-30,86.304347826087
2020,"IT1644A",2020-05-31,78.0434782608696
2020,"IT1644A",2020-06-01,84.5652173913043
2020,"IT1644A",2020-06-02,90.6086956521739
2020,"IT1644A",2020-06-03,77.1304347826087
2020,"IT1644A",2020-06-04,58.3913043478261
2020,"IT1644A",2020-06-05,82.1304347826087
2020,"IT1644A",2020-06-06,57.304347826087
2020,"IT1644A",2020-06-07,56.7826086956522
2020,"IT1644A",2020-06-08,58.1304347826087
2020,"IT1644A",2020-06-09,66.8260869565217
2020,"IT1644A",2020-06-10,54.7391304347826
2020,"IT1644A",2020-06-11,61
2020,"IT1644A",2020-06-12,66.7826086956522
2020,"IT1644A",2020-06-13,61.8260869565217
2020,"IT1644A",2020-06-14,65.0434782608696
2020,"IT1644A",2020-06-15,61.5652173913044
2020,"IT1644A",2020-06-16,65.2608695652174
2020,"IT1644A",2020-06-17,66.1304347826087
2020,"IT1644A",2020-06-18,65.1739130434783
2020,"IT1644A",2020-06-19,63.1739130434783
2020,"IT1644A",2020-06-20,73.3913043478261
2020,"IT1644A",2020-06-21,69.695652173913
2020,"IT1644A",2020-06-22,80.6521739130435
2020,"IT1644A",2020-06-23,98.9565217391304
2020,"IT1644A",2020-06-24,100.869565217391
2020,"IT1644A",2020-06-25,97.7727272727273
2020,"IT1644A",2020-06-26,92.5217391304348
2020,"IT1644A",2020-06-27,91.1739130434783
2020,"IT1644A",2020-06-28,81.9565217391304
2020,"IT1644A",2020-06-29,69.6666666666667
2020,"IT1644A",2020-06-30,69.5652173913043
2020,"IT1681A",2020-01-01,52.3478260869565
2020,"IT1681A",2020-01-02,62.6521739130435
2020,"IT1681A",2020-01-03,54.9130434782609
2020,"IT1681A",2020-01-04,47.1304347826087
2020,"IT1681A",2020-01-05,68.695652173913
2020,"IT1681A",2020-01-06,64
2020,"IT1681A",2020-01-07,63.695652173913
2020,"IT1681A",2020-01-08,73.5217391304348
2020,"IT1681A",2020-01-09,60.304347826087
2020,"IT1681A",2020-01-10,53.4347826086956
2020,"IT1681A",2020-01-11,65.5652173913043
2020,"IT1681A",2020-01-12,61.2608695652174
2020,"IT1681A",2020-01-13,60.695652173913
2020,"IT1681A",2020-01-14,60.6086956521739
2020,"IT1681A",2020-01-15,54.4347826086956
2020,"IT1681A",2020-01-16,52.9130434782609
2020,"IT1681A",2020-01-17,53.5652173913044
2020,"IT1681A",2020-01-18,52.2608695652174
2020,"IT1681A",2020-01-19,64.4347826086957
2020,"IT1681A",2020-01-20,67.0434782608696
2020,"IT1681A",2020-01-21,60.4782608695652
2020,"IT1681A",2020-01-22,45.375
2020,"IT1681A",2020-01-23,51.3478260869565
2020,"IT1681A",2020-01-24,58.2173913043478
2020,"IT1681A",2020-01-25,56.9130434782609
2020,"IT1681A",2020-01-26,46.3913043478261
2020,"IT1681A",2020-01-27,50.8260869565217
2020,"IT1681A",2020-01-28,65.2173913043478
2020,"IT1681A",2020-01-29,57.8695652173913
2020,"IT1681A",2020-01-30,44.3478260869565
2020,"IT1681A",2020-01-31,53.3913043478261
2020,"IT1681A",2020-02-01,54.2608695652174
2020,"IT1681A",2020-02-02,53.9130434782609
2020,"IT1681A",2020-02-03,41
2020,"IT1681A",2020-02-04,61.304347826087
2020,"IT1681A",2020-02-05,75.7391304347826
2020,"IT1681A",2020-02-06,72.3478260869565
2020,"IT1681A",2020-02-07,59.9565217391304
2020,"IT1681A",2020-02-08,60.695652173913
2020,"IT1681A",2020-02-09,67.0869565217391
2020,"IT1681A",2020-02-10,70.2173913043478
2020,"IT1681A",2020-02-11,69
2020,"IT1681A",2020-02-12,53.7391304347826
2020,"IT1681A",2020-02-13,70.4782608695652
2020,"IT1681A",2020-02-14,69.2608695652174
2020,"IT1681A",2020-02-15,66.6521739130435
2020,"IT1681A",2020-02-16,70.5217391304348
2020,"IT1681A",2020-02-17,71.8695652173913
2020,"IT1681A",2020-02-18,59.7391304347826
2020,"IT1681A",2020-02-19,51.5217391304348
2020,"IT1681A",2020-02-20,64.2608695652174
2020,"IT1681A",2020-02-21,67.4347826086957
2020,"IT1681A",2020-02-22,75.6086956521739
2020,"IT1681A",2020-02-23,77.1739130434783
2020,"IT1681A",2020-02-24,72.3478260869565
2020,"IT1681A",2020-02-25,76.5217391304348
2020,"IT1681A",2020-02-26,75.4782608695652
2020,"IT1681A",2020-02-27,69.4347826086957
2020,"IT1681A",2020-02-28,69.4782608695652
2020,"IT1681A",2020-02-29,75.8260869565217
2020,"IT1681A",2020-03-01,79.9130434782609
2020,"IT1681A",2020-03-02,75.35
2020,"IT1681A",2020-03-03,66.2608695652174
2020,"IT1681A",2020-03-04,57.4
2020,"IT1681A",2020-03-19,91.25
2020,"IT1681A",2020-03-20,83.9130434782609
2020,"IT1681A",2020-03-21,88.5217391304348
2020,"IT1681A",2020-03-22,92.1304347826087
2020,"IT1681A",2020-03-23,81.6521739130435
2020,"IT1681A",2020-03-24,76.2173913043478
2020,"IT1681A",2020-03-25,79.8695652173913
2020,"IT1681A",2020-03-26,74.8260869565217
2020,"IT1681A",2020-03-27,68.0869565217391
2020,"IT1681A",2020-03-28,73.0434782608696
2020,"IT1681A",2020-03-29,66.6086956521739
2020,"IT1681A",2020-03-30,69.2727272727273
2020,"IT1681A",2020-03-31,82.4782608695652
2020,"IT1681A",2020-04-01,91.4347826086957
2020,"IT1681A",2020-04-02,90.9130434782609
2020,"IT1681A",2020-04-03,90.9130434782609
2020,"IT1681A",2020-04-04,109.04347826087
2020,"IT1681A",2020-04-05,104.04347826087
2020,"IT1681A",2020-04-06,108.608695652174
2020,"IT1681A",2020-04-07,110.130434782609
2020,"IT1681A",2020-04-08,102
2020,"IT1681A",2020-04-09,98.4782608695652
2020,"IT1681A",2020-04-10,97.6521739130435
2020,"IT1681A",2020-04-11,103.869565217391
2020,"IT1681A",2020-04-12,96.5652173913043
2020,"IT1681A",2020-04-13,101.608695652174
2020,"IT1681A",2020-04-14,82.304347826087
2020,"IT1681A",2020-04-15,84.4736842105263
2020,"IT1681A",2020-04-16,87.7391304347826
2020,"IT1681A",2020-04-17,84.4782608695652
2020,"IT1681A",2020-04-18,63.0434782608696
2020,"IT1681A",2020-04-19,57.1739130434783
2020,"IT1681A",2020-04-20,78
2020,"IT1681A",2020-04-21,82.8695652173913
2020,"IT1681A",2020-04-22,83.9565217391304
2020,"IT1681A",2020-04-23,95.9130434782609
2020,"IT1681A",2020-04-24,92.6086956521739
2020,"IT1681A",2020-04-25,87.7391304347826
2020,"IT1681A",2020-04-26,75.2173913043478
2020,"IT1681A",2020-04-27,71.8695652173913
2020,"IT1681A",2020-04-28,61.7391304347826
2020,"IT1681A",2020-04-29,65.1739130434783
2020,"IT1681A",2020-04-30,62.2608695652174
2020,"IT1681A",2020-05-01,65.9565217391304
2020,"IT1681A",2020-05-02,50.695652173913
2020,"IT1681A",2020-05-03,69.4347826086957
2020,"IT1681A",2020-05-04,82.6521739130435
2020,"IT1681A",2020-05-05,64.7826086956522
2020,"IT1681A",2020-05-06,70.304347826087
2020,"IT1681A",2020-05-07,96.0434782608696
2020,"IT1681A",2020-05-08,86.2608695652174
2020,"IT1681A",2020-05-09,88.7826086956522
2020,"IT1681A",2020-05-10,87.5652173913043
2020,"IT1681A",2020-05-11,82.9565217391304
2020,"IT1681A",2020-05-12,56.1739130434783
2020,"IT1681A",2020-05-13,69.8260869565217
2020,"IT1681A",2020-05-14,72.2173913043478
2020,"IT1681A",2020-05-15,76.0869565217391
2020,"IT1681A",2020-05-16,42.9565217391304
2020,"IT1681A",2020-05-17,73
2020,"IT1681A",2020-05-18,70.3913043478261
2020,"IT1681A",2020-05-19,59.0434782608696
2020,"IT1681A",2020-05-20,67
2020,"IT1681A",2020-05-21,84.6521739130435
2020,"IT1681A",2020-05-22,84.6521739130435
2020,"IT1681A",2020-05-23,86.4347826086957
2020,"IT1681A",2020-05-24,72.3478260869565
2020,"IT1681A",2020-05-25,78.2173913043478
2020,"IT1681A",2020-05-26,81.695652173913
2020,"IT1681A",2020-05-27,81.1304347826087
2020,"IT1681A",2020-05-28,80.1739130434783
2020,"IT1681A",2020-05-29,77.8181818181818
2020,"IT1681A",2020-05-30,86.1739130434783
2020,"IT1681A",2020-05-31,64.9130434782609
2020,"IT1681A",2020-06-01,73.6086956521739
2020,"IT1681A",2020-06-02,75.3478260869565
2020,"IT1681A",2020-06-03,75.3
2020,"IT1681A",2020-06-04,82.2608695652174
2020,"IT1681A",2020-06-05,60.6086956521739
2020,"IT1681A",2020-06-06,47.7391304347826
2020,"IT1681A",2020-06-07,52.1304347826087
2020,"IT1681A",2020-06-08,46.2173913043478
2020,"IT1681A",2020-06-09,51.6086956521739
2020,"IT1681A",2020-06-10,40.3
2020,"IT1681A",2020-06-11,61.3571428571429
2020,"IT1681A",2020-06-12,57.695652173913
2020,"IT1681A",2020-06-13,63.3913043478261
2020,"IT1681A",2020-06-14,51.6521739130435
2020,"IT1681A",2020-06-15,39.8695652173913
2020,"IT1681A",2020-06-16,36.3913043478261
2020,"IT1681A",2020-06-17,49.304347826087
2020,"IT1681A",2020-06-18,55.0869565217391
2020,"IT1681A",2020-06-19,64.6521739130435
2020,"IT1681A",2020-06-20,77.2608695652174
2020,"IT1681A",2020-06-21,66.4782608695652
2020,"IT1681A",2020-06-22,83.7391304347826
2020,"IT1681A",2020-06-23,81.8695652173913
2020,"IT1681A",2020-06-24,88.5217391304348
2020,"IT1681A",2020-06-25,91.6086956521739
2020,"IT1681A",2020-06-26,91.695652173913
2020,"IT1681A",2020-06-27,88.304347826087
2020,"IT1681A",2020-06-28,81.3478260869565
2020,"IT1681A",2020-06-29,75.7391304347826
2020,"IT1681A",2020-06-30,65.2608695652174
2020,"IT1942A",2020-01-01,56.6086956521739
2020,"IT1942A",2020-01-02,52.3913043478261
2020,"IT1942A",2020-01-03,45.9130434782609
2020,"IT1942A",2020-01-04,48.0869565217391
2020,"IT1942A",2020-01-05,51.0869565217391
2020,"IT1942A",2020-01-06,62.9130434782609
2020,"IT1942A",2020-01-07,44.8695652173913
2020,"IT1942A",2020-01-08,59.9565217391304
2020,"IT1942A",2020-01-09,54.0434782608696
2020,"IT1942A",2020-01-10,58.2608695652174
2020,"IT1942A",2020-01-11,53.695652173913
2020,"IT1942A",2020-01-12,56.4347826086956
2020,"IT1942A",2020-01-13,60.304347826087
2020,"IT1942A",2020-01-14,41.6086956521739
2020,"IT1942A",2020-01-15,55.8695652173913
2020,"IT1942A",2020-01-16,51.8260869565217
2020,"IT1942A",2020-01-17,39.9565217391304
2020,"IT1942A",2020-01-18,63.5652173913044
2020,"IT1942A",2020-01-19,55.6521739130435
2020,"IT1942A",2020-01-20,63.3913043478261
2020,"IT1942A",2020-01-21,60.304347826087
2020,"IT1942A",2020-01-22,58.695652173913
2020,"IT1942A",2020-01-23,48.8260869565217
2020,"IT1942A",2020-01-24,65.0434782608696
2020,"IT1942A",2020-01-25,72.1304347826087
2020,"IT1942A",2020-01-26,56.3913043478261
2020,"IT1942A",2020-01-27,45.2608695652174
2020,"IT1942A",2020-01-28,74.695652173913
2020,"IT1942A",2020-01-29,73.6086956521739
2020,"IT1942A",2020-01-30,56.5217391304348
2020,"IT1942A",2020-01-31,64.8260869565217
2020,"IT1942A",2020-02-01,62.6086956521739
2020,"IT1942A",2020-02-02,63.9130434782609
2020,"IT1942A",2020-02-03,57.8695652173913
2020,"IT1942A",2020-02-04,70.1304347826087
2020,"IT1942A",2020-02-05,66.6
2020,"IT1942A",2020-02-06,68
2020,"IT1942A",2020-02-07,67.1739130434783
2020,"IT1942A",2020-02-08,66.2173913043478
2020,"IT1942A",2020-02-09,80
2020,"IT1942A",2020-02-10,76.8695652173913
2020,"IT1942A",2020-02-11,70.9565217391304
2020,"IT1942A",2020-02-12,74.304347826087
2020,"IT1942A",2020-02-13,71.2173913043478
2020,"IT1942A",2020-02-14,70.8260869565217
2020,"IT1942A",2020-02-15,72.304347826087
2020,"IT1942A",2020-02-16,68.695652173913
2020,"IT1942A",2020-02-17,65.3478260869565
2020,"IT1942A",2020-02-18,80.6086956521739
2020,"IT1942A",2020-02-19,53.3913043478261
2020,"IT1942A",2020-02-20,69.9130434782609
2020,"IT1942A",2020-02-21,64.5652173913043
2020,"IT1942A",2020-02-22,75.3913043478261
2020,"IT1942A",2020-02-23,60.0869565217391
2020,"IT1942A",2020-02-24,69.304347826087
2020,"IT1942A",2020-02-25,87.9565217391304
2020,"IT1942A",2020-02-26,82.304347826087
2020,"IT1942A",2020-02-27,72.3846153846154
2020,"IT1942A",2020-03-03,69.3
2020,"IT1942A",2020-03-04,61.6521739130435
2020,"IT1942A",2020-03-05,63
2020,"IT1942A",2020-03-06,77.6521739130435
2020,"IT1942A",2020-03-07,68.304347826087
2020,"IT1942A",2020-03-08,76.9130434782609
2020,"IT1942A",2020-03-09,76.6521739130435
2020,"IT1942A",2020-03-10,84.2173913043478
2020,"IT1942A",2020-03-11,77
2020,"IT1942A",2020-03-12,71.2608695652174
2020,"IT1942A",2020-03-13,66.4347826086957
2020,"IT1942A",2020-03-14,59.8260869565217
2020,"IT1942A",2020-03-15,76.4347826086957
2020,"IT1942A",2020-03-16,78.0869565217391
2020,"IT1942A",2020-03-17,75.6521739130435
2020,"IT1942A",2020-03-18,81.9130434782609
2020,"IT1942A",2020-03-19,94.5217391304348
2020,"IT1942A",2020-03-20,75.7391304347826
2020,"IT1942A",2020-03-21,70
2020,"IT1942A",2020-03-22,74.6086956521739
2020,"IT1942A",2020-03-23,77.7391304347826
2020,"IT1942A",2020-03-24,71.695652173913
2020,"IT1942A",2020-03-25,74.8695652173913
2020,"IT1942A",2020-03-26,70.5652173913043
2020,"IT1942A",2020-03-27,63.6086956521739
2020,"IT1942A",2020-03-28,70.2608695652174
2020,"IT1942A",2020-03-29,78
2020,"IT1942A",2020-03-30,70.6521739130435
2020,"IT1942A",2020-03-31,69
2020,"IT1942A",2020-04-01,84.5217391304348
2020,"IT1942A",2020-04-02,92.4347826086957
2020,"IT1942A",2020-04-03,90.0434782608696
2020,"IT1942A",2020-04-04,101.217391304348
2020,"IT1942A",2020-04-05,95.4782608695652
2020,"IT1942A",2020-04-06,107.04347826087
2020,"IT1942A",2020-04-07,107
2020,"IT1942A",2020-04-08,110.739130434783
2020,"IT1942A",2020-04-09,99.5217391304348
2020,"IT1942A",2020-04-10,102.739130434783
2020,"IT1942A",2020-04-11,105.173913043478
2020,"IT1942A",2020-04-12,104.652173913043
2020,"IT1942A",2020-04-13,100.739130434783
2020,"IT1942A",2020-04-14,84.4347826086957
2020,"IT1942A",2020-04-15,84.695652173913
2020,"IT1942A",2020-04-16,85.8260869565217
2020,"IT1942A",2020-04-17,80
2020,"IT1942A",2020-04-18,74
2020,"IT1942A",2020-04-19,68.6521739130435
2020,"IT1942A",2020-04-20,50.6521739130435
2020,"IT1942A",2020-04-21,71.2608695652174
2020,"IT1942A",2020-04-22,63.6086956521739
2020,"IT1942A",2020-04-23,79.2173913043478
2020,"IT1942A",2020-04-24,96.304347826087
2020,"IT1942A",2020-04-25,78.5652173913043
2020,"IT1942A",2020-04-26,69.2173913043478
2020,"IT1942A",2020-04-27,64.4347826086957
2020,"IT1942A",2020-04-28,76.6521739130435
2020,"IT1942A",2020-04-29,73.5217391304348
2020,"IT1942A",2020-04-30,80.9130434782609
2020,"IT1942A",2020-05-01,81
2020,"IT1942A",2020-05-02,65.3478260869565
2020,"IT1942A",2020-05-03,59.7391304347826
2020,"IT1942A",2020-05-04,84.4347826086957
2020,"IT1942A",2020-05-05,86.8095238095238
2020,"IT1942A",2020-05-06,76.8695652173913
2020,"IT1942A",2020-05-07,98.6521739130435
2020,"IT1942A",2020-05-08,90.9130434782609
2020,"IT1942A",2020-05-09,88.3478260869565
2020,"IT1942A",2020-05-10,103.478260869565
2020,"IT1942A",2020-05-11,85.5217391304348
2020,"IT1942A",2020-05-12,79.1304347826087
2020,"IT1942A",2020-05-13,78.7391304347826
2020,"IT1942A",2020-05-14,81.6086956521739
2020,"IT1942A",2020-05-15,90.7391304347826
2020,"IT1942A",2020-05-16,55.0434782608696
2020,"IT1942A",2020-05-17,79.4347826086957
2020,"IT1942A",2020-05-18,63.4347826086956
2020,"IT1942A",2020-05-19,74.3478260869565
2020,"IT1942A",2020-05-20,70.4782608695652
2020,"IT1942A",2020-05-21,86.9565217391304
2020,"IT1942A",2020-05-22,96.304347826087
2020,"IT1942A",2020-05-23,90.9565217391304
2020,"IT1942A",2020-05-24,90.8695652173913
2020,"IT1942A",2020-05-25,89.1304347826087
2020,"IT1942A",2020-05-26,82.9130434782609
2020,"IT1942A",2020-05-27,81.4347826086957
2020,"IT1942A",2020-05-28,92.4347826086957
2020,"IT1942A",2020-05-29,67.3913043478261
2020,"IT1942A",2020-05-30,77.9565217391304
2020,"IT1942A",2020-05-31,94.2173913043478
2020,"IT1942A",2020-06-01,84.304347826087
2020,"IT1942A",2020-06-02,88.1304347826087
2020,"IT1942A",2020-06-03,94
2020,"IT1942A",2020-06-04,81.5652173913043
2020,"IT1942A",2020-06-05,87.3478260869565
2020,"IT1942A",2020-06-06,73.6521739130435
2020,"IT1942A",2020-06-07,68.4347826086957
2020,"IT1942A",2020-06-08,74.7391304347826
2020,"IT1942A",2020-06-09,80.4782608695652
2020,"IT1942A",2020-06-10,84.4347826086957
2020,"IT1942A",2020-06-11,72.4782608695652
2020,"IT1942A",2020-06-12,82.0869565217391
2020,"IT1942A",2020-06-13,83.7826086956522
2020,"IT1942A",2020-06-14,80.695652173913
2020,"IT1942A",2020-06-15,83
2020,"IT1942A",2020-06-16,82.8695652173913
2020,"IT1942A",2020-06-17,83.7826086956522
2020,"IT1942A",2020-06-18,72.7391304347826
2020,"IT1942A",2020-06-19,73.3478260869565
2020,"IT1942A",2020-06-20,85.9565217391304
2020,"IT1942A",2020-06-21,79.695652173913
2020,"IT1942A",2020-06-22,94.4782608695652
2020,"IT1942A",2020-06-23,98.25
2020,"IT1942A",2020-06-24,94.3913043478261
2020,"IT1942A",2020-06-25,88.8260869565217
2020,"IT1942A",2020-06-26,80.695652173913
2020,"IT1942A",2020-06-27,79.4347826086957
2020,"IT1942A",2020-06-28,72.7391304347826
2020,"IT1942A",2020-06-29,73.0869565217391
2020,"IT1942A",2020-06-30,71.6086956521739
2020,"IT2153A",2020-01-01,10.4347826086957
2020,"IT2153A",2020-01-02,5.43478260869565
2020,"IT2153A",2020-01-03,3.73913043478261
2020,"IT2153A",2020-01-04,3.78260869565217
2020,"IT2153A",2020-01-05,4.43478260869565
2020,"IT2153A",2020-01-06,7.08695652173913
2020,"IT2153A",2020-01-07,3.56521739130435
2020,"IT2153A",2020-01-08,28.1304347826087
2020,"IT2153A",2020-01-09,5
2020,"IT2153A",2020-01-10,6.69565217391304
2020,"IT2153A",2020-01-11,30.304347826087
2020,"IT2153A",2020-01-12,35.6086956521739
2020,"IT2153A",2020-01-13,9.95652173913044
2020,"IT2153A",2020-01-14,2.82608695652174
2020,"IT2153A",2020-01-15,8.91304347826087
2020,"IT2153A",2020-01-16,10.9565217391304
2020,"IT2153A",2020-01-17,3.21739130434783
2020,"IT2153A",2020-01-18,24.3913043478261
2020,"IT2153A",2020-01-19,45.0869565217391
2020,"IT2153A",2020-01-20,50.1739130434783
2020,"IT2153A",2020-01-21,40.7391304347826
2020,"IT2153A",2020-01-22,12.2727272727273
2020,"IT2153A",2020-01-23,7.60869565217391
2020,"IT2153A",2020-01-24,4.47826086956522
2020,"IT2153A",2020-01-25,11.4347826086957
2020,"IT2153A",2020-01-26,12.695652173913
2020,"IT2153A",2020-01-27,8.17391304347826
2020,"IT2153A",2020-01-28,43.6521739130435
2020,"IT2153A",2020-01-29,45.4347826086956
2020,"IT2153A",2020-01-30,18.0434782608696
2020,"IT2153A",2020-01-31,16.6086956521739
2020,"IT2153A",2020-02-01,24
2020,"IT2153A",2020-02-02,35.5652173913044
2020,"IT2153A",2020-02-03,16.6521739130435
2020,"IT2153A",2020-02-04,33.5
2020,"IT2153A",2020-02-05,47.5652173913044
2020,"IT2153A",2020-02-06,33.0434782608696
2020,"IT2153A",2020-02-07,17.5652173913043
2020,"IT2153A",2020-02-08,16.3913043478261
2020,"IT2153A",2020-02-09,15
2020,"IT2153A",2020-02-10,37
2020,"IT2153A",2020-02-11,54
2020,"IT2153A",2020-02-12,32.7826086956522
2020,"IT2153A",2020-02-13,30.0434782608696
2020,"IT2153A",2020-02-14,36.5652173913044
2020,"IT2153A",2020-02-15,19.0434782608696
2020,"IT2153A",2020-02-16,23.0869565217391
2020,"IT2153A",2020-02-17,28.4782608695652
2020,"IT2153A",2020-02-18,28.9565217391304
2020,"IT2153A",2020-02-19,26.4782608695652
2020,"IT2153A",2020-02-20,24.0869565217391
2020,"IT2153A",2020-02-21,18.5217391304348
2020,"IT2153A",2020-02-22,30.7826086956522
2020,"IT2153A",2020-02-23,38.4347826086956
2020,"IT2153A",2020-02-24,26.0869565217391
2020,"IT2153A",2020-02-25,28
2020,"IT2153A",2020-02-26,51.4347826086956
2020,"IT2153A",2020-02-27,40.55
2020,"IT2153A",2020-02-28,44.75
2020,"IT2153A",2020-02-29,23.304347826087
2020,"IT2153A",2020-03-01,43.2608695652174
2020,"IT2153A",2020-03-02,57.3478260869565
2020,"IT2153A",2020-03-03,60.8260869565217
2020,"IT2153A",2020-03-04,31.1304347826087
2020,"IT2153A",2020-03-05,23.9545454545455
2020,"IT2153A",2020-03-06,65.2173913043478
2020,"IT2153A",2020-03-07,45.0869565217391
2020,"IT2153A",2020-03-08,55.5217391304348
2020,"IT2153A",2020-03-09,15.7777777777778
2020,"IT2153A",2020-03-12,21.0909090909091
2020,"IT2153A",2020-03-13,30.6086956521739
2020,"IT2153A",2020-03-14,31.6086956521739
2020,"IT2153A",2020-03-15,59.1304347826087
2020,"IT2153A",2020-03-16,47.5217391304348
2020,"IT2153A",2020-03-17,34.1739130434783
2020,"IT2153A",2020-03-18,43.3913043478261
2020,"IT2153A",2020-03-19,46.2173913043478
2020,"IT2153A",2020-03-20,41.0434782608696
2020,"IT2153A",2020-03-21,39.4782608695652
2020,"IT2153A",2020-03-22,53.1739130434783
2020,"IT2153A",2020-03-23,61.4347826086956
2020,"IT2153A",2020-03-24,45.9090909090909
2020,"IT2153A",2020-03-25,49.6086956521739
2020,"IT2153A",2020-03-26,54.8636363636364
2020,"IT2153A",2020-03-27,61.5652173913044
2020,"IT2153A",2020-03-28,70.6086956521739
2020,"IT2153A",2020-03-29,64.695652173913
2020,"IT2153A",2020-03-30,59.4347826086956
2020,"IT2153A",2020-03-31,77.695652173913
2020,"IT2153A",2020-04-01,80.4782608695652
2020,"IT2153A",2020-04-02,76.6086956521739
2020,"IT2153A",2020-04-03,71
2020,"IT2153A",2020-04-04,91.3913043478261
2020,"IT2153A",2020-04-05,95.5652173913043
2020,"IT2153A",2020-04-06,100
2020,"IT2153A",2020-04-07,83.7826086956522
2020,"IT2153A",2020-04-08,84
2020,"IT2153A",2020-04-09,78.3913043478261
2020,"IT2153A",2020-04-10,82.7826086956522
2020,"IT2153A",2020-04-11,88.5217391304348
2020,"IT2153A",2020-04-12,83.9130434782609
2020,"IT2153A",2020-04-13,81.2608695652174
2020,"IT2153A",2020-04-14,80.6086956521739
2020,"IT2153A",2020-04-15,82.0434782608696
2020,"IT2153A",2020-04-16,69.9130434782609
2020,"IT2153A",2020-04-17,70.9130434782609
2020,"IT2153A",2020-04-18,53.0869565217391
2020,"IT2153A",2020-04-19,51
2020,"IT2153A",2020-04-20,56
2020,"IT2153A",2020-04-21,76.6086956521739
2020,"IT2153A",2020-04-22,81.9565217391304
2020,"IT2153A",2020-04-23,94.1304347826087
2020,"IT2153A",2020-04-24,85.9565217391304
2020,"IT2153A",2020-04-25,82.0869565217391
2020,"IT2153A",2020-04-26,70.0434782608696
2020,"IT2153A",2020-04-27,64.2608695652174
2020,"IT2153A",2020-04-28,46.3478260869565
2020,"IT2153A",2020-04-29,76.8695652173913
2020,"IT2153A",2020-04-30,73.0434782608696
2020,"IT2153A",2020-05-01,67.3913043478261
2020,"IT2153A",2020-05-02,58.0869565217391
2020,"IT2153A",2020-05-03,63.3913043478261
2020,"IT2153A",2020-05-04,79.1304347826087
2020,"IT2153A",2020-05-05,58.0869565217391
2020,"IT2153A",2020-05-06,64.4782608695652
2020,"IT2153A",2020-05-07,90.4782608695652
2020,"IT2153A",2020-05-08,84.1739130434783
2020,"IT2153A",2020-05-09,77.7826086956522
2020,"IT2153A",2020-05-10,80
2020,"IT2153A",2020-05-11,64.7391304347826
2020,"IT2153A",2020-05-12,66.695652173913
2020,"IT2153A",2020-05-13,54.6086956521739
2020,"IT2153A",2020-05-14,63.8695652173913
2020,"IT2153A",2020-05-15,74.8181818181818
2020,"IT2153A",2020-05-16,46.304347826087
2020,"IT2153A",2020-05-17,75.304347826087
2020,"IT2153A",2020-05-18,76.2608695652174
2020,"IT2153A",2020-05-19,68.2608695652174
2020,"IT2153A",2020-05-20,70
2020,"IT2153A",2020-05-21,74.9130434782609
2020,"IT2153A",2020-05-22,78.6521739130435
2020,"IT2153A",2020-05-23,86.9130434782609
2020,"IT2153A",2020-05-24,80.7826086956522
2020,"IT2153A",2020-05-25,76.3478260869565
2020,"IT2153A",2020-05-26,69.3913043478261
2020,"IT2153A",2020-05-27,69.4347826086957
2020,"IT2153A",2020-05-28,76.0434782608696
2020,"IT2153A",2020-05-29,79.1739130434783
2020,"IT2153A",2020-05-30,80.4782608695652
2020,"IT2153A",2020-05-31,71
2020,"IT2153A",2020-06-01,68.0434782608696
2020,"IT2153A",2020-06-02,77.4782608695652
2020,"IT2153A",2020-06-03,78.695652173913
2020,"IT2153A",2020-06-04,61.1739130434783
2020,"IT2153A",2020-06-05,82.2727272727273
2020,"IT2153A",2020-06-06,51
2020,"IT2153A",2020-06-07,60.3478260869565
2020,"IT2153A",2020-06-08,59
2020,"IT2153A",2020-06-09,66.2608695652174
2020,"IT2153A",2020-06-10,59.1304347826087
2020,"IT2153A",2020-06-11,65.2173913043478
2020,"IT2153A",2020-06-12,64.4347826086957
2020,"IT2153A",2020-06-13,59.9565217391304
2020,"IT2153A",2020-06-14,64.5652173913043
2020,"IT2153A",2020-06-15,58.5217391304348
2020,"IT2153A",2020-06-16,53.3913043478261
2020,"IT2153A",2020-06-17,74.5652173913043
2020,"IT2153A",2020-06-18,73.3913043478261
2020,"IT2153A",2020-06-19,66.7826086956522
2020,"IT2153A",2020-06-20,77.9130434782609
2020,"IT2153A",2020-06-21,78.0869565217391
2020,"IT2153A",2020-06-22,83.8260869565217
2020,"IT2153A",2020-06-23,87.2608695652174
2020,"IT2153A",2020-06-24,94.304347826087
2020,"IT2153A",2020-06-25,99.4347826086957
2020,"IT2153A",2020-06-26,86.9565217391304
2020,"IT2153A",2020-06-27,84.3913043478261
2020,"IT2153A",2020-06-28,79.695652173913
2020,"IT2153A",2020-06-29,75.6086956521739
2020,"IT2153A",2020-06-30,72.7826086956522
