reporting_year,pollutant_fk,station_eu_code,date,value
2020,7,IT1011A,2020-01-01,20.646076583333333
2020,7,IT1011A,2020-01-02,16.192776333333335
2020,7,IT1011A,2020-01-03,14.077939875
2020,7,IT1011A,2020-01-04,11.783539125
2020,7,IT1011A,2020-01-05,19.708468
2020,7,IT1011A,2020-01-06,30.196644583333335
2020,7,IT1011A,2020-01-07,18.32298670833333
2020,7,IT1011A,2020-01-08,14.264616416666668
2020,7,IT1011A,2020-01-09,15.50923825
2020,7,IT1011A,2020-01-10,14.523110333333333
2020,7,IT1011A,2020-01-11,15.286370625
2020,7,IT1011A,2020-01-12,15.911235541666667
2020,7,IT1011A,2020-01-13,13.394750375
2020,7,IT1011A,2020-01-14,15.207627217391305
2020,7,IT1011A,2020-01-15,16.983338260869566
2020,7,IT1011A,2020-01-16,14.473955347826086
2020,7,IT1011A,2020-01-17,14.592900818181818
2020,7,IT1011A,2020-01-18,20.520161333333334
2020,7,IT1011A,2020-01-19,29.422946666666668
2020,7,IT1011A,2020-01-20,41.78157208333333
2020,7,IT1011A,2020-01-21,27.612299583333332
2020,7,IT1011A,2020-01-22,15.840030541666666
2020,7,IT1011A,2020-01-23,15.692358375
2020,7,IT1011A,2020-01-24,12.527466375
2020,7,IT1011A,2020-01-25,27.031266125
2020,7,IT1011A,2020-01-26,24.497885416666666
2020,7,IT1011A,2020-01-27,17.055512458333332
2020,7,IT1011A,2020-01-28,45.186811666666664
2020,7,IT1011A,2020-01-29,20.70962
2020,7,IT1011A,2020-01-30,20.930727583333333
2020,7,IT1011A,2020-01-31,23.347518333333333
2020,7,IT1011A,2020-02-01,14.487063125
2020,7,IT1011A,2020-02-02,20.556694291666666
2020,7,IT1011A,2020-02-03,17.050755416666668
2020,7,IT1011A,2020-02-04,37.17017520833333
2020,7,IT1011A,2020-02-05,57.38271782608696
2020,7,IT1011A,2020-02-06,60.75295083333334
2020,7,IT1011A,2020-02-07,26.77837125
2020,7,IT1011A,2020-02-08,26.952841791666668
2020,7,IT1011A,2020-02-09,31.95159625
2020,7,IT1011A,2020-02-10,38.798944625
2020,7,IT1011A,2020-02-11,34.536023375
2020,7,IT1011A,2020-02-12,27.093907333333334
2020,7,IT1011A,2020-02-13,43.070795000000004
2020,7,IT1011A,2020-02-14,53.1190325
2020,7,IT1011A,2020-02-15,32.48275958333333
2020,7,IT1011A,2020-02-16,33.866204583333335
2020,7,IT1011A,2020-02-17,19.58392052173913
2020,7,IT1011A,2020-02-18,17.756743041666667
2020,7,IT1011A,2020-02-19,13.158533958333333
2020,7,IT1011A,2020-02-20,18.527431541666665
2020,7,IT1011A,2020-02-21,26.494851750000002
2020,7,IT1011A,2020-02-24,37.3829575
2020,7,IT1011A,2020-02-25,43.120961666666666
2020,7,IT1011A,2020-02-26,63.84966166666667
2020,7,IT1011A,2020-02-27,53.96979041666667
2020,7,IT1011A,2020-02-28,53.402254166666665
2020,7,IT1011A,2020-02-29,46.038585
2020,7,IT1011A,2020-03-01,73.29468375
2020,7,IT1011A,2020-03-02,64.55898875
2020,7,IT1011A,2020-03-03,65.255665
2020,7,IT1011A,2020-03-04,39.86484458333333
2020,7,IT1011A,2020-03-05,48.317860833333334
2020,7,IT1011A,2020-03-06,66.00200125
2020,7,IT1011A,2020-03-07,49.65748333333333
2020,7,IT1011A,2020-03-08,57.09922708333333
2020,7,IT1011A,2020-03-09,51.04955416666667
2020,7,IT1011A,2020-03-10,51.16906791666667
2020,7,IT1011A,2020-03-11,46.46196375
2020,7,IT1011A,2020-03-12,47.20607041666666
2020,7,IT1011A,2020-03-13,47.59067708333333
2020,7,IT1011A,2020-03-14,36.47505708333333
2020,7,IT1011A,2020-03-15,66.78753458333334
2020,7,IT1011A,2020-03-16,60.872157083333335
2020,7,IT1011A,2020-03-17,59.06972625
2020,7,IT1011A,2020-03-18,51.904302916666666
2020,7,IT1011A,2020-03-19,53.66294166666667
2020,7,IT1011A,2020-03-20,33.757355833333335
2020,7,IT1011A,2020-03-21,33.04136166666667
2020,7,IT1011A,2020-03-22,34.91665666666667
2020,7,IT1011A,2020-03-23,39.374013043478264
2020,7,IT1011A,2020-03-24,33.84266652173913
2020,7,IT1011A,2020-03-25,33.85306695652174
2020,7,IT1011A,2020-03-26,50.189070869565214
2020,7,IT1011A,2020-03-27,75.57952916666667
2020,7,IT1011A,2020-03-28,54.3637775
2020,7,IT1011A,2020-03-29,59.421684400000004
2020,7,IT1011A,2020-03-30,52.01455791666667
2020,7,IT1011A,2020-03-31,58.10841809523809
2020,7,IT1011A,2020-04-01,89.58259333333334
2020,7,IT1011A,2020-04-02,79.82525739130435
2020,7,IT1011A,2020-04-03,76.88344695652174
2020,7,IT1011A,2020-04-04,93.19017347826087
2020,7,IT1011A,2020-04-05,101.09001913043478
2020,7,IT1011A,2020-04-06,88.35320782608696
2020,7,IT1011A,2020-04-07,79.11445913043478
2020,7,IT1011A,2020-04-08,81.30786521739131
2020,7,IT1011A,2020-04-09,77.91155391304348
2020,7,IT1011A,2020-04-10,73.65434521739131
2020,7,IT1011A,2020-04-11,80.50971130434783
2020,7,IT1011A,2020-04-12,87.9012443478261
2020,7,IT1011A,2020-04-13,95.62943565217391
2020,7,IT1011A,2020-04-14,72.19484826086956
2020,7,IT1011A,2020-04-15,76.17284043478261
2020,7,IT1011A,2020-04-16,69.75027
2020,7,IT1011A,2020-04-17,67.12430565217392
2020,7,IT1011A,2020-04-18,60.658245217391304
2020,7,IT1011A,2020-04-19,58.49406608695652
2020,7,IT1011A,2020-04-20,33.55411130434783
2020,7,IT1011A,2020-04-21,59.05297652173913
2020,7,IT1011A,2020-04-22,37.548052608695656
2020,7,IT1011A,2020-04-23,54.42010086956522
2020,7,IT1011A,2020-04-24,77.76005217391304
2020,7,IT1011A,2020-04-25,81.94106086956522
2020,7,IT1011A,2020-04-26,76.2917343478261
2020,7,IT1011A,2020-04-27,67.47351291666666
2020,7,IT1011A,2020-04-28,64.01205
2020,7,IT1011A,2020-04-29,63.03097913043478
2020,7,IT1011A,2020-04-30,72.46152173913043
2020,7,IT1011A,2020-05-01,85.08287391304347
2020,7,IT1011A,2020-05-02,57.33109826086957
2020,7,IT1011A,2020-05-03,71.27383260869566
2020,7,IT1011A,2020-05-04,77.16196782608695
2020,7,IT1011A,2020-05-05,73.95178782608696
2020,7,IT1011A,2020-05-06,71.22727869565217
2020,7,IT1011A,2020-05-07,78.7477243478261
2020,7,IT1011A,2020-05-08,78.72255913043479
2020,7,IT1011A,2020-05-09,81.53778652173914
2020,7,IT1011A,2020-05-10,88.68169347826087
2020,7,IT1011A,2020-05-11,79.49436913043478
2020,7,IT1011A,2020-05-12,60.87658043478261
2020,7,IT1011A,2020-05-13,71.27488260869565
2020,7,IT1011A,2020-05-14,70.10783826086957
2020,7,IT1011A,2020-05-15,83.83392826086957
2020,7,IT1011A,2020-05-16,48.85545260869565
2020,7,IT1011A,2020-05-17,84.82738608695652
2020,7,IT1011A,2020-05-18,48.55332391304348
2020,7,IT1011A,2020-05-19,68.19398347826088
2020,7,IT1011A,2020-05-20,61.800442608695654
2020,7,IT1011A,2020-05-21,86.12722173913043
2020,7,IT1011A,2020-05-22,73.543025
2020,7,IT1011A,2020-05-23,70.56278652173913
2020,7,IT1011A,2020-05-24,88.05502652173912
2020,7,IT1011A,2020-05-25,74.47411782608695
2020,7,IT1011A,2020-05-26,75.39281434782609
2020,7,IT1011A,2020-05-27,81.4684895652174
2020,7,IT1011A,2020-05-28,86.07151043478261
2020,7,IT1011A,2020-05-29,58.71771043478261
2020,7,IT1011A,2020-05-30,56.39076260869565
2020,7,IT1011A,2020-05-31,65.01926956521739
2020,7,IT1011A,2020-06-01,65.76355043478262
2020,7,IT1011A,2020-06-02,66.29139086956522
2020,7,IT1011A,2020-06-03,58.06137347826087
2020,7,IT1011A,2020-06-04,73.51996304347826
2020,7,IT1011A,2020-06-05,67.62404043478261
2020,7,IT1011A,2020-06-06,58.07202347826087
2020,7,IT1011A,2020-06-07,63.739241739130435
2020,7,IT1011A,2020-06-08,57.74519956521739
2020,7,IT1011A,2020-06-09,66.05095
2020,7,IT1011A,2020-06-10,77.04671260869566
2020,7,IT1011A,2020-06-11,70.20509695652174
2020,7,IT1011A,2020-06-12,71.29153608695653
2020,7,IT1011A,2020-06-13,73.30929347826087
2020,7,IT1011A,2020-06-14,67.82874565217391
2020,7,IT1011A,2020-06-15,51.041952173913046
2020,7,IT1011A,2020-06-16,51.71129608695652
2020,7,IT1011A,2020-06-17,50.98129291666667
2020,7,IT1011A,2020-06-18,57.34104565217391
2020,7,IT1011A,2020-06-19,62.32795043478261
2020,7,IT1011A,2020-06-20,69.8968147826087
2020,7,IT1011A,2020-06-21,70.39099869565217
2020,7,IT1011A,2020-06-22,73.6278247826087
2020,7,IT1011A,2020-06-23,78.42755565217391
2020,7,IT1011A,2020-06-24,92.58056739130434
2020,7,IT1011A,2020-06-25,95.67484608695652
2020,7,IT1011A,2020-06-26,90.96021956521739
2020,7,IT1011A,2020-06-27,85.36718
2020,7,IT1011A,2020-06-28,81.69458130434782
2020,7,IT1011A,2020-06-29,77.10715652173913
2020,7,IT1011A,2020-06-30,82.56654666666667
2020,7,IT1180A,2020-01-01,10.84138095652174
2020,7,IT1180A,2020-01-02,8.523917782608695
2020,7,IT1180A,2020-01-03,9.259626739130434
2020,7,IT1180A,2020-01-04,7.862929913043478
2020,7,IT1180A,2020-01-05,39.575914565217396
2020,7,IT1180A,2020-01-06,47.21438652173913
2020,7,IT1180A,2020-01-07,18.407710652173915
2020,7,IT1180A,2020-01-08,46.86802252173913
2020,7,IT1180A,2020-01-09,12.957528565217391
2020,7,IT1180A,2020-01-10,10.259175043478262
2020,7,IT1180A,2020-01-11,29.516363739130433
2020,7,IT1180A,2020-01-12,38.523915
2020,7,IT1180A,2020-01-13,13.577809304347825
2020,7,IT1180A,2020-01-14,9.130288260869566
2020,7,IT1180A,2020-01-15,6.586945541666667
2020,7,IT1180A,2020-01-16,7.582384173913043
2020,7,IT1180A,2020-01-17,7.396337173913043
2020,7,IT1180A,2020-01-18,18.832711304347825
2020,7,IT1180A,2020-01-19,53.10873217391305
2020,7,IT1180A,2020-01-20,60.490139130434784
2020,7,IT1180A,2020-01-21,50.29707773913044
2020,7,IT1180A,2020-01-22,10.030504391304348
2020,7,IT1180A,2020-01-23,8.245489086956521
2020,7,IT1180A,2020-01-24,11.944440608695652
2020,7,IT1180A,2020-01-25,16.613320782608696
2020,7,IT1180A,2020-01-26,6.487496782608695
2020,7,IT1180A,2020-01-27,14.553387043478262
2020,7,IT1180A,2020-01-28,52.04033347826087
2020,7,IT1180A,2020-01-29,45.48989122727273
2020,7,IT1180A,2020-01-30,24.866110217391306
2020,7,IT1180A,2020-01-31,45.76774434782609
2020,7,IT1180A,2020-02-01,28.045043217391303
2020,7,IT1180A,2020-02-02,43.96385869565217
2020,7,IT1180A,2020-02-03,27.592918304347826
2020,7,IT1180A,2020-02-04,44.590907869565214
2020,7,IT1180A,2020-02-05,51.51472669565217
2020,7,IT1180A,2020-02-06,52.73200182608696
2020,7,IT1180A,2020-02-07,22.068413347826088
2020,7,IT1180A,2020-02-08,19.321792130434783
2020,7,IT1180A,2020-02-09,35.48006170833333
2020,7,IT1180A,2020-02-10,50.88929869565217
2020,7,IT1180A,2020-02-11,43.852680434782606
2020,7,IT1180A,2020-02-12,34.33691556521739
2020,7,IT1180A,2020-02-13,43.83896395652174
2020,7,IT1180A,2020-02-14,49.5516527826087
2020,7,IT1180A,2020-02-15,28.51463056521739
2020,7,IT1180A,2020-02-16,27.23623604347826
2020,7,IT1180A,2020-02-17,32.00720491304348
2020,7,IT1180A,2020-02-18,29.813256956521737
2020,7,IT1180A,2020-02-19,20.320320782608697
2020,7,IT1180A,2020-02-20,34.6533262173913
2020,7,IT1180A,2020-02-21,35.031539260869565
2020,7,IT1180A,2020-02-22,36.232877217391305
2020,7,IT1180A,2020-02-23,31.55261213043478
2020,7,IT1180A,2020-02-24,31.965658260869567
2020,7,IT1180A,2020-02-25,68.9217547826087
2020,7,IT1180A,2020-02-26,62.33020705882353
2020,7,IT1180A,2020-02-27,52.4782965
2020,7,IT1180A,2020-02-28,49.63939052631579
2020,7,IT1180A,2020-02-29,48.55679826086956
2020,7,IT1180A,2020-03-01,59.73350173913043
2020,7,IT1180A,2020-03-02,54.52048956521739
2020,7,IT1180A,2020-03-03,47.3824752173913
2020,7,IT1180A,2020-03-04,29.63216843478261
2020,7,IT1180A,2020-03-05,43.02048204347826
2020,7,IT1180A,2020-03-06,60.688502173913044
2020,7,IT1180A,2020-03-07,51.65034588235294
2020,7,IT1180A,2020-03-09,67.61296733333333
2020,7,IT1180A,2020-03-10,53.46397913043478
2020,7,IT1180A,2020-03-11,43.93989086956522
2020,7,IT1180A,2020-03-12,32.031677217391305
2020,7,IT1180A,2020-03-13,34.725964043478264
2020,7,IT1180A,2020-03-14,38.683971782608694
2020,7,IT1180A,2020-03-15,77.35534130434783
2020,7,IT1180A,2020-03-16,55.847350434782605
2020,7,IT1180A,2020-03-17,46.47147308695652
2020,7,IT1180A,2020-03-18,65.70316
2020,7,IT1180A,2020-03-19,57.01129956521739
2020,7,IT1180A,2020-03-20,59.45976681818182
2020,7,IT1180A,2020-03-21,62.885145217391305
2020,7,IT1180A,2020-03-22,77.0288852173913
2020,7,IT1180A,2020-03-23,78.17485260869566
2020,7,IT1180A,2020-03-24,69.24269782608695
2020,7,IT1180A,2020-03-25,69.97375124999999
2020,7,IT1180A,2020-03-26,71.9709452173913
2020,7,IT1180A,2020-03-27,68.38076304347827
2020,7,IT1180A,2020-03-28,63.4686552173913
2020,7,IT1180A,2020-03-29,50.38495666666667
2020,7,IT1180A,2020-03-30,61.85193913043478
2020,7,IT1180A,2020-03-31,77.90595521739131
2020,7,IT1180A,2020-04-01,86.50993913043479
2020,7,IT1180A,2020-04-02,73.75201347826086
2020,7,IT1180A,2020-04-03,79.43796782608696
2020,7,IT1180A,2020-04-04,93.87746739130435
2020,7,IT1180A,2020-04-05,94.44701652173913
2020,7,IT1180A,2020-04-06,88.54246130434782
2020,7,IT1180A,2020-04-07,87.8953604347826
2020,7,IT1180A,2020-04-08,79.00086304347826
2020,7,IT1180A,2020-04-09,75.84181043478262
2020,7,IT1180A,2020-04-10,73.40629
2020,7,IT1180A,2020-04-11,78.36231347826087
2020,7,IT1180A,2020-04-12,80.25001652173913
2020,7,IT1180A,2020-04-13,86.00206695652174
2020,7,IT1180A,2020-04-14,74.20439521739131
2020,7,IT1180A,2020-04-15,75.89160739130435
2020,7,IT1180A,2020-04-16,69.19636434782609
2020,7,IT1180A,2020-04-17,67.06775652173913
2020,7,IT1180A,2020-04-18,48.41167043478261
2020,7,IT1180A,2020-04-19,41.90647652173913
2020,7,IT1180A,2020-04-20,60.499419583333335
2020,7,IT1180A,2020-04-21,76.1566852173913
2020,7,IT1180A,2020-04-22,72.57724571428571
2020,7,IT1180A,2020-04-23,91.40372875
2020,7,IT1180A,2020-04-24,75.15800043478261
2020,7,IT1180A,2020-04-25,67.71345173913043
2020,7,IT1180A,2020-04-26,57.150779130434785
2020,7,IT1180A,2020-04-27,56.03394043478261
2020,7,IT1180A,2020-04-28,42.54114086956522
2020,7,IT1180A,2020-04-29,63.6088147826087
2020,7,IT1180A,2020-04-30,63.45479391304348
2020,7,IT1180A,2020-05-01,66.2029
2020,7,IT1180A,2020-05-02,43.88756347826087
2020,7,IT1180A,2020-05-03,68.56315363636364
2020,7,IT1180A,2020-05-04,71.34991
2020,7,IT1180A,2020-05-05,55.753559565217394
2020,7,IT1180A,2020-05-06,72.73545608695652
2020,7,IT1180A,2020-05-07,87.99541826086957
2020,7,IT1180A,2020-05-08,68.32124782608696
2020,7,IT1180A,2020-05-09,64.99364608695652
2020,7,IT1180A,2020-05-10,70.43238541666666
2020,7,IT1180A,2020-05-11,71.93062434782608
2020,7,IT1180A,2020-05-12,58.799831304347826
2020,7,IT1180A,2020-05-13,62.77057173913044
2020,7,IT1180A,2020-05-14,68.00828304347826
2020,7,IT1180A,2020-05-15,73.92629739130435
2020,7,IT1180A,2020-05-16,44.2041752173913
2020,7,IT1180A,2020-05-17,67.3549952173913
2020,7,IT1180A,2020-05-18,70.72943478260869
2020,7,IT1180A,2020-05-19,60.713368260869565
2020,7,IT1180A,2020-05-20,66.26740173913043
2020,7,IT1180A,2020-05-21,76.12695956521739
2020,7,IT1180A,2020-05-22,64.04509869565217
2020,7,IT1180A,2020-05-23,59.08115347826087
2020,7,IT1180A,2020-05-24,75.98441130434783
2020,7,IT1180A,2020-05-25,76.51777695652174
2020,7,IT1180A,2020-05-26,75.85690304347825
2020,7,IT1180A,2020-05-27,71.51296608695652
2020,7,IT1180A,2020-05-28,61.477690869565215
2020,7,IT1180A,2020-05-29,56.32482043478261
2020,7,IT1180A,2020-05-30,74.5465
2020,7,IT1180A,2020-05-31,55.58787130434783
2020,7,IT1180A,2020-06-01,64.01358608695652
2020,7,IT1180A,2020-06-02,65.32784304347825
2020,7,IT1180A,2020-06-03,57.51132043478261
2020,7,IT1180A,2020-06-04,69.82026458333333
2020,7,IT1180A,2020-06-05,51.543579739130436
2020,7,IT1180A,2020-06-06,43.140733
2020,7,IT1180A,2020-06-07,50.81989639130435
2020,7,IT1180A,2020-06-08,33.53632943478261
2020,7,IT1180A,2020-06-09,42.134870782608694
2020,7,IT1180A,2020-06-10,48.436727608695655
2020,7,IT1180A,2020-06-11,45.95605434782609
2020,7,IT1180A,2020-06-12,42.03720347826087
2020,7,IT1180A,2020-06-13,57.077157782608694
2020,7,IT1180A,2020-06-14,41.43373595652174
2020,7,IT1180A,2020-06-15,31.060402086956522
2020,7,IT1180A,2020-06-16,34.88743460869565
2020,7,IT1180A,2020-06-17,50.46427839130435
2020,7,IT1180A,2020-06-18,51.079210869565216
2020,7,IT1180A,2020-06-19,51.94080608695652
2020,7,IT1180A,2020-06-20,61.00275565217391
2020,7,IT1180A,2020-06-21,48.56760208695652
2020,7,IT1180A,2020-06-22,53.20890157894737
2020,7,IT1180A,2020-06-23,63.814639130434784
2020,7,IT1180A,2020-06-24,71.38169476190477
2020,7,IT1180A,2020-06-25,70.6308556521739
2020,7,IT1180A,2020-06-26,69.35582391304348
2020,7,IT1180A,2020-06-27,66.79581347826087
2020,7,IT1180A,2020-06-28,63.96624826086956
2020,7,IT1180A,2020-06-29,52.27527
2020,7,IT1180A,2020-06-30,59.01010333333333
2020,7,IT1182A,2020-01-01,12.489875217391305
2020,7,IT1182A,2020-01-02,9.142712913043479
2020,7,IT1182A,2020-01-03,6.700433652173913
2020,7,IT1182A,2020-01-04,5.076512608695652
2020,7,IT1182A,2020-01-05,30.089287304347824
2020,7,IT1182A,2020-01-06,42.98182347826087
2020,7,IT1182A,2020-01-07,19.107254695652173
2020,7,IT1182A,2020-01-08,48.05207130434783
2020,7,IT1182A,2020-01-09,10.744778086956522
2020,7,IT1182A,2020-01-10,6.884472739130435
2020,7,IT1182A,2020-01-11,21.040199086956523
2020,7,IT1182A,2020-01-12,35.473394416666665
2020,7,IT1182A,2020-01-13,13.457973434782609
2020,7,IT1182A,2020-01-14,5.584473695652174
2020,7,IT1182A,2020-01-15,4.283692173913043
2020,7,IT1182A,2020-01-16,1.3671845652173913
2020,7,IT1182A,2020-01-17,1.5858021739130435
2020,7,IT1182A,2020-01-18,11.414636739130435
2020,7,IT1182A,2020-01-19,45.66763217391304
2020,7,IT1182A,2020-01-20,53.88252
2020,7,IT1182A,2020-01-21,48.67615652173913
2020,7,IT1182A,2020-01-22,6.4672451875
2020,7,IT1182A,2020-01-23,1.9573071304347827
2020,7,IT1182A,2020-01-24,5.450439
2020,7,IT1182A,2020-01-25,6.489660391304348
2020,7,IT1182A,2020-01-26,5.651664304347826
2020,7,IT1182A,2020-01-27,3.8723518260869563
2020,7,IT1182A,2020-01-28,38.05445782608696
2020,7,IT1182A,2020-01-29,38.14628152173913
2020,7,IT1182A,2020-01-30,17.981267130434784
2020,7,IT1182A,2020-01-31,21.33583147826087
2020,7,IT1182A,2020-02-01,14.04493325
2020,7,IT1182A,2020-02-02,29.83458195652174
2020,7,IT1182A,2020-02-03,12.781349869565217
2020,7,IT1182A,2020-02-04,32.614622
2020,7,IT1182A,2020-02-05,46.20248869565217
2020,7,IT1182A,2020-02-06,51.96431652173913
2020,7,IT1182A,2020-02-07,23.57437904347826
2020,7,IT1182A,2020-02-08,20.321895347826086
2020,7,IT1182A,2020-02-09,32.400731217391304
2020,7,IT1182A,2020-02-10,41.54815869565218
2020,7,IT1182A,2020-02-11,36.77061639130435
2020,7,IT1182A,2020-02-12,20.358585565217393
2020,7,IT1182A,2020-02-13,28.978113869565217
2020,7,IT1182A,2020-02-14,38.49109782608696
2020,7,IT1182A,2020-02-15,25.975723695652174
2020,7,IT1182A,2020-02-16,2.4724974285714287
2020,7,IT1182A,2020-02-17,32.21083
2020,7,IT1182A,2020-02-18,27.5782214
2020,7,IT1182A,2020-02-19,11.90597804347826
2020,7,IT1182A,2020-02-20,25.67515780952381
2020,7,IT1182A,2020-02-21,22.051671250000002
2020,7,IT1182A,2020-02-22,36.924439695652175
2020,7,IT1182A,2020-02-23,21.865273217391305
2020,7,IT1182A,2020-02-24,22.058655434782608
2020,7,IT1182A,2020-02-25,54.10729739130435
2020,7,IT1182A,2020-02-26,57.98922666666667
2020,7,IT1182A,2020-02-27,46.855731434782605
2020,7,IT1182A,2020-02-28,47.75175369565218
2020,7,IT1182A,2020-02-29,37.39403986956522
2020,7,IT1182A,2020-03-01,58.471581739130436
2020,7,IT1182A,2020-03-02,48.81734482608696
2020,7,IT1182A,2020-03-03,51.485206086956524
2020,7,IT1182A,2020-03-04,23.721633826086958
2020,7,IT1182A,2020-03-05,36.80879895652174
2020,7,IT1182A,2020-03-06,45.58962708695652
2020,7,IT1182A,2020-03-07,45.35960565217391
2020,7,IT1182A,2020-03-08,51.16677913043478
2020,7,IT1182A,2020-03-09,47.495836304347826
2020,7,IT1182A,2020-03-10,40.35110704347826
2020,7,IT1182A,2020-03-11,36.61031852173913
2020,7,IT1182A,2020-03-12,28.906985347826087
2020,7,IT1182A,2020-03-13,28.608130173913043
2020,7,IT1182A,2020-03-14,34.003095217391305
2020,7,IT1182A,2020-03-15,73.92394869565217
2020,7,IT1182A,2020-03-16,56.552563
2020,7,IT1182A,2020-03-17,32.64982904761905
2020,7,IT1182A,2020-03-18,70.99443454545454
2020,7,IT1182A,2020-03-19,60.65266739130435
2020,7,IT1182A,2020-03-20,58.954875217391304
2020,7,IT1182A,2020-03-21,63.41732652173913
2020,7,IT1182A,2020-03-22,78.80134608695653
2020,7,IT1182A,2020-03-23,76.85904608695652
2020,7,IT1182A,2020-03-24,64.9115704347826
2020,7,IT1182A,2020-03-25,59.44934739130435
2020,7,IT1182A,2020-03-26,70.86602625
2020,7,IT1182A,2020-03-27,63.92955260869565
2020,7,IT1182A,2020-03-28,62.78746869565217
2020,7,IT1182A,2020-03-29,55.45239791666667
2020,7,IT1182A,2020-03-30,59.681373130434785
2020,7,IT1182A,2020-03-31,77.93208
2020,7,IT1182A,2020-04-01,82.34292238095239
2020,7,IT1182A,2020-04-02,74.73113391304348
2020,7,IT1182A,2020-04-03,76.06551826086957
2020,7,IT1182A,2020-04-04,90.92144739130435
2020,7,IT1182A,2020-04-05,90.26390130434783
2020,7,IT1182A,2020-04-06,86.76918782608696
2020,7,IT1182A,2020-04-07,89.20844695652174
2020,7,IT1182A,2020-04-08,83.18468739130435
2020,7,IT1182A,2020-04-09,78.52323086956521
2020,7,IT1182A,2020-04-10,72.00597217391304
2020,7,IT1182A,2020-04-11,80.05732304347826
2020,7,IT1182A,2020-04-12,82.19334043478261
2020,7,IT1182A,2020-04-13,86.78962791666666
2020,7,IT1182A,2020-04-14,69.31731826086957
2020,7,IT1182A,2020-04-15,74.94920217391304
2020,7,IT1182A,2020-04-16,71.77903391304348
2020,7,IT1182A,2020-04-17,67.30437652173913
2020,7,IT1182A,2020-04-18,49.69551304347826
2020,7,IT1182A,2020-04-19,40.523576391304346
2020,7,IT1182A,2020-04-20,53.369548260869564
2020,7,IT1182A,2020-04-21,71.6464347826087
2020,7,IT1182A,2020-04-22,65.77214043478261
2020,7,IT1182A,2020-04-23,82.9284552173913
2020,7,IT1182A,2020-04-24,73.19632086956521
2020,7,IT1182A,2020-04-25,70.21319347826086
2020,7,IT1182A,2020-04-26,63.08905043478261
2020,7,IT1182A,2020-04-27,58.21856439130435
2020,7,IT1182A,2020-04-28,37.450956
2020,7,IT1182A,2020-04-29,72.72951166666667
2020,7,IT1182A,2020-04-30,59.98619043478261
2020,7,IT1182A,2020-05-01,67.21139608695653
2020,7,IT1182A,2020-05-02,43.195819130434785
2020,7,IT1182A,2020-05-03,61.76571695652174
2020,7,IT1182A,2020-05-04,72.38192304347827
2020,7,IT1182A,2020-05-05,58.07189739130435
2020,7,IT1182A,2020-05-06,67.27850260869565
2020,7,IT1182A,2020-05-07,86.75625434782609
2020,7,IT1182A,2020-05-08,72.63747608695653
2020,7,IT1182A,2020-05-09,69.53723833333333
2020,7,IT1182A,2020-05-10,73.28094956521738
2020,7,IT1182A,2020-05-11,72.88342608695652
2020,7,IT1182A,2020-05-12,58.18483086956522
2020,7,IT1182A,2020-05-13,61.09081165217391
2020,7,IT1182A,2020-05-14,62.26475173913043
2020,7,IT1182A,2020-05-15,71.63473217391304
2020,7,IT1182A,2020-05-16,38.03909565217391
2020,7,IT1182A,2020-05-17,67.81835869565218
2020,7,IT1182A,2020-05-18,60.09850391304348
2020,7,IT1182A,2020-05-19,58.04402739130435
2020,7,IT1182A,2020-05-20,59.59037869565218
2020,7,IT1182A,2020-05-21,75.52228260869565
2020,7,IT1182A,2020-05-22,54.11170565217391
2020,7,IT1182A,2020-05-23,59.96969665217391
2020,7,IT1182A,2020-05-24,81.69112434782609
2020,7,IT1182A,2020-05-25,68.65369782608695
2020,7,IT1182A,2020-05-26,69.22470173913044
2020,7,IT1182A,2020-05-27,70.06366869565217
2020,7,IT1182A,2020-05-28,58.14774434782609
2020,7,IT1182A,2020-05-29,48.68491043478261
2020,7,IT1182A,2020-05-30,69.73681304347826
2020,7,IT1182A,2020-05-31,53.8765152173913
2020,7,IT1182A,2020-06-01,58.33666521739131
2020,7,IT1182A,2020-06-02,64.96418652173912
2020,7,IT1182A,2020-06-03,47.1458677826087
2020,7,IT1182A,2020-06-04,67.105155
2020,7,IT1182A,2020-06-05,47.413505782608695
2020,7,IT1182A,2020-06-06,42.578820695652176
2020,7,IT1182A,2020-06-07,51.29578786956522
2020,7,IT1182A,2020-06-08,29.016134739130436
2020,7,IT1182A,2020-06-09,38.50452633333333
2020,7,IT1182A,2020-06-10,45.612001
2020,7,IT1182A,2020-06-11,42.740361782608694
2020,7,IT1182A,2020-06-12,42.84912277272727
2020,7,IT1182A,2020-06-13,51.33369365217391
2020,7,IT1182A,2020-06-14,41.093074130434786
2020,7,IT1182A,2020-06-15,24.009921173913042
2020,7,IT1182A,2020-06-16,27.286696695652175
2020,7,IT1182A,2020-06-17,41.38783360869565
2020,7,IT1182A,2020-06-18,46.28748873913043
2020,7,IT1182A,2020-06-19,43.70656969565218
2020,7,IT1182A,2020-06-20,59.08995434782609
2020,7,IT1182A,2020-06-21,43.96343130434782
2020,7,IT1182A,2020-06-22,53.680145217391306
2020,7,IT1182A,2020-06-23,61.306436956521736
2020,7,IT1182A,2020-06-24,70.42177782608695
2020,7,IT1182A,2020-06-25,65.12108182608696
2020,7,IT1182A,2020-06-26,69.68161086956522
2020,7,IT1182A,2020-06-27,64.56386826086957
2020,7,IT1182A,2020-06-28,66.73955782608695
2020,7,IT1182A,2020-06-29,53.20930652173913
2020,7,IT1182A,2020-06-30,54.840599545454545
2020,7,IT1365A,2020-01-01,20.968664625
2020,7,IT1365A,2020-01-02,19.2616415
2020,7,IT1365A,2020-01-03,14.958594708333333
2020,7,IT1365A,2020-01-04,12.696825666666665
2020,7,IT1365A,2020-01-05,29.464631541666666
2020,7,IT1365A,2020-01-06,52.08578375
2020,7,IT1365A,2020-01-07,19.958335875
2020,7,IT1365A,2020-01-08,14.335694666666667
2020,7,IT1365A,2020-01-09,14.7938425
2020,7,IT1365A,2020-01-10,14.001094375
2020,7,IT1365A,2020-01-11,15.1446905
2020,7,IT1365A,2020-01-12,16.774157041666665
2020,7,IT1365A,2020-01-13,13.648104375
2020,7,IT1365A,2020-01-14,17.68194383333333
2020,7,IT1365A,2020-01-15,16.883386625
2020,7,IT1365A,2020-01-16,16.382847333333334
2020,7,IT1365A,2020-01-17,15.662271208333333
2020,7,IT1365A,2020-01-18,28.60936325
2020,7,IT1365A,2020-01-19,38.977734166666664
2020,7,IT1365A,2020-01-20,56.82068916666667
2020,7,IT1365A,2020-01-21,30.22090125
2020,7,IT1365A,2020-01-22,16.068951291666668
2020,7,IT1365A,2020-01-23,15.035604708333333
2020,7,IT1365A,2020-01-24,14.948679708333334
2020,7,IT1365A,2020-01-25,33.464420833333335
2020,7,IT1365A,2020-01-26,20.902960416666666
2020,7,IT1365A,2020-01-27,18.764682208333333
2020,7,IT1365A,2020-01-28,47.9549125
2020,7,IT1365A,2020-01-29,27.7370925
2020,7,IT1365A,2020-01-30,27.697962458333333
2020,7,IT1365A,2020-01-31,41.61240958333333
2020,7,IT1365A,2020-02-01,20.575645416666667
2020,7,IT1365A,2020-02-02,31.73950625
2020,7,IT1365A,2020-02-03,24.876816375
2020,7,IT1365A,2020-02-04,41.418876583333336
2020,7,IT1365A,2020-02-05,61.18381130434783
2020,7,IT1365A,2020-02-06,67.79454375
2020,7,IT1365A,2020-02-07,29.737119166666666
2020,7,IT1365A,2020-02-08,29.687649583333332
2020,7,IT1365A,2020-02-09,39.251825833333335
2020,7,IT1365A,2020-02-10,46.18711625
2020,7,IT1365A,2020-02-11,47.022942916666665
2020,7,IT1365A,2020-02-12,30.18068166666667
2020,7,IT1365A,2020-02-13,39.91490291666667
2020,7,IT1365A,2020-02-14,59.21873
2020,7,IT1365A,2020-02-15,38.4866275
2020,7,IT1365A,2020-02-16,35.790915416666664
2020,7,IT1365A,2020-02-17,39.260409583333335
2020,7,IT1365A,2020-02-18,34.988582083333334
2020,7,IT1365A,2020-02-19,21.2426895
2020,7,IT1365A,2020-02-20,40.91563008333333
2020,7,IT1365A,2020-02-21,35.416286666666664
2020,7,IT1365A,2020-02-22,37.47311666666666
2020,7,IT1365A,2020-02-23,42.47121583333333
2020,7,IT1365A,2020-02-24,42.51383875
2020,7,IT1365A,2020-02-25,61.92050916666667
2020,7,IT1365A,2020-02-26,67.53212
2020,7,IT1365A,2020-02-27,52.77921
2020,7,IT1365A,2020-02-28,61.1910275
2020,7,IT1365A,2020-02-29,52.88140875
2020,7,IT1365A,2020-03-01,68.59571666666666
2020,7,IT1365A,2020-03-02,66.643735
2020,7,IT1365A,2020-03-03,69.29997583333333
2020,7,IT1365A,2020-03-04,42.03310333333334
2020,7,IT1365A,2020-03-05,51.02516375
2020,7,IT1365A,2020-03-06,67.2784975
2020,7,IT1365A,2020-03-07,67.834115
2020,7,IT1365A,2020-03-08,77.20415875
2020,7,IT1365A,2020-03-09,59.47013625
2020,7,IT1365A,2020-03-10,65.33946333333333
2020,7,IT1365A,2020-03-11,51.56165541666667
2020,7,IT1365A,2020-03-12,53.1463875
2020,7,IT1365A,2020-03-13,46.968779166666664
2020,7,IT1365A,2020-03-14,35.52253291666667
2020,7,IT1365A,2020-03-15,70.41166708333333
2020,7,IT1365A,2020-03-16,62.69341
2020,7,IT1365A,2020-03-17,54.64749
2020,7,IT1365A,2020-03-18,52.136127083333335
2020,7,IT1365A,2020-03-19,64.33932666666666
2020,7,IT1365A,2020-03-20,66.6722625
2020,7,IT1365A,2020-03-21,64.7031075
2020,7,IT1365A,2020-03-22,67.87309208333333
2020,7,IT1365A,2020-03-23,86.6512275
2020,7,IT1365A,2020-03-24,77.87955833333334
2020,7,IT1365A,2020-03-25,75.59486416666667
2020,7,IT1365A,2020-03-26,80.20429708333333
2020,7,IT1365A,2020-03-27,71.59445333333333
2020,7,IT1365A,2020-03-28,52.271611666666665
2020,7,IT1365A,2020-03-29,56.4663812
2020,7,IT1365A,2020-03-30,50.974407916666664
2020,7,IT1365A,2020-03-31,66.19304125
2020,7,IT1365A,2020-04-01,87.97062375
2020,7,IT1365A,2020-04-02,77.79156208333333
2020,7,IT1365A,2020-04-03,76.2935925
2020,7,IT1365A,2020-04-04,94.85530458333334
2020,7,IT1365A,2020-04-05,100.565045
2020,7,IT1365A,2020-04-06,86.79529285714285
2020,7,IT1365A,2020-04-07,82.0930325
2020,7,IT1365A,2020-04-08,83.21192434782608
2020,7,IT1365A,2020-04-09,84.71739391304348
2020,7,IT1365A,2020-04-10,79.2725204347826
2020,7,IT1365A,2020-04-11,84.55409608695652
2020,7,IT1365A,2020-04-12,89.34040043478261
2020,7,IT1365A,2020-04-13,99.65247260869565
2020,7,IT1365A,2020-04-14,81.60159260869565
2020,7,IT1365A,2020-04-15,82.97871260869564
2020,7,IT1365A,2020-04-16,77.44986173913044
2020,7,IT1365A,2020-04-17,68.24680260869565
2020,7,IT1365A,2020-04-18,57.87926434782609
2020,7,IT1365A,2020-04-19,54.82828956521739
2020,7,IT1365A,2020-04-20,30.86780695652174
2020,7,IT1365A,2020-04-21,55.783906521739134
2020,7,IT1365A,2020-04-22,36.29109086956522
2020,7,IT1365A,2020-04-23,56.64589956521739
2020,7,IT1365A,2020-04-24,71.42350347826087
2020,7,IT1365A,2020-04-25,77.21456434782608
2020,7,IT1365A,2020-04-26,71.0076104347826
2020,7,IT1365A,2020-04-27,66.63177304347826
2020,7,IT1365A,2020-04-28,63.69270130434783
2020,7,IT1365A,2020-04-29,68.85314347826088
2020,7,IT1365A,2020-04-30,68.61370304347827
2020,7,IT1365A,2020-05-01,82.18214869565217
2020,7,IT1365A,2020-05-02,59.29831
2020,7,IT1365A,2020-05-03,68.38379041666667
2020,7,IT1365A,2020-05-04,79.19080913043479
2020,7,IT1365A,2020-05-05,74.17813086956522
2020,7,IT1365A,2020-05-06,72.91567913043478
2020,7,IT1365A,2020-05-07,83.78460869565217
2020,7,IT1365A,2020-05-08,83.78283826086957
2020,7,IT1365A,2020-05-09,85.20541347826087
2020,7,IT1365A,2020-05-10,92.6098552173913
2020,7,IT1365A,2020-05-11,81.79443869565218
2020,7,IT1365A,2020-05-12,65.509215652173907
2020,7,IT1365A,2020-05-13,71.98197565217392
2020,7,IT1365A,2020-05-14,71.33330260869565
2020,7,IT1365A,2020-05-15,83.7670452173913
2020,7,IT1365A,2020-05-16,46.94291
2020,7,IT1365A,2020-05-17,86.06508130434783
2020,7,IT1365A,2020-05-18,47.897379130434786
2020,7,IT1365A,2020-05-19,68.82328652173913
2020,7,IT1365A,2020-05-20,75.16005565217391
2020,7,IT1365A,2020-05-21,96.19461
2020,7,IT1365A,2020-05-22,78.79055565217391
2020,7,IT1365A,2020-05-23,78.24046608695652
2020,7,IT1365A,2020-05-24,90.3634404347826
2020,7,IT1365A,2020-05-25,77.38233
2020,7,IT1365A,2020-05-26,78.88467173913044
2020,7,IT1365A,2020-05-27,89.71074869565217
2020,7,IT1365A,2020-05-28,86.24677583333333
2020,7,IT1365A,2020-05-29,64.05233782608695
2020,7,IT1365A,2020-05-30,61.1979547826087
2020,7,IT1365A,2020-05-31,67.09509
2020,7,IT1365A,2020-06-01,70.28716347826087
2020,7,IT1365A,2020-06-02,71.65256086956522
2020,7,IT1365A,2020-06-03,66.5977452173913
2020,7,IT1365A,2020-06-04,84.8405295652174
2020,7,IT1365A,2020-06-05,71.87651652173913
2020,7,IT1365A,2020-06-06,60.09284304347826
2020,7,IT1365A,2020-06-07,65.11702869565217
2020,7,IT1365A,2020-06-08,63.00825260869565
2020,7,IT1365A,2020-06-09,62.69607043478261
2020,7,IT1365A,2020-06-10,80.1517795652174
2020,7,IT1365A,2020-06-11,73.67430695652173
2020,7,IT1365A,2020-06-12,76.07040913043478
2020,7,IT1365A,2020-06-13,77.71410347826087
2020,7,IT1365A,2020-06-14,68.63728
2020,7,IT1365A,2020-06-15,52.00698739130435
2020,7,IT1365A,2020-06-16,51.76833956521739
2020,7,IT1365A,2020-06-17,54.98028304347826
2020,7,IT1365A,2020-06-18,62.11748782608696
2020,7,IT1365A,2020-06-19,68.12940956521739
2020,7,IT1365A,2020-06-20,75.80710304347826
2020,7,IT1365A,2020-06-21,71.465871739130435
2020,7,IT1365A,2020-06-22,80.32873695652174
2020,7,IT1365A,2020-06-23,84.39850125
2020,7,IT1365A,2020-06-24,92.22079478260869
2020,7,IT1365A,2020-06-25,100.49977391304348
2020,7,IT1365A,2020-06-26,93.95364869565218
2020,7,IT1365A,2020-06-27,86.79438608695652
2020,7,IT1365A,2020-06-28,84.34924304347827
2020,7,IT1365A,2020-06-29,81.82150217391305
2020,7,IT1365A,2020-06-30,88.25796238095238
2020,7,IT1728A,2020-01-01,24.35691
2020,7,IT1728A,2020-01-02,21.518053869565218
2020,7,IT1728A,2020-01-03,16.223059958333334
2020,7,IT1728A,2020-01-04,12.083651333333334
2020,7,IT1728A,2020-01-05,23.61888275
2020,7,IT1728A,2020-01-06,37.790784583333334
2020,7,IT1728A,2020-01-07,23.717523958333334
2020,7,IT1728A,2020-01-08,17.3862005
2020,7,IT1728A,2020-01-09,17.886684
2020,7,IT1728A,2020-01-10,16.2172705
2020,7,IT1728A,2020-01-11,17.881234291666665
2020,7,IT1728A,2020-01-12,18.104248791666667
2020,7,IT1728A,2020-01-13,17.628978375
2020,7,IT1728A,2020-01-14,20.619804958333333
2020,7,IT1728A,2020-01-15,22.711411083333335
2020,7,IT1728A,2020-01-16,18.515925666666668
2020,7,IT1728A,2020-01-17,16.966167833333333
2020,7,IT1728A,2020-01-18,15.805782958333333
2020,7,IT1728A,2020-01-19,35.289215
2020,7,IT1728A,2020-01-20,49.75582541666667
2020,7,IT1728A,2020-01-21,35.45179104166667
2020,7,IT1728A,2020-01-22,18.33329725
2020,7,IT1728A,2020-01-23,18.9363315
2020,7,IT1728A,2020-01-24,13.602919541666667
2020,7,IT1728A,2020-01-25,24.844537666666668
2020,7,IT1728A,2020-01-26,21.062698625
2020,7,IT1728A,2020-01-27,18.701713416666667
2020,7,IT1728A,2020-01-28,59.13684166666667
2020,7,IT1728A,2020-01-29,24.652861375
2020,7,IT1728A,2020-01-30,25.833477458333334
2020,7,IT1728A,2020-01-31,22.631859083333335
2020,7,IT1728A,2020-02-01,11.933419208333333
2020,7,IT1728A,2020-02-02,23.60822425
2020,7,IT1728A,2020-02-03,19.1413365
2020,7,IT1728A,2020-02-04,40.85047208333334
2020,7,IT1728A,2020-02-05,59.74681291666667
2020,7,IT1728A,2020-02-06,60.01498875
2020,7,IT1728A,2020-02-07,35.133232916666664
2020,7,IT1728A,2020-02-08,33.22438316666667
2020,7,IT1728A,2020-02-09,37.45076791666667
2020,7,IT1728A,2020-02-10,49.49828291666667
2020,7,IT1728A,2020-02-11,49.81071791666667
2020,7,IT1728A,2020-02-12,30.684177913043477
2020,7,IT1728A,2020-02-13,49.86856816666667
2020,7,IT1728A,2020-02-14,58.47231291666667
2020,7,IT1728A,2020-02-15,39.16637333333333
2020,7,IT1728A,2020-02-16,41.43727625
2020,7,IT1728A,2020-02-17,41.93976466666667
2020,7,IT1728A,2020-02-18,41.07491958333333
2020,7,IT1728A,2020-02-19,22.773347833333332
2020,7,IT1728A,2020-02-20,39.49735247826087
2020,7,IT1728A,2020-02-21,41.21824041666667
2020,7,IT1728A,2020-02-22,41.09608625
2020,7,IT1728A,2020-02-23,39.7703365
2020,7,IT1728A,2020-02-24,37.52655583333333
2020,7,IT1728A,2020-02-25,59.075564166666666
2020,7,IT1728A,2020-02-26,76.63899541666667
2020,7,IT1728A,2020-02-27,60.404758333333334
2020,7,IT1728A,2020-02-28,61.30680208333333
2020,7,IT1728A,2020-02-29,56.471760833333335
2020,7,IT1728A,2020-03-01,80.32640083333334
2020,7,IT1728A,2020-03-02,73.92605166666667
2020,7,IT1728A,2020-03-03,74.00896958333334
2020,7,IT1728A,2020-03-04,45.197873333333334
2020,7,IT1728A,2020-03-05,56.34878125
2020,7,IT1728A,2020-03-06,75.24726083333333
2020,7,IT1728A,2020-03-07,54.0146375
2020,7,IT1728A,2020-03-08,60.90510875
2020,7,IT1728A,2020-03-09,54.475222083333335
2020,7,IT1728A,2020-03-10,59.47388125
2020,7,IT1728A,2020-03-11,55.68700375
2020,7,IT1728A,2020-03-12,52.3792475
2020,7,IT1728A,2020-03-13,48.93262416666666
2020,7,IT1728A,2020-03-14,35.66662291666667
2020,7,IT1728A,2020-03-15,65.61094833333334
2020,7,IT1728A,2020-03-16,64.09282291666666
2020,7,IT1728A,2020-03-17,58.33553583333333
2020,7,IT1728A,2020-03-18,56.45902375
2020,7,IT1728A,2020-03-19,68.92338833333334
2020,7,IT1728A,2020-03-20,71.58829291666666
2020,7,IT1728A,2020-03-21,28.835140000000003
2020,7,IT1728A,2020-03-23,85.1095675
2020,7,IT1728A,2020-03-24,72.965855
2020,7,IT1728A,2020-03-25,75.35491625
2020,7,IT1728A,2020-03-26,76.33004583333333
2020,7,IT1728A,2020-03-27,76.07912208333333
2020,7,IT1728A,2020-03-28,53.241600416666664
2020,7,IT1728A,2020-03-29,50.321074
2020,7,IT1728A,2020-03-30,45.505345416666664
2020,7,IT1728A,2020-03-31,60.89618
2020,7,IT1728A,2020-04-01,86.82615791666667
2020,7,IT1728A,2020-04-02,80.84600666666667
2020,7,IT1728A,2020-04-03,77.99553291666666
2020,7,IT1728A,2020-04-04,92.18239375
2020,7,IT1728A,2020-04-05,98.12849916666667
2020,7,IT1728A,2020-04-06,88.518771
2020,7,IT1728A,2020-04-07,84.38216708333333
2020,7,IT1728A,2020-04-08,88.69729608695653
2020,7,IT1728A,2020-04-09,86.01545695652173
2020,7,IT1728A,2020-04-10,84.17038739130435
2020,7,IT1728A,2020-04-11,90.21284695652174
2020,7,IT1728A,2020-04-12,92.45290391304349
2020,7,IT1728A,2020-04-13,99.56703608695652
2020,7,IT1728A,2020-04-14,72.78835086956522
2020,7,IT1728A,2020-04-15,76.17039695652174
2020,7,IT1728A,2020-04-16,74.20551869565217
2020,7,IT1728A,2020-04-17,67.29732086956521
2020,7,IT1728A,2020-04-18,54.76243391304348
2020,7,IT1728A,2020-04-19,52.86638
2020,7,IT1728A,2020-04-20,30.243995652173915
2020,7,IT1728A,2020-04-21,45.82120608695652
2020,7,IT1728A,2020-04-22,37.629810434782605
2020,7,IT1728A,2020-04-23,48.56887217391304
2020,7,IT1728A,2020-04-24,69.28828173913044
2020,7,IT1728A,2020-04-25,77.38440565217391
2020,7,IT1728A,2020-04-26,73.65831782608696
2020,7,IT1728A,2020-04-27,67.57660695652174
2020,7,IT1728A,2020-04-28,59.01083608695652
2020,7,IT1728A,2020-04-29,61.810445217391305
2020,7,IT1728A,2020-04-30,67.12348130434782
2020,7,IT1728A,2020-05-01,80.54385782608695
2020,7,IT1728A,2020-05-02,56.06511173913044
2020,7,IT1728A,2020-05-03,66.61833
2020,7,IT1728A,2020-05-04,75.74420826086957
2020,7,IT1728A,2020-05-05,73.0600495652174
2020,7,IT1728A,2020-05-06,71.00892521739131
2020,7,IT1728A,2020-05-07,85.92321086956522
2020,7,IT1728A,2020-05-08,85.73091304347827
2020,7,IT1728A,2020-05-09,85.70870608695652
2020,7,IT1728A,2020-05-10,89.3460443478261
2020,7,IT1728A,2020-05-11,81.08430652173914
2020,7,IT1728A,2020-05-12,63.754058695652176
2020,7,IT1728A,2020-05-13,71.68452304347826
2020,7,IT1728A,2020-05-14,70.6270695652174
2020,7,IT1728A,2020-05-15,82.27437695652173
2020,7,IT1728A,2020-05-16,51.51853739130435
2020,7,IT1728A,2020-05-17,76.91961043478261
2020,7,IT1728A,2020-05-18,48.09101434782609
2020,7,IT1728A,2020-05-19,66.06839217391304
2020,7,IT1728A,2020-05-20,60.70215782608696
2020,7,IT1728A,2020-05-21,87.0688147826087
2020,7,IT1728A,2020-05-22,76.18215
2020,7,IT1728A,2020-05-23,76.82525130434783
2020,7,IT1728A,2020-05-24,85.26073652173913
2020,7,IT1728A,2020-05-25,75.58448304347826
2020,7,IT1728A,2020-05-26,75.77319565217391
2020,7,IT1728A,2020-05-27,85.2709452173913
2020,7,IT1728A,2020-05-28,86.54742875
2020,7,IT1728A,2020-05-29,53.25666434782609
2020,7,IT1728A,2020-05-30,51.48513652173913
2020,7,IT1728A,2020-05-31,63.19291260869565
2020,7,IT1728A,2020-06-01,69.41616347826087
2020,7,IT1728A,2020-06-02,67.59537826086957
2020,7,IT1728A,2020-06-03,61.88405130434783
2020,7,IT1728A,2020-06-04,74.45826739130435
2020,7,IT1728A,2020-06-05,63.13596347826087
2020,7,IT1728A,2020-06-06,55.838220434782606
2020,7,IT1728A,2020-06-07,61.577886086956525
2020,7,IT1728A,2020-06-08,53.11790652173913
2020,7,IT1728A,2020-06-09,65.91120956521739
2020,7,IT1728A,2020-06-10,75.58445695652173
2020,7,IT1728A,2020-06-11,61.87056086956522
2020,7,IT1728A,2020-06-12,66.4351343478261
2020,7,IT1728A,2020-06-13,68.09232782608696
2020,7,IT1728A,2020-06-14,65.20562434782609
2020,7,IT1728A,2020-06-15,48.810768260869565
2020,7,IT1728A,2020-06-16,47.57320086956522
2020,7,IT1728A,2020-06-17,48.00545434782609
2020,7,IT1728A,2020-06-18,51.23457608695652
2020,7,IT1728A,2020-06-19,58.85658086956522
2020,7,IT1728A,2020-06-20,70.23715434782609
2020,7,IT1728A,2020-06-21,65.67446173913044
2020,7,IT1728A,2020-06-22,73.55446208333333
2020,7,IT1728A,2020-06-23,81.97964347826087
2020,7,IT1728A,2020-06-24,93.78165434782609
2020,7,IT1728A,2020-06-25,96.76214304347826
2020,7,IT1728A,2020-06-26,94.08323086956521
2020,7,IT1728A,2020-06-27,87.41673782608696
2020,7,IT1728A,2020-06-28,81.71188217391304
2020,7,IT1728A,2020-06-29,75.94026347826087
2020,7,IT1728A,2020-06-30,78.35090380952381
2020,7,IT1901A,2020-01-01,22.505557869565216
2020,7,IT1901A,2020-01-02,27.441051869565218
2020,7,IT1901A,2020-01-03,10.111125304347826
2020,7,IT1901A,2020-01-04,12.636761565217391
2020,7,IT1901A,2020-01-05,31.319373478260868
2020,7,IT1901A,2020-01-06,41.90648956521739
2020,7,IT1901A,2020-01-07,25.23686965217391
2020,7,IT1901A,2020-01-08,44.86466260869565
2020,7,IT1901A,2020-01-09,14.608807956521739
2020,7,IT1901A,2020-01-10,13.02156943478261
2020,7,IT1901A,2020-01-11,34.788908391304346
2020,7,IT1901A,2020-01-12,36.7666
2020,7,IT1901A,2020-01-13,19.183285347826086
2020,7,IT1901A,2020-01-14,11.832489739130436
2020,7,IT1901A,2020-01-15,9.280147782608696
2020,7,IT1901A,2020-01-16,20.98376404347826
2020,7,IT1901A,2020-01-17,17.53255956521739
2020,7,IT1901A,2020-01-18,32.100534347826084
2020,7,IT1901A,2020-01-19,48.39814086956522
2020,7,IT1901A,2020-01-20,53.05480583333333
2020,7,IT1901A,2020-01-21,45.30396073913043
2020,7,IT1901A,2020-01-22,11.215942130434783
2020,7,IT1901A,2020-01-23,20.326250347826086
2020,7,IT1901A,2020-01-24,14.39844347826087
2020,7,IT1901A,2020-01-25,21.086239
2020,7,IT1901A,2020-01-26,11.563153695652174
2020,7,IT1901A,2020-01-27,17.464776826086958
2020,7,IT1901A,2020-01-28,44.86411217391304
2020,7,IT1901A,2020-01-29,37.14782
2020,7,IT1901A,2020-01-30,30.162130173913045
2020,7,IT1901A,2020-01-31,32.74928608695652
2020,7,IT1901A,2020-02-01,27.044591304347826
2020,7,IT1901A,2020-02-02,28.99531652173913
2020,7,IT1901A,2020-02-03,17.692288086956523
2020,7,IT1901A,2020-02-04,33.40572360869565
2020,7,IT1901A,2020-02-05,60.18124652173913
2020,7,IT1901A,2020-02-06,56.61181086956522
2020,7,IT1901A,2020-02-07,21.031268086956523
2020,7,IT1901A,2020-02-08,19.787101086956522
2020,7,IT1901A,2020-02-09,31.765219260869564
2020,7,IT1901A,2020-02-10,45.1960225
2020,7,IT1901A,2020-02-11,45.62782869565218
2020,7,IT1901A,2020-02-12,32.52479304347826
2020,7,IT1901A,2020-02-13,31.392579695652174
2020,7,IT1901A,2020-02-14,41.80730033333333
2020,7,IT1901A,2020-02-15,38.170991739130436
2020,7,IT1901A,2020-02-16,28.528865043478262
2020,7,IT1901A,2020-02-17,35.116466304347824
2020,7,IT1901A,2020-02-18,43.43768573913044
2020,7,IT1901A,2020-02-19,23.162547521739132
2020,7,IT1901A,2020-02-20,43.72551173913043
2020,7,IT1901A,2020-02-21,37.87489486956522
2020,7,IT1901A,2020-02-22,51.60614913043478
2020,7,IT1901A,2020-02-23,41.83870573913043
2020,7,IT1901A,2020-02-24,45.52034
2020,7,IT1901A,2020-02-25,53.29254130434783
2020,7,IT1901A,2020-02-26,53.82167652173913
2020,7,IT1901A,2020-02-27,44.32099221739131
2020,7,IT1901A,2020-02-28,45.38705434782609
2020,7,IT1901A,2020-02-29,36.82168008695652
2020,7,IT1901A,2020-03-01,48.401428260869565
2020,7,IT1901A,2020-03-02,48.21826652173913
2020,7,IT1901A,2020-03-03,41.565058695652176
2020,7,IT1901A,2020-03-04,29.180678173913044
2020,7,IT1901A,2020-03-05,32.90004647826087
2020,7,IT1901A,2020-03-06,49.50392565217391
2020,7,IT1901A,2020-03-07,52.683276086956525
2020,7,IT1901A,2020-03-08,57.49083869565217
2020,7,IT1901A,2020-03-09,46.657774913043475
2020,7,IT1901A,2020-03-10,55.304355
2020,7,IT1901A,2020-03-11,48.055739304347824
2020,7,IT1901A,2020-03-12,33.704718695652176
2020,7,IT1901A,2020-03-13,44.91207826086956
2020,7,IT1901A,2020-03-14,43.89398708695652
2020,7,IT1901A,2020-03-15,72.77280565217391
2020,7,IT1901A,2020-03-16,67.00269304347826
2020,7,IT1901A,2020-03-17,56.224660739130435
2020,7,IT1901A,2020-03-18,77.64162173913043
2020,7,IT1901A,2020-03-19,76.40003652173912
2020,7,IT1901A,2020-03-20,57.68743826086956
2020,7,IT1901A,2020-03-21,69.09406739130435
2020,7,IT1901A,2020-03-22,86.42874913043478
2020,7,IT1901A,2020-03-23,71.35378391304347
2020,7,IT1901A,2020-03-24,62.44670913043478
2020,7,IT1901A,2020-03-25,62.598865454545454
2020,7,IT1901A,2020-03-26,66.24987652173913
2020,7,IT1901A,2020-03-27,60.36078608695652
2020,7,IT1901A,2020-03-28,59.49086260869565
2020,7,IT1901A,2020-03-29,44.642445
2020,7,IT1901A,2020-03-30,56.85927104347826
2020,7,IT1901A,2020-03-31,70.29830652173914
2020,7,IT1901A,2020-04-01,77.43219043478261
2020,7,IT1901A,2020-04-02,67.93711956521739
2020,7,IT1901A,2020-04-03,70.67875208695652
2020,7,IT1901A,2020-04-04,91.39592478260869
2020,7,IT1901A,2020-04-05,96.30249565217392
2020,7,IT1901A,2020-04-06,99.01412739130434
2020,7,IT1901A,2020-04-07,102.27950652173912
2020,7,IT1901A,2020-04-08,95.3159143478261
2020,7,IT1901A,2020-04-09,85.15194869565218
2020,7,IT1901A,2020-04-10,79.43529826086956
2020,7,IT1901A,2020-04-11,83.39021608695653
2020,7,IT1901A,2020-04-12,80.44762739130435
2020,7,IT1901A,2020-04-13,86.61827869565218
2020,7,IT1901A,2020-04-14,70.62232869565217
2020,7,IT1901A,2020-04-15,67.58129
2020,7,IT1901A,2020-04-16,63.47324608695652
2020,7,IT1901A,2020-04-17,62.3564852173913
2020,7,IT1901A,2020-04-18,48.078128695652175
2020,7,IT1901A,2020-04-19,46.04663130434783
2020,7,IT1901A,2020-04-20,70.39787708333333
2020,7,IT1901A,2020-04-21,69.44920304347826
2020,7,IT1901A,2020-04-22,65.23730652173913
2020,7,IT1901A,2020-04-23,77.85082739130435
2020,7,IT1901A,2020-04-24,64.46024391304347
2020,7,IT1901A,2020-04-25,70.14681913043478
2020,7,IT1901A,2020-04-26,59.5798452173913
2020,7,IT1901A,2020-04-27,56.35433173913044
2020,7,IT1901A,2020-04-28,43.92181565217391
2020,7,IT1901A,2020-04-29,49.85227739130435
2020,7,IT1901A,2020-04-30,56.44580043478261
2020,7,IT1901A,2020-05-01,52.599744782608695
2020,7,IT1901A,2020-05-02,34.33494
2020,7,IT1901A,2020-05-03,62.41391
2020,7,IT1901A,2020-05-04,65.28823608695652
2020,7,IT1901A,2020-05-05,52.35575086956521
2020,7,IT1901A,2020-05-06,67.81180869565218
2020,7,IT1901A,2020-05-07,77.35899608695652
2020,7,IT1901A,2020-05-08,62.938292608695654
2020,7,IT1901A,2020-05-09,67.51609043478261
2020,7,IT1901A,2020-05-10,69.46442391304348
2020,7,IT1901A,2020-05-11,67.17618695652175
2020,7,IT1901A,2020-05-12,42.58757761904762
2020,7,IT1901A,2020-05-13,48.05653777777778
2020,7,IT1901A,2020-05-14,60.38065304347826
2020,7,IT1901A,2020-05-15,67.79412666666667
2020,7,IT1901A,2020-05-16,45.09742565217391
2020,7,IT1901A,2020-05-17,69.53886391304347
2020,7,IT1901A,2020-05-18,75.63927260869565
2020,7,IT1901A,2020-05-19,63.63298631578947
2020,7,IT1901A,2020-05-20,73.58169913043479
2020,7,IT1901A,2020-05-21,72.59128
2020,7,IT1901A,2020-05-22,63.57567
2020,7,IT1901A,2020-05-23,71.42072565217391
2020,7,IT1901A,2020-05-24,84.0576747826087
2020,7,IT1901A,2020-05-25,71.11140782608696
2020,7,IT1901A,2020-05-26,73.25587826086957
2020,7,IT1901A,2020-05-27,70.8773295652174
2020,7,IT1901A,2020-05-28,58.020181739130436
2020,7,IT1901A,2020-05-29,63.086888260869564
2020,7,IT1901A,2020-05-30,69.56077086956522
2020,7,IT1901A,2020-05-31,54.214028695652175
2020,7,IT1901A,2020-06-01,56.89484434782609
2020,7,IT1901A,2020-06-02,56.05548
2020,7,IT1901A,2020-06-03,56.729132739130435
2020,7,IT1901A,2020-06-04,68.71491913043478
2020,7,IT1901A,2020-06-05,47.71530913043478
2020,7,IT1901A,2020-06-06,39.10471656521739
2020,7,IT1901A,2020-06-07,48.83220869565218
2020,7,IT1901A,2020-06-08,36.31007647826087
2020,7,IT1901A,2020-06-09,38.413892458333336
2020,7,IT1901A,2020-06-10,53.930942173913046
2020,7,IT1901A,2020-06-11,48.77759826086957
2020,7,IT1901A,2020-06-12,41.44175356521739
2020,7,IT1901A,2020-06-13,51.42301643478261
2020,7,IT1901A,2020-06-14,38.24615869565218
2020,7,IT1901A,2020-06-15,26.175828260869565
2020,7,IT1901A,2020-06-16,35.98738043478261
2020,7,IT1901A,2020-06-17,47.03051973913043
2020,7,IT1901A,2020-06-18,51.27315478260869
2020,7,IT1901A,2020-06-19,53.09292956521739
2020,7,IT1901A,2020-06-20,62.024971739130436
2020,7,IT1901A,2020-06-21,50.79867
2020,7,IT1901A,2020-06-22,72.50317304347826
2020,7,IT1901A,2020-06-23,73.0597295652174
2020,7,IT1901A,2020-06-24,73.3392347826087
2020,7,IT1901A,2020-06-25,75.12139347826087
2020,7,IT1901A,2020-06-26,74.21057478260869
2020,7,IT1901A,2020-06-27,69.16884826086957
2020,7,IT1901A,2020-06-28,66.55311869565217
2020,7,IT1901A,2020-06-29,60.42590826086956
2020,7,IT1901A,2020-06-30,61.07635380952381
2020,7,IT1902A,2020-01-01,38.74732041666667
2020,7,IT1902A,2020-01-02,39.684057083333336
2020,7,IT1902A,2020-01-03,29.977884041666666
2020,7,IT1902A,2020-01-04,27.61239625
2020,7,IT1902A,2020-01-05,45.907635
2020,7,IT1902A,2020-01-06,58.9261125
2020,7,IT1902A,2020-01-07,37.4199125
2020,7,IT1902A,2020-01-08,62.425525416666666
2020,7,IT1902A,2020-01-09,32.49215241666666
2020,7,IT1902A,2020-01-10,24.540747
2020,7,IT1902A,2020-01-13,35.295942
2020,7,IT1902A,2020-01-14,24.136860416666668
2020,7,IT1902A,2020-01-15,23.117317041666666
2020,7,IT1902A,2020-01-16,21.109205
2020,7,IT1902A,2020-01-17,20.304484041666665
2020,7,IT1902A,2020-01-18,41.43868833333333
2020,7,IT1902A,2020-01-19,58.71382125
2020,7,IT1902A,2020-01-20,62.81868
2020,7,IT1902A,2020-01-21,56.31068833333333
2020,7,IT1902A,2020-01-22,30.14215
2020,7,IT1902A,2020-01-23,24.201411958333335
2020,7,IT1902A,2020-01-24,28.720787833333333
2020,7,IT1902A,2020-01-25,41.95079208333333
2020,7,IT1902A,2020-01-26,28.035001666666666
2020,7,IT1902A,2020-01-27,28.546511541666668
2020,7,IT1902A,2020-01-28,68.18726875
2020,7,IT1902A,2020-01-29,64.413785
2020,7,IT1902A,2020-01-30,47.89480875
2020,7,IT1902A,2020-01-31,56.857330833333336
2020,7,IT1902A,2020-02-01,48.97791708333333
2020,7,IT1902A,2020-02-02,55.49765
2020,7,IT1902A,2020-02-03,39.95421983333333
2020,7,IT1902A,2020-02-04,54.86685958333333
2020,7,IT1902A,2020-02-05,66.73851375
2020,7,IT1902A,2020-02-06,71.08014958333334
2020,7,IT1902A,2020-02-07,44.86713
2020,7,IT1902A,2020-02-08,45.5132375
2020,7,IT1902A,2020-02-09,62.07239125
2020,7,IT1902A,2020-02-10,70.36395916666666
2020,7,IT1902A,2020-02-11,61.37184764705882
2020,7,IT1902A,2020-02-12,53.111010416666666
2020,7,IT1902A,2020-02-13,55.4132275
2020,7,IT1902A,2020-02-14,66.07099958333333
2020,7,IT1902A,2020-02-15,58.4515625
2020,7,IT1902A,2020-02-16,58.08373958333333
2020,7,IT1902A,2020-02-17,60.30000666666667
2020,7,IT1902A,2020-02-18,58.827124166666664
2020,7,IT1902A,2020-02-19,37.95916458333333
2020,7,IT1902A,2020-02-20,55.39176416666667
2020,7,IT1902A,2020-02-21,49.09609125
2020,7,IT1902A,2020-02-22,63.64882958333333
2020,7,IT1902A,2020-02-23,55.07617833333333
2020,7,IT1902A,2020-02-24,55.685673333333334
2020,7,IT1902A,2020-02-25,82.84481952380952
2020,7,IT1902A,2020-02-26,78.19716434782609
2020,7,IT1902A,2020-02-27,66.78298047619047
2020,7,IT1902A,2020-02-28,69.96894208333333
2020,7,IT1902A,2020-02-29,70.00585958333333
2020,7,IT1902A,2020-03-01,79.58545083333334
2020,7,IT1902A,2020-03-02,78.59157217391304
2020,7,IT1902A,2020-03-03,73.55367434782609
2020,7,IT1902A,2020-03-04,46.44774347826087
2020,7,IT1902A,2020-03-05,56.41833043478261
2020,7,IT1902A,2020-03-06,72.89096739130434
2020,7,IT1902A,2020-03-07,64.42772565217392
2020,7,IT1902A,2020-03-08,70.89916652173913
2020,7,IT1902A,2020-03-09,66.19351608695652
2020,7,IT1902A,2020-03-10,78.61611739130434
2020,7,IT1902A,2020-03-11,71.85873782608695
2020,7,IT1902A,2020-03-12,54.38450619047619
2020,7,IT1902A,2020-03-13,53.3821255
2020,7,IT1902A,2020-03-14,47.25661869565217
2020,7,IT1902A,2020-03-15,76.42291608695652
2020,7,IT1902A,2020-03-16,69.5289252173913
2020,7,IT1902A,2020-03-17,63.03827304347826
2020,7,IT1902A,2020-03-18,73.54535
2020,7,IT1902A,2020-03-19,69.30662652173913
2020,7,IT1902A,2020-03-20,70.07265208333334
2020,7,IT1902A,2020-03-21,71.2517552173913
2020,7,IT1902A,2020-03-22,80.85976434782609
2020,7,IT1902A,2020-03-23,79.07949739130434
2020,7,IT1902A,2020-03-24,67.13140608695652
2020,7,IT1902A,2020-03-25,70.8441052173913
2020,7,IT1902A,2020-03-26,73.5072047826087
2020,7,IT1902A,2020-03-27,67.23561304347827
2020,7,IT1902A,2020-03-28,67.36234608695652
2020,7,IT1902A,2020-03-29,62.69996875
2020,7,IT1902A,2020-03-30,63.213361739130434
2020,7,IT1902A,2020-03-31,80.48524826086957
2020,7,IT1902A,2020-04-01,84.66987304347826
2020,7,IT1902A,2020-04-02,81.61516739130435
2020,7,IT1902A,2020-04-03,82.25314173913044
2020,7,IT1902A,2020-04-04,94.23910782608695
2020,7,IT1902A,2020-04-05,93.48257913043479
2020,7,IT1902A,2020-04-06,93.22726086956521
2020,7,IT1902A,2020-04-07,87.63055869565217
2020,7,IT1902A,2020-04-08,87.22605
2020,7,IT1902A,2020-04-09,85.64768956521739
2020,7,IT1902A,2020-04-10,84.86713695652175
2020,7,IT1902A,2020-04-11,90.40530739130435
2020,7,IT1902A,2020-04-12,89.70467043478261
2020,7,IT1902A,2020-04-13,92.54081173913043
2020,7,IT1902A,2020-04-14,75.47982869565217
2020,7,IT1902A,2020-04-15,79.61939782608695
2020,7,IT1902A,2020-04-16,76.53095041666667
2020,7,IT1902A,2020-04-17,73.57226652173912
2020,7,IT1902A,2020-04-18,55.518823043478264
2020,7,IT1902A,2020-04-19,51.093275652173915
2020,7,IT1902A,2020-04-20,62.511571304347825
2020,7,IT1902A,2020-04-21,73.70650913043478
2020,7,IT1902A,2020-04-22,69.00770826086956
2020,7,IT1902A,2020-04-23,85.17950695652173
2020,7,IT1902A,2020-04-24,82.4236547826087
2020,7,IT1902A,2020-04-25,76.83726782608696
2020,7,IT1902A,2020-04-26,69.29938434782609
2020,7,IT1902A,2020-04-27,69.76344043478261
2020,7,IT1902A,2020-04-28,58.718030434782605
2020,7,IT1902A,2020-04-29,73.48261478260869
2020,7,IT1902A,2020-04-30,70.60305
2020,7,IT1902A,2020-05-01,74.96094913043478
2020,7,IT1902A,2020-05-02,57.83892956521739
2020,7,IT1902A,2020-05-03,68.4037404347826
2020,7,IT1902A,2020-05-04,80.22989913043479
2020,7,IT1902A,2020-05-05,61.45974375
2020,7,IT1902A,2020-05-07,95.18148352941176
2020,7,IT1902A,2020-05-08,82.66688708333334
2020,7,IT1902A,2020-05-09,83.52474458333333
2020,7,IT1902A,2020-05-10,85.35242791666667
2020,7,IT1902A,2020-05-11,86.05570333333333
2020,7,IT1902A,2020-05-12,76.1245209090909
2020,7,IT1902A,2020-05-13,73.010435
2020,7,IT1902A,2020-05-14,74.61483208333333
2020,7,IT1902A,2020-05-15,84.5910409090909
2020,7,IT1902A,2020-05-16,52.94930791666667
2020,7,IT1902A,2020-05-17,76.73265833333333
2020,7,IT1902A,2020-05-18,71.81108875
2020,7,IT1902A,2020-05-19,71.39950958333333
2020,7,IT1902A,2020-05-20,70.45036833333333
2020,7,IT1902A,2020-05-21,87.77925791666667
2020,7,IT1902A,2020-05-22,79.08782458333333
2020,7,IT1902A,2020-05-23,78.96433625
2020,7,IT1902A,2020-05-24,87.80667666666666
2020,7,IT1902A,2020-05-25,78.225285
2020,7,IT1902A,2020-05-26,76.86257458333333
2020,7,IT1902A,2020-05-27,80.11313041666666
2020,7,IT1902A,2020-05-28,72.95856375
2020,7,IT1902A,2020-05-29,57.197
2020,7,IT1902A,2020-05-30,75.29663541666666
2020,7,IT1902A,2020-05-31,62.882167083333336
2020,7,IT1902A,2020-06-01,68.47019958333334
2020,7,IT1902A,2020-06-02,73.68456291666666
2020,7,IT1902A,2020-06-03,70.62870875
2020,7,IT1902A,2020-06-04,88.634695
2020,7,IT1902A,2020-06-05,72.782785
2020,7,IT1902A,2020-06-06,46.446541875
2020,7,IT1902A,2020-06-07,64.30112958333333
2020,7,IT1902A,2020-06-08,47.00907291666667
2020,7,IT1902A,2020-06-09,55.38955238095238
2020,7,IT1902A,2020-06-10,68.1156861904762
2020,7,IT1902A,2020-06-11,57.6657425
2020,7,IT1902A,2020-06-12,58.052545217391305
2020,7,IT1902A,2020-06-13,62.685895217391305
2020,7,IT1902A,2020-06-14,54.44077304347826
2020,7,IT1902A,2020-06-15,42.21501782608696
2020,7,IT1902A,2020-06-16,42.802399130434786
2020,7,IT1902A,2020-06-17,56.70306173913043
2020,7,IT1902A,2020-06-18,63.14215478260869
2020,7,IT1902A,2020-06-19,61.04022695652174
2020,7,IT1902A,2020-06-20,72.90652782608696
2020,7,IT1902A,2020-06-21,59.13504739130435
2020,7,IT1902A,2020-06-22,73.25950956521739
2020,7,IT1902A,2020-06-23,82.31340869565217
2020,7,IT1902A,2020-06-24,85.90467956521739
2020,7,IT1902A,2020-06-25,92.81816956521739
2020,7,IT1902A,2020-06-26,89.66048217391304
2020,7,IT1902A,2020-06-27,79.57472565217391
2020,7,IT1902A,2020-06-28,80.51467391304348
2020,7,IT1902A,2020-06-29,66.31133695652174
2020,7,IT1902A,2020-06-30,71.13384476190477
2020,7,IT2099A,2020-01-01,72.1290375
2020,7,IT2099A,2020-01-02,70.62388250000001
2020,7,IT2099A,2020-01-03,65.46962208333333
2020,7,IT2099A,2020-01-04,61.161046666666664
2020,7,IT2099A,2020-01-05,60.88278041666667
2020,7,IT2099A,2020-01-06,63.327905
2020,7,IT2099A,2020-01-07,75.08460708333334
2020,7,IT2099A,2020-01-08,72.21886083333334
2020,7,IT2099A,2020-01-09,73.38561375
2020,7,IT2099A,2020-01-10,74.76788541666667
2020,7,IT2099A,2020-01-11,66.64413708333333
2020,7,IT2099A,2020-01-12,58.66673
2020,7,IT2099A,2020-01-13,67.24005666666666
2020,7,IT2099A,2020-01-14,73.03532291666667
2020,7,IT2099A,2020-01-15,73.086455
2020,7,IT2099A,2020-01-16,70.22318958333334
2020,7,IT2099A,2020-01-17,78.12436291666667
2020,7,IT2099A,2020-01-18,65.93287666666667
2020,7,IT2099A,2020-01-19,53.460312916666666
2020,7,IT2099A,2020-01-20,56.9970375
2020,7,IT2099A,2020-01-21,66.30731875
2020,7,IT2099A,2020-01-22,73.29946583333333
2020,7,IT2099A,2020-01-23,74.2306925
2020,7,IT2099A,2020-01-24,73.8248375
2020,7,IT2099A,2020-01-25,67.9060675
2020,7,IT2099A,2020-01-26,69.42626541666667
2020,7,IT2099A,2020-01-27,67.84430625
2020,7,IT2099A,2020-01-28,59.886325
2020,7,IT2099A,2020-01-29,66.41235125
2020,7,IT2099A,2020-01-30,63.645179999999996
2020,7,IT2099A,2020-01-31,66.02279
2020,7,IT2099A,2020-02-01,58.337305416666666
2020,7,IT2099A,2020-02-02,57.4623275
2020,7,IT2099A,2020-02-03,55.31425375
2020,7,IT2099A,2020-02-04,53.6576275
2020,7,IT2099A,2020-02-05,62.581548749999996
2020,7,IT2099A,2020-02-06,66.01510583333334
2020,7,IT2099A,2020-02-07,73.72121375
2020,7,IT2099A,2020-02-08,77.26661541666667
2020,7,IT2099A,2020-02-09,76.87390625
2020,7,IT2099A,2020-02-10,65.95772791666667
2020,7,IT2099A,2020-02-11,60.760420833333335
2020,7,IT2099A,2020-02-12,67.245375
2020,7,IT2099A,2020-02-13,72.06547416666666
2020,7,IT2099A,2020-02-14,71.01957222222222
2020,7,IT2099A,2020-02-15,77.31113083333334
2020,7,IT2099A,2020-02-16,84.23501
2020,7,IT2099A,2020-02-17,87.0184075
2020,7,IT2099A,2020-02-18,73.812231
2020,7,IT2099A,2020-02-19,65.66947208333333
2020,7,IT2099A,2020-02-20,65.17463333333333
2020,7,IT2099A,2020-02-21,77.14848708333334
2020,7,IT2099A,2020-02-22,86.84816208333334
2020,7,IT2099A,2020-02-23,85.37677000000001
2020,7,IT2099A,2020-02-24,76.06057458333333
2020,7,IT2099A,2020-02-25,72.84630291666667
2020,7,IT2099A,2020-02-26,71.77526916666666
2020,7,IT2099A,2020-02-27,70.88009083333333
2020,7,IT2099A,2020-02-28,71.18383583333333
2020,7,IT2099A,2020-02-29,78.59159875
2020,7,IT2099A,2020-03-01,76.89564583333333
2020,7,IT2099A,2020-03-02,70.71674166666666
2020,7,IT2099A,2020-03-03,71.67008799999999
2020,7,IT2099A,2020-03-04,63.2393925
2020,7,IT2099A,2020-03-05,72.10483125
2020,7,IT2099A,2020-03-06,72.28232291666666
2020,7,IT2099A,2020-03-07,67.60426125
2020,7,IT2099A,2020-03-08,72.28022375
2020,7,IT2099A,2020-03-09,84.61030708333334
2020,7,IT2099A,2020-03-10,80.34437166666666
2020,7,IT2099A,2020-03-11,91.42365208333334
2020,7,IT2099A,2020-03-12,85.19041083333333
2020,7,IT2099A,2020-03-13,80.92907125
2020,7,IT2099A,2020-03-14,58.766109166666666
2020,7,IT2099A,2020-03-15,72.28793166666667
2020,7,IT2099A,2020-03-16,79.13860041666666
2020,7,IT2099A,2020-03-17,87.307575
2020,7,IT2099A,2020-03-18,87.72962291666667
2020,7,IT2099A,2020-03-19,95.7597425
2020,7,IT2099A,2020-03-20,103.466535
2020,7,IT2099A,2020-03-21,102.26940458333334
2020,7,IT2099A,2020-03-22,82.1907075
2020,7,IT2099A,2020-03-23,69.55593083333333
2020,7,IT2099A,2020-03-24,60.71546708333333
2020,7,IT2099A,2020-03-25,65.33684916666667
2020,7,IT2099A,2020-03-26,63.65656583333333
2020,7,IT2099A,2020-03-27,63.41970416666667
2020,7,IT2099A,2020-03-28,63.36348708333333
2020,7,IT2099A,2020-03-29,71.3464204
2020,7,IT2099A,2020-03-30,74.05633375
2020,7,IT2099A,2020-03-31,70.30411708333334
2020,7,IT2099A,2020-04-01,81.58900333333334
2020,7,IT2099A,2020-04-02,95.07355
2020,7,IT2099A,2020-04-03,93.2989575
2020,7,IT2099A,2020-04-04,97.28452541666667
2020,7,IT2099A,2020-04-05,95.55522458333333
2020,7,IT2099A,2020-04-06,99.28144875
2020,7,IT2099A,2020-04-07,104.96814041666667
2020,7,IT2099A,2020-04-08,104.94530916666666
2020,7,IT2099A,2020-04-09,101.16832041666666
2020,7,IT2099A,2020-04-10,105.22280833333333
2020,7,IT2099A,2020-04-11,110.87129166666666
2020,7,IT2099A,2020-04-12,113.05944083333333
2020,7,IT2099A,2020-04-13,121.51452083333334
2020,7,IT2099A,2020-04-14,91.26264708333333
2020,7,IT2099A,2020-04-15,80.20641916666666
2020,7,IT2099A,2020-04-16,92.05413458333334
2020,7,IT2099A,2020-04-17,91.52484458333333
2020,7,IT2099A,2020-04-18,79.81006833333333
2020,7,IT2099A,2020-04-19,79.30347499999999
2020,7,IT2099A,2020-04-20,61.239124705882354
2020,7,IT2099A,2020-04-21,59.72368875
2020,7,IT2099A,2020-04-22,53.221702916666665
2020,7,IT2099A,2020-04-23,79.90395208333334
2020,7,IT2099A,2020-04-24,93.64178749999999
2020,7,IT2099A,2020-04-25,103.69861875
2020,7,IT2099A,2020-04-26,86.50943208333334
2020,7,IT2099A,2020-04-27,82.20061625
2020,7,IT2099A,2020-04-28,68.46131166666666
2020,7,IT2099A,2020-04-29,72.24902583333333
2020,7,IT2099A,2020-04-30,76.17339136363637
2020,7,IT2099A,2020-05-01,69.83159833333333
2020,7,IT2099A,2020-05-02,57.50801791666667
2020,7,IT2099A,2020-05-03,71.26291625
2020,7,IT2099A,2020-05-04,90.8903425
2020,7,IT2099A,2020-05-05,92.0512375
2020,7,IT2099A,2020-05-06,83.02845166666667
2020,7,IT2099A,2020-05-07,94.24215958333333
2020,7,IT2099A,2020-05-08,101.8721375
2020,7,IT2099A,2020-05-09,108.37686166666667
2020,7,IT2099A,2020-05-10,102.14211541666667
2020,7,IT2099A,2020-05-11,86.96622416666666
2020,7,IT2099A,2020-05-12,66.86299
2020,7,IT2099A,2020-05-13,82.37296166666667
2020,7,IT2099A,2020-05-14,80.14291375
2020,7,IT2099A,2020-05-15,80.02876375
2020,7,IT2099A,2020-05-16,88.26330791666666
2020,7,IT2099A,2020-05-17,84.65984291666666
2020,7,IT2099A,2020-05-18,71.03695166666667
2020,7,IT2099A,2020-05-19,84.46138272727272
2020,7,IT2099A,2020-05-20,76.31890250000001
2020,7,IT2099A,2020-05-21,84.96141578947369
2020,7,IT2099A,2020-05-22,97.034887
2020,7,IT2099A,2020-05-23,96.6513375
2020,7,IT2099A,2020-05-24,89.86917666666666
2020,7,IT2099A,2020-05-25,83.24676875
2020,7,IT2099A,2020-05-26,77.42185875
2020,7,IT2099A,2020-05-27,76.43312
2020,7,IT2099A,2020-05-28,88.46502041666666
2020,7,IT2099A,2020-05-29,79.3282725
2020,7,IT2099A,2020-05-30,80.56241541666667
2020,7,IT2099A,2020-05-31,76.77155041666667
2020,7,IT2099A,2020-06-01,72.173965
2020,7,IT2099A,2020-06-02,80.65698041666667
2020,7,IT2099A,2020-06-03,89.35583916666667
2020,7,IT2099A,2020-06-04,86.27442791666667
2020,7,IT2099A,2020-06-05,79.99049083333333
2020,7,IT2099A,2020-06-06,68.78539166666667
2020,7,IT2099A,2020-06-07,69.55184833333334
2020,7,IT2099A,2020-06-08,68.80067
2020,7,IT2099A,2020-06-09,73.49215083333333
2020,7,IT2099A,2020-06-10,78.16190166666667
2020,7,IT2099A,2020-06-11,80.00770041666667
2020,7,IT2099A,2020-06-12,86.81963083333333
2020,7,IT2099A,2020-06-13,81.51886833333333
2020,7,IT2099A,2020-06-14,64.96918125
2020,7,IT2099A,2020-06-15,72.28558666666666
2020,7,IT2099A,2020-06-16,67.38184458333333
2020,7,IT2099A,2020-06-17,76.20749347826087
2020,7,IT2099A,2020-06-18,72.81756125
2020,7,IT2099A,2020-06-19,72.98567958333334
2020,7,IT2099A,2020-06-20,86.75699791666666
2020,7,IT2099A,2020-06-21,85.78610583333334
2020,7,IT2099A,2020-06-22,89.22099208333333
2020,7,IT2099A,2020-06-23,95.71168833333333
2020,7,IT2099A,2020-06-24,102.51592958333333
2020,7,IT2099A,2020-06-25,111.45391666666667
2020,7,IT2099A,2020-06-26,106.15335208333333
2020,7,IT2099A,2020-06-27,96.56274333333333
2020,7,IT2099A,2020-06-28,85.80669333333333
2020,7,IT2099A,2020-06-29,80.73662666666667
2020,7,IT2099A,2020-06-30,82.41824
2020,7,IT2100A,2020-01-01,18.054779
2020,7,IT2100A,2020-01-02,16.208538260869567
2020,7,IT2100A,2020-01-03,14.362793173913044
2020,7,IT2100A,2020-01-04,17.884142086956523
2020,7,IT2100A,2020-01-05,44.261785217391306
2020,7,IT2100A,2020-01-06,39.474481652173914
2020,7,IT2100A,2020-01-07,17.23299791304348
2020,7,IT2100A,2020-01-08,49.42847560869565
2020,7,IT2100A,2020-01-09,13.927372043478261
2020,7,IT2100A,2020-01-10,15.886143217391304
2020,7,IT2100A,2020-01-11,29.32236343478261
2020,7,IT2100A,2020-01-12,28.183866173913042
2020,7,IT2100A,2020-01-13,16.64752191304348
2020,7,IT2100A,2020-01-14,9.377285
2020,7,IT2100A,2020-01-15,12.335164739130436
2020,7,IT2100A,2020-01-16,12.261438043478261
2020,7,IT2100A,2020-01-17,12.817015
2020,7,IT2100A,2020-01-18,37.254167826086956
2020,7,IT2100A,2020-01-19,56.95450739130435
2020,7,IT2100A,2020-01-20,61.01877956521739
2020,7,IT2100A,2020-01-21,58.67074782608696
2020,7,IT2100A,2020-01-22,15.285786833333333
2020,7,IT2100A,2020-01-23,14.155575217391304
2020,7,IT2100A,2020-01-24,18.422869608695652
2020,7,IT2100A,2020-01-25,25.022663130434783
2020,7,IT2100A,2020-01-26,12.800146869565218
2020,7,IT2100A,2020-01-27,18.52554747826087
2020,7,IT2100A,2020-01-28,53.71207086956522
2020,7,IT2100A,2020-01-29,53.995594
2020,7,IT2100A,2020-01-30,29.022962782608694
2020,7,IT2100A,2020-01-31,48.04181545454546
2020,7,IT2100A,2020-02-01,39.11604739130435
2020,7,IT2100A,2020-02-02,44.985419130434785
2020,7,IT2100A,2020-02-03,29.88350752173913
2020,7,IT2100A,2020-02-04,44.26021930434783
2020,7,IT2100A,2020-02-05,69.06318636363636
2020,7,IT2100A,2020-02-06,55.21919238095238
2020,7,IT2100A,2020-02-07,23.619958173913044
2020,7,IT2100A,2020-02-08,24.920243956521738
2020,7,IT2100A,2020-02-09,39.68701004347826
2020,7,IT2100A,2020-02-10,62.40029913043478
2020,7,IT2100A,2020-02-11,61.499985217391306
2020,7,IT2100A,2020-02-12,36.26842595652174
2020,7,IT2100A,2020-02-13,41.154182086956524
2020,7,IT2100A,2020-02-14,59.01104
2020,7,IT2100A,2020-02-15,34.35934304347826
2020,7,IT2100A,2020-02-16,31.804539833333333
2020,7,IT2100A,2020-02-17,37.740142695652175
2020,7,IT2100A,2020-02-18,43.870438695652176
2020,7,IT2100A,2020-02-19,35.09147652173913
2020,7,IT2100A,2020-02-20,35.75770391304348
2020,7,IT2100A,2020-02-21,33.08691186956522
2020,7,IT2100A,2020-02-22,40.548694304347826
2020,7,IT2100A,2020-02-23,40.633676217391304
2020,7,IT2100A,2020-02-24,33.192112521739126
2020,7,IT2100A,2020-02-25,64.13893047826087
2020,7,IT2100A,2020-02-26,76.96247173913044
2020,7,IT2100A,2020-02-27,56.104032260869566
2020,7,IT2100A,2020-02-28,62.617400869565216
2020,7,IT2100A,2020-02-29,40.292259217391305
2020,7,IT2100A,2020-03-01,67.39449434782608
2020,7,IT2100A,2020-03-02,64.48040272727273
2020,7,IT2100A,2020-03-03,53.68949380952381
2020,7,IT2100A,2020-03-04,33.03066108695652
2020,7,IT2100A,2020-03-05,47.47789404347826
2020,7,IT2100A,2020-03-06,66.85135782608695
2020,7,IT2100A,2020-03-07,54.20845
2020,7,IT2100A,2020-03-08,62.12903
2020,7,IT2100A,2020-03-09,52.09632182608696
2020,7,IT2100A,2020-03-10,64.03917047619048
2020,7,IT2100A,2020-03-11,45.23257790909091
2020,7,IT2100A,2020-03-12,36.67928608695652
2020,7,IT2100A,2020-03-13,38.51270947826087
2020,7,IT2100A,2020-03-14,48.160279565217394
2020,7,IT2100A,2020-03-15,77.8252547826087
2020,7,IT2100A,2020-03-16,57.57880782608696
2020,7,IT2100A,2020-03-17,47.49230439130435
2020,7,IT2100A,2020-03-18,63.8624632173913
2020,7,IT2100A,2020-03-19,54.92236543478261
2020,7,IT2100A,2020-03-20,56.193163086956524
2020,7,IT2100A,2020-03-21,59.019451913043476
2020,7,IT2100A,2020-03-22,79.75989782608696
2020,7,IT2100A,2020-03-23,81.48940173913043
2020,7,IT2100A,2020-03-24,69.96080478260869
2020,7,IT2100A,2020-03-25,67.96883304347826
2020,7,IT2100A,2020-03-26,77.34150304347826
2020,7,IT2100A,2020-03-27,66.88505826086957
2020,7,IT2100A,2020-03-28,59.07278391304348
2020,7,IT2100A,2020-03-29,47.036606166666665
2020,7,IT2100A,2020-03-30,58.7148517826087
2020,7,IT2100A,2020-03-31,81.8186352173913
2020,7,IT2100A,2020-04-01,82.0988095652174
2020,7,IT2100A,2020-04-02,63.41069130434783
2020,7,IT2100A,2020-04-03,70.6649095652174
2020,7,IT2100A,2020-04-04,95.95637086956522
2020,7,IT2100A,2020-04-05,94.65401173913044
2020,7,IT2100A,2020-04-06,90.32360565217391
2020,7,IT2100A,2020-04-07,81.16414166666667
2020,7,IT2100A,2020-04-08,72.13387217391305
2020,7,IT2100A,2020-04-09,65.50098260869565
2020,7,IT2100A,2020-04-10,73.39409086956522
2020,7,IT2100A,2020-04-11,85.29392347826087
2020,7,IT2100A,2020-04-12,76.59045695652173
2020,7,IT2100A,2020-04-13,85.6095195652174
2020,7,IT2100A,2020-04-14,78.51853782608696
2020,7,IT2100A,2020-04-15,78.17111
2020,7,IT2100A,2020-04-16,64.01215826086957
2020,7,IT2100A,2020-04-17,60.57192608695652
2020,7,IT2100A,2020-04-18,44.92108869565217
2020,7,IT2100A,2020-04-19,41.32738391304348
2020,7,IT2100A,2020-04-20,65.66423173913043
2020,7,IT2100A,2020-04-21,80.92244
2020,7,IT2100A,2020-04-22,80.29631869565218
2020,7,IT2100A,2020-04-23,79.44159869565217
2020,7,IT2100A,2020-04-24,72.8933145652174
2020,7,IT2100A,2020-04-25,68.0415356521739
2020,7,IT2100A,2020-04-26,62.65171208695652
2020,7,IT2100A,2020-04-27,56.39076495652174
2020,7,IT2100A,2020-04-28,52.986343043478264
2020,7,IT2100A,2020-04-29,71.59919956521739
2020,7,IT2100A,2020-04-30,68.53447652173914
2020,7,IT2100A,2020-05-01,73.20832086956521
2020,7,IT2100A,2020-05-02,58.54598391304348
2020,7,IT2100A,2020-05-03,62.17782458333333
2020,7,IT2100A,2020-05-04,72.02282608695653
2020,7,IT2100A,2020-05-05,57.31614347826087
2020,7,IT2100A,2020-05-06,67.39112391304347
2020,7,IT2100A,2020-05-07,83.51725086956522
2020,7,IT2100A,2020-05-08,70.37977173913043
2020,7,IT2100A,2020-05-09,70.33570521739131
2020,7,IT2100A,2020-05-10,72.11887608695652
2020,7,IT2100A,2020-05-11,75.58239304347826
2020,7,IT2100A,2020-05-12,63.97680304347826
2020,7,IT2100A,2020-05-13,63.553220869565216
2020,7,IT2100A,2020-05-14,68.62436217391304
2020,7,IT2100A,2020-05-15,73.89399217391305
2020,7,IT2100A,2020-05-16,48.90437391304348
2020,7,IT2100A,2020-05-17,73.45501
2020,7,IT2100A,2020-05-18,76.64204043478261
2020,7,IT2100A,2020-05-19,63.82776277777778
2020,7,IT2100A,2020-05-20,80.67275434782609
2020,7,IT2100A,2020-05-21,82.84249913043479
2020,7,IT2100A,2020-05-22,73.14193913043478
2020,7,IT2100A,2020-05-23,72.90929913043479
2020,7,IT2100A,2020-05-24,81.3809147826087
2020,7,IT2100A,2020-05-25,77.91566434782608
2020,7,IT2100A,2020-05-26,73.88022347826087
2020,7,IT2100A,2020-05-27,76.77903391304348
2020,7,IT2100A,2020-05-28,61.774589166666665
2020,7,IT2100A,2020-05-29,63.54666608695652
2020,7,IT2100A,2020-05-30,75.55257826086957
2020,7,IT2100A,2020-05-31,59.11779826086956
2020,7,IT2100A,2020-06-01,66.88266043478261
2020,7,IT2100A,2020-06-02,72.59217956521739
2020,7,IT2100A,2020-06-03,70.92454347826087
2020,7,IT2100A,2020-06-04,72.59628130434783
2020,7,IT2100A,2020-06-05,70.24472043478261
2020,7,IT2100A,2020-06-06,50.71205804347826
2020,7,IT2100A,2020-06-07,54.583030173913045
2020,7,IT2100A,2020-06-08,45.782780869565215
2020,7,IT2100A,2020-06-09,49.15113681818182
2020,7,IT2100A,2020-06-10,56.35143304347826
2020,7,IT2100A,2020-06-11,51.254767826086955
2020,7,IT2100A,2020-06-12,50.607162173913046
2020,7,IT2100A,2020-06-13,65.8765625652174
2020,7,IT2100A,2020-06-14,56.20262956521739
2020,7,IT2100A,2020-06-15,52.0576180952381
2020,7,IT2100A,2020-06-16,51.33503652173913
2020,7,IT2100A,2020-06-17,70.0774705652174
2020,7,IT2100A,2020-06-18,65.083265
2020,7,IT2100A,2020-06-19,65.77102043478261
2020,7,IT2100A,2020-06-20,70.57857260869565
2020,7,IT2100A,2020-06-21,59.213480913043476
2020,7,IT2100A,2020-06-22,73.75351069565217
2020,7,IT2100A,2020-06-23,71.25375875
2020,7,IT2100A,2020-06-24,85.30005217391304
2020,7,IT2100A,2020-06-25,83.89835869565218
2020,7,IT2100A,2020-06-26,86.40006869565218
2020,7,IT2100A,2020-06-27,80.61115826086956
2020,7,IT2100A,2020-06-28,75.55085913043479
2020,7,IT2100A,2020-06-29,66.77693913043478
2020,7,IT2100A,2020-06-30,68.45502523809523
2020,7,IT2109A,2020-01-01,50.656056086956525
2020,7,IT2109A,2020-01-02,45.59832391304348
2020,7,IT2109A,2020-01-03,39.53451043478261
2020,7,IT2109A,2020-01-04,18.887989913043477
2020,7,IT2109A,2020-01-05,48.01190739130435
2020,7,IT2109A,2020-01-06,60.9796347826087
2020,7,IT2109A,2020-01-07,39.66319173913043
2020,7,IT2109A,2020-01-08,49.05277043478261
2020,7,IT2109A,2020-01-09,36.112703913043475
2020,7,IT2109A,2020-01-10,30.586591739130437
2020,7,IT2109A,2020-01-11,40.957264782608696
2020,7,IT2109A,2020-01-12,42.29701260869565
2020,7,IT2109A,2020-01-13,34.55588434782609
2020,7,IT2109A,2020-01-14,32.377562608695655
2020,7,IT2109A,2020-01-15,43.748561304347824
2020,7,IT2109A,2020-01-16,37.313607391304345
2020,7,IT2109A,2020-01-17,11.130157454545454
2020,7,IT2109A,2020-01-18,31.71745347826087
2020,7,IT2109A,2020-01-19,48.52555956521739
2020,7,IT2109A,2020-01-20,55.33320739130435
2020,7,IT2109A,2020-01-21,53.98719652173913
2020,7,IT2109A,2020-01-22,33.970252173913046
2020,7,IT2109A,2020-01-23,30.58608
2020,7,IT2109A,2020-01-24,31.970271304347825
2020,7,IT2109A,2020-01-25,28.705181291666666
2020,7,IT2109A,2020-01-26,28.400300652173915
2020,7,IT2109A,2020-01-27,24.566765347826088
2020,7,IT2109A,2020-01-28,37.703993913043476
2020,7,IT2109A,2020-01-29,32.88054391304348
2020,7,IT2109A,2020-01-30,34.68874217391304
2020,7,IT2109A,2020-01-31,25.92693752173913
2020,7,IT2109A,2020-02-01,19.193295304347824
2020,7,IT2109A,2020-02-02,36.67315739130435
2020,7,IT2109A,2020-02-03,31.44905391304348
2020,7,IT2109A,2020-02-04,46.07274695652174
2020,7,IT2109A,2020-02-05,59.34148
2020,7,IT2109A,2020-02-06,64.91197695652174
2020,7,IT2109A,2020-02-07,48.725484782608696
2020,7,IT2109A,2020-02-08,45.42273304347826
2020,7,IT2109A,2020-02-09,49.17211913043478
2020,7,IT2109A,2020-02-10,43.45027695652174
2020,7,IT2109A,2020-02-11,38.9185447826087
2020,7,IT2109A,2020-02-12,34.78327391304348
2020,7,IT2109A,2020-02-13,46.00169130434783
2020,7,IT2109A,2020-02-14,53.53067347826087
2020,7,IT2109A,2020-02-15,57.06297739130435
2020,7,IT2109A,2020-02-16,51.78563086956522
2020,7,IT2109A,2020-02-17,47.58937304347826
2020,7,IT2109A,2020-02-18,44.77428347826087
2020,7,IT2109A,2020-02-19,27.07208043478261
2020,7,IT2109A,2020-02-20,54.56369260869565
2020,7,IT2109A,2020-02-21,52.253472173913046
2020,7,IT2109A,2020-02-22,61.00312347826087
2020,7,IT2109A,2020-02-23,50.00248086956522
2020,7,IT2109A,2020-02-24,48.496541739130436
2020,7,IT2109A,2020-02-25,54.94208173913044
2020,7,IT2109A,2020-02-26,62.656842608695655
2020,7,IT2109A,2020-02-27,56.300347826086956
2020,7,IT2109A,2020-02-28,60.448044347826084
2020,7,IT2109A,2020-02-29,57.75319608695652
2020,7,IT2109A,2020-03-01,65.45972434782608
2020,7,IT2109A,2020-03-02,56.437434347826084
2020,7,IT2109A,2020-03-03,58.18738826086957
2020,7,IT2109A,2020-03-04,48.26264739130435
2020,7,IT2109A,2020-03-05,55.30193826086956
2020,7,IT2109A,2020-03-06,61.68012066666667
2020,7,IT2109A,2020-03-09,71.12105071428572
2020,7,IT2109A,2020-03-10,69.55108391304348
2020,7,IT2109A,2020-03-11,62.10077608695652
2020,7,IT2109A,2020-03-12,46.33453652173913
2020,7,IT2109A,2020-03-13,50.38623739130435
2020,7,IT2109A,2020-03-14,36.718954347826084
2020,7,IT2109A,2020-03-15,70.12380086956522
2020,7,IT2109A,2020-03-16,64.69875478260869
2020,7,IT2109A,2020-03-17,57.53043956521739
2020,7,IT2109A,2020-03-18,60.780905652173914
2020,7,IT2109A,2020-03-19,76.73166347826087
2020,7,IT2109A,2020-03-20,59.24858552173913
2020,7,IT2109A,2020-03-21,72.39026173913044
2020,7,IT2109A,2020-03-22,71.59096086956522
2020,7,IT2109A,2020-03-23,71.33797695652174
2020,7,IT2109A,2020-03-24,64.60192590909091
2020,7,IT2109A,2020-03-25,67.59595227272727
2020,7,IT2109A,2020-03-26,65.92598608695653
2020,7,IT2109A,2020-03-27,62.68387739130435
2020,7,IT2109A,2020-03-28,53.42095608695652
2020,7,IT2109A,2020-03-29,50.666223333333335
2020,7,IT2109A,2020-03-30,42.364178260869565
2020,7,IT2109A,2020-03-31,56.224616
2020,7,IT2109A,2020-04-01,82.08003166666667
2020,7,IT2109A,2020-04-02,82.66035347826087
2020,7,IT2109A,2020-04-03,81.70284652173913
2020,7,IT2109A,2020-04-04,94.04127913043479
2020,7,IT2109A,2020-04-05,91.93503913043479
2020,7,IT2109A,2020-04-06,86.00489565217391
2020,7,IT2109A,2020-04-07,83.20749652173913
2020,7,IT2109A,2020-04-08,85.52854130434783
2020,7,IT2109A,2020-04-09,84.92963304347826
2020,7,IT2109A,2020-04-10,81.05857956521739
2020,7,IT2109A,2020-04-11,84.33435782608696
2020,7,IT2109A,2020-04-12,86.52477478260869
2020,7,IT2109A,2020-04-13,87.07249565217391
2020,7,IT2109A,2020-04-14,65.0483595652174
2020,7,IT2109A,2020-04-15,73.66641695652174
2020,7,IT2109A,2020-04-16,73.34636304347826
2020,7,IT2109A,2020-04-17,66.12264
2020,7,IT2109A,2020-04-18,52.52386826086956
2020,7,IT2109A,2020-04-19,47.31541304347826
2020,7,IT2109A,2020-04-20,38.29702541666666
2020,7,IT2109A,2020-04-21,58.671634347826085
2020,7,IT2109A,2020-04-22,46.927918695652174
2020,7,IT2109A,2020-04-23,57.33431347826087
2020,7,IT2109A,2020-04-24,68.75938217391304
2020,7,IT2109A,2020-04-25,69.24631826086957
2020,7,IT2109A,2020-04-26,67.05477565217392
2020,7,IT2109A,2020-04-27,61.15719739130435
2020,7,IT2109A,2020-04-28,55.06347565217391
2020,7,IT2109A,2020-04-29,55.10319608695652
2020,7,IT2109A,2020-04-30,58.56794739130435
2020,7,IT2109A,2020-05-01,67.61295869565217
2020,7,IT2109A,2020-05-02,52.81373391304348
2020,7,IT2109A,2020-05-03,62.47457869565218
2020,7,IT2109A,2020-05-04,75.26589434782609
2020,7,IT2109A,2020-05-05,64.83489739130435
2020,7,IT2109A,2020-05-06,71.01741913043479
2020,7,IT2109A,2020-05-07,82.81565782608696
2020,7,IT2109A,2020-05-08,77.67449260869566
2020,7,IT2109A,2020-05-09,78.73305652173913
2020,7,IT2109A,2020-05-10,74.59117083333334
2020,7,IT2109A,2020-05-11,70.90917428571429
2020,7,IT2109A,2020-05-12,53.392788260869565
2020,7,IT2109A,2020-05-13,60.88849043478261
2020,7,IT2109A,2020-05-14,65.53215608695652
2020,7,IT2109A,2020-05-15,71.23797260869566
2020,7,IT2109A,2020-05-16,60.63407130434783
2020,7,IT2109A,2020-05-17,68.43508739130435
2020,7,IT2109A,2020-05-18,56.28004652173913
2020,7,IT2109A,2020-05-19,62.52155043478261
2020,7,IT2109A,2020-05-20,66.84964869565218
2020,7,IT2109A,2020-05-21,83.10669173913044
2020,7,IT2109A,2020-05-22,79.97332565217391
2020,7,IT2109A,2020-05-23,72.91092304347826
2020,7,IT2109A,2020-05-24,78.16068
2020,7,IT2109A,2020-05-25,75.62867782608696
2020,7,IT2109A,2020-05-26,72.05439304347826
2020,7,IT2109A,2020-05-27,77.61574695652173
2020,7,IT2109A,2020-05-28,77.14666791666667
2020,7,IT2109A,2020-05-29,51.340507826086956
2020,7,IT2109A,2020-05-30,52.860029565217395
2020,7,IT2109A,2020-05-31,58.53677608695652
2020,7,IT2109A,2020-06-01,69.10444739130435
2020,7,IT2109A,2020-06-02,63.39518043478261
2020,7,IT2109A,2020-06-03,56.390722608695654
2020,7,IT2109A,2020-06-04,73.3481452173913
2020,7,IT2109A,2020-06-05,51.132444782608694
2020,7,IT2109A,2020-06-06,55.02251173913044
2020,7,IT2109A,2020-06-07,55.80080434782609
2020,7,IT2109A,2020-06-08,46.01608434782609
2020,7,IT2109A,2020-06-09,56.22836478260869
2020,7,IT2109A,2020-06-10,66.93087869565217
2020,7,IT2109A,2020-06-11,56.32845521739131
2020,7,IT2109A,2020-06-12,54.09256565217391
2020,7,IT2109A,2020-06-13,59.156734782608694
2020,7,IT2109A,2020-06-14,48.070631739130434
2020,7,IT2109A,2020-06-15,43.62919347826087
2020,7,IT2109A,2020-06-16,45.602977826086956
2020,7,IT2109A,2020-06-17,38.28701034782609
2020,7,IT2109A,2020-06-18,52.90195173913043
2020,7,IT2109A,2020-06-19,53.76531086956522
2020,7,IT2109A,2020-06-20,69.3857995652174
2020,7,IT2109A,2020-06-21,71.14044217391304
2020,7,IT2109A,2020-06-22,77.88814
2020,7,IT2109A,2020-06-23,83.111555
2020,7,IT2109A,2020-06-24,87.05863565217392
2020,7,IT2109A,2020-06-25,89.05230347826087
2020,7,IT2109A,2020-06-26,85.67766608695652
2020,7,IT2109A,2020-06-27,76.72389173913044
2020,7,IT2109A,2020-06-28,72.23445304347827
2020,7,IT2109A,2020-06-29,66.5918747826087
2020,7,IT2109A,2020-06-30,58.63991523809524
2020,7,IT2113A,2020-01-01,23.902651739130434
2020,7,IT2113A,2020-01-02,18.871296347826085
2020,7,IT2113A,2020-01-03,12.35027552173913
2020,7,IT2113A,2020-01-04,5.0493881739130435
2020,7,IT2113A,2020-01-05,27.335464260869564
2020,7,IT2113A,2020-01-06,49.59978913043478
2020,7,IT2113A,2020-01-07,18.87862808695652
2020,7,IT2113A,2020-01-08,29.63583634782609
2020,7,IT2113A,2020-01-09,16.873773173913044
2020,7,IT2113A,2020-01-10,1.3530095217391305
2020,7,IT2113A,2020-01-11,26.387730130434782
2020,7,IT2113A,2020-01-12,25.934400391304347
2020,7,IT2113A,2020-01-13,18.59708575
2020,7,IT2113A,2020-01-14,1.978465909090909
2020,7,IT2113A,2020-01-15,10.11948004347826
2020,7,IT2113A,2020-01-16,14.141120565217392
2020,7,IT2113A,2020-01-17,13.456481
2020,7,IT2113A,2020-01-18,30.693121086956523
2020,7,IT2113A,2020-01-19,41.41801447826087
2020,7,IT2113A,2020-01-20,54.60337086956522
2020,7,IT2113A,2020-01-21,32.84722565217391
2020,7,IT2113A,2020-01-22,14.044373913043477
2020,7,IT2113A,2020-01-23,14.476604304347825
2020,7,IT2113A,2020-01-24,18.076713565217393
2020,7,IT2113A,2020-01-25,21.759718782608697
2020,7,IT2113A,2020-01-26,12.741044956521739
2020,7,IT2113A,2020-01-27,16.418731913043477
2020,7,IT2113A,2020-01-28,47.51931695652174
2020,7,IT2113A,2020-01-29,43.302016173913046
2020,7,IT2113A,2020-01-30,26.771491434782607
2020,7,IT2113A,2020-01-31,40.48034
2020,7,IT2113A,2020-02-01,29.415565565217392
2020,7,IT2113A,2020-02-02,37.29148260869565
2020,7,IT2113A,2020-02-03,31.449494782608696
2020,7,IT2113A,2020-02-04,47.36296156521739
2020,7,IT2113A,2020-02-05,55.82357739130435
2020,7,IT2113A,2020-02-06,60.5961452173913
2020,7,IT2113A,2020-02-07,34.41257970833333
2020,7,IT2113A,2020-02-08,33.945632260869566
2020,7,IT2113A,2020-02-09,42.51438934782609
2020,7,IT2113A,2020-02-10,46.247068695652175
2020,7,IT2113A,2020-02-11,42.85509086956522
2020,7,IT2113A,2020-02-12,30.85168695652174
2020,7,IT2113A,2020-02-13,43.17842365217391
2020,7,IT2113A,2020-02-14,52.733242608695654
2020,7,IT2113A,2020-02-15,44.70198173913043
2020,7,IT2113A,2020-02-16,42.29430086956522
2020,7,IT2113A,2020-02-17,38.556605347826086
2020,7,IT2113A,2020-02-18,29.428283260869566
2020,7,IT2113A,2020-02-19,17.809195739130434
2020,7,IT2113A,2020-02-20,34.481770608695655
2020,7,IT2113A,2020-02-21,34.665422695652175
2020,7,IT2113A,2020-02-22,43.24242956521739
2020,7,IT2113A,2020-02-23,31.095331434782608
2020,7,IT2113A,2020-02-24,37.751091217391306
2020,7,IT2113A,2020-02-25,66.45725782608696
2020,7,IT2113A,2020-02-26,60.90644913043478
2020,7,IT2113A,2020-02-27,48.223007826086956
2020,7,IT2113A,2020-02-28,54.73471260869565
2020,7,IT2113A,2020-02-29,50.94134608695652
2020,7,IT2113A,2020-03-01,67.37939260869565
2020,7,IT2113A,2020-03-02,61.74367869565217
2020,7,IT2113A,2020-03-03,57.88965541666667
2020,7,IT2113A,2020-03-04,33.76250573913043
2020,7,IT2113A,2020-03-05,49.27083760869565
2020,7,IT2113A,2020-03-06,57.493350434782606
2020,7,IT2113A,2020-03-07,44.85051656521739
2020,7,IT2113A,2020-03-08,56.531759130434786
2020,7,IT2113A,2020-03-09,53.987642173913045
2020,7,IT2113A,2020-03-10,61.50582739130435
2020,7,IT2113A,2020-03-11,51.79946130434783
2020,7,IT2113A,2020-03-12,35.47897343478261
2020,7,IT2113A,2020-03-13,26.00617952173913
2020,7,IT2113A,2020-03-14,29.102990130434783
2020,7,IT2113A,2020-03-15,67.62095608695653
2020,7,IT2113A,2020-03-16,49.846712608695654
2020,7,IT2113A,2020-03-17,43.238277260869566
2020,7,IT2113A,2020-03-18,53.02844878260869
2020,7,IT2113A,2020-03-19,61.877666956521736
2020,7,IT2113A,2020-03-20,59.36086391304348
2020,7,IT2113A,2020-03-21,60.820269565217394
2020,7,IT2113A,2020-03-22,64.70776652173913
2020,7,IT2113A,2020-03-23,72.64459173913043
2020,7,IT2113A,2020-03-24,61.052543478260866
2020,7,IT2113A,2020-03-25,69.64088913043479
2020,7,IT2113A,2020-03-26,65.38664260869565
2020,7,IT2113A,2020-03-27,59.41367217391304
2020,7,IT2113A,2020-03-28,54.32430041666667
2020,7,IT2113A,2020-03-29,41.989733875
2020,7,IT2113A,2020-03-30,41.28063339130435
2020,7,IT2113A,2020-03-31,67.97299708695652
2020,7,IT2113A,2020-04-01,79.04814695652173
2020,7,IT2113A,2020-04-02,73.79534347826088
2020,7,IT2113A,2020-04-03,74.73160086956521
2020,7,IT2113A,2020-04-04,89.33664304347826
2020,7,IT2113A,2020-04-05,86.21664608695652
2020,7,IT2113A,2020-04-06,79.84483826086957
2020,7,IT2113A,2020-04-07,77.06907260869565
2020,7,IT2113A,2020-04-08,73.492795
2020,7,IT2113A,2020-04-09,72.69081291666667
2020,7,IT2113A,2020-04-10,70.62274434782609
2020,7,IT2113A,2020-04-11,79.26372521739131
2020,7,IT2113A,2020-04-12,81.08643434782608
2020,7,IT2113A,2020-04-13,76.49970652173913
2020,7,IT2113A,2020-04-14,69.21402695652174
2020,7,IT2113A,2020-04-15,71.24648565217392
2020,7,IT2113A,2020-04-16,67.49951695652175
2020,7,IT2113A,2020-04-17,53.46914956521739
2020,7,IT2113A,2020-04-18,43.382659565217395
2020,7,IT2113A,2020-04-19,34.174818826086955
2020,7,IT2113A,2020-04-20,31.292321260869567
2020,7,IT2113A,2020-04-21,62.54070130434783
2020,7,IT2113A,2020-04-22,46.46147908695652
2020,7,IT2113A,2020-04-23,58.4294352173913
2020,7,IT2113A,2020-04-24,58.079709217391304
2020,7,IT2113A,2020-04-25,58.327722173913045
2020,7,IT2113A,2020-04-26,49.267744695652176
2020,7,IT2113A,2020-04-27,51.43177478260869
2020,7,IT2113A,2020-04-28,48.7632377826087
2020,7,IT2113A,2020-04-29,61.33490434782609
2020,7,IT2113A,2020-04-30,55.8200712173913
2020,7,IT2113A,2020-05-01,68.55845260869565
2020,7,IT2113A,2020-05-02,51.04697130434783
2020,7,IT2113A,2020-05-03,56.52493230434783
2020,7,IT2113A,2020-05-04,66.07694166666667
2020,7,IT2113A,2020-05-05,54.79117365217391
2020,7,IT2113A,2020-05-06,64.52732608695652
2020,7,IT2113A,2020-05-07,83.05400434782608
2020,7,IT2113A,2020-05-08,69.09244130434783
2020,7,IT2113A,2020-05-09,67.8970343478261
2020,7,IT2113A,2020-05-10,76.43183652173913
2020,7,IT2113A,2020-05-11,70.07633
2020,7,IT2113A,2020-05-12,58.482184347826085
2020,7,IT2113A,2020-05-13,54.39135730434783
2020,7,IT2113A,2020-05-14,59.18907695652174
2020,7,IT2113A,2020-05-15,71.31293478260869
2020,7,IT2113A,2020-05-16,31.855501739130435
2020,7,IT2113A,2020-05-17,51.210480956521735
2020,7,IT2113A,2020-05-18,40.71268408695652
2020,7,IT2113A,2020-05-19,52.75939652173913
2020,7,IT2113A,2020-05-20,55.33427165217392
2020,7,IT2113A,2020-05-21,73.91422869565217
2020,7,IT2113A,2020-05-22,65.19672
2020,7,IT2113A,2020-05-23,62.78527043478261
2020,7,IT2113A,2020-05-24,69.3791552173913
2020,7,IT2113A,2020-05-25,63.821758260869565
2020,7,IT2113A,2020-05-26,62.09130739130435
2020,7,IT2113A,2020-05-27,67.61084869565218
2020,7,IT2113A,2020-05-28,69.02327391304348
2020,7,IT2113A,2020-05-29,39.45537458333333
2020,7,IT2113A,2020-05-30,54.92078130434783
2020,7,IT2113A,2020-05-31,51.15454647826087
2020,7,IT2113A,2020-06-01,57.60345217391305
2020,7,IT2113A,2020-06-02,64.67027304347826
2020,7,IT2113A,2020-06-03,59.35034391304348
2020,7,IT2113A,2020-06-04,71.21458652173914
2020,7,IT2113A,2020-06-05,52.40862147826087
2020,7,IT2113A,2020-06-06,35.75926443478261
2020,7,IT2113A,2020-06-07,44.561100347826084
2020,7,IT2113A,2020-06-08,33.26937056521739
2020,7,IT2113A,2020-06-09,47.94930873913044
2020,7,IT2113A,2020-06-10,50.861757956521735
2020,7,IT2113A,2020-06-11,40.232480173913046
2020,7,IT2113A,2020-06-12,42.8361277826087
2020,7,IT2113A,2020-06-13,52.83812673913044
2020,7,IT2113A,2020-06-14,35.993123913043476
2020,7,IT2113A,2020-06-15,32.99980182608696
2020,7,IT2113A,2020-06-16,34.103960478260866
2020,7,IT2113A,2020-06-17,37.92647521739131
2020,7,IT2113A,2020-06-18,48.632989304347824
2020,7,IT2113A,2020-06-19,44.48042643478261
2020,7,IT2113A,2020-06-20,62.45893956521739
2020,7,IT2113A,2020-06-21,44.01079626086957
2020,7,IT2113A,2020-06-22,54.78887943478261
2020,7,IT2113A,2020-06-23,63.46361916666667
2020,7,IT2113A,2020-06-24,72.17775739130435
2020,7,IT2113A,2020-06-25,70.3772704347826
2020,7,IT2113A,2020-06-26,68.63895923076923
2020,7,IT2113A,2020-06-27,15.642669999999999
2020,7,IT2113A,2020-06-28,38.33810913043478
2020,7,IT2113A,2020-06-29,32.91348634782609
2020,7,IT2113A,2020-06-30,49.31146325
2020,7,IT2134A,2020-01-01,24.588929166666667
2020,7,IT2134A,2020-01-02,21.80844125
2020,7,IT2134A,2020-01-03,23.64324
2020,7,IT2134A,2020-01-04,14.66895875
2020,7,IT2134A,2020-01-05,25.473503333333333
2020,7,IT2134A,2020-01-06,52.08740958333333
2020,7,IT2134A,2020-01-07,24.071647916666667
2020,7,IT2134A,2020-01-08,20.318433333333335
2020,7,IT2134A,2020-01-09,12.196348
2020,7,IT2134A,2020-01-10,24.151444615384616
2020,7,IT2134A,2020-01-11,12.608358
2020,7,IT2134A,2020-01-13,23.370351666666668
2020,7,IT2134A,2020-01-14,22.35220875
2020,7,IT2134A,2020-01-15,22.864325416666667
2020,7,IT2134A,2020-01-16,23.502797083333334
2020,7,IT2134A,2020-01-17,22.706064583333333
2020,7,IT2134A,2020-01-18,19.354536666666668
2020,7,IT2134A,2020-01-19,46.884575
2020,7,IT2134A,2020-01-20,42.976185
2020,7,IT2134A,2020-01-21,36.15794666666667
2020,7,IT2134A,2020-01-22,21.413275
2020,7,IT2134A,2020-01-23,20.288677916666668
2020,7,IT2134A,2020-01-24,18.670105833333334
2020,7,IT2134A,2020-01-25,28.031231666666667
2020,7,IT2134A,2020-01-26,22.680015833333332
2020,7,IT2134A,2020-01-27,21.583932083333334
2020,7,IT2134A,2020-01-28,59.85018869565217
2020,7,IT2134A,2020-01-31,20.429941666666668
2020,7,IT2134A,2020-02-01,17.96287625
2020,7,IT2134A,2020-02-02,33.07776583333333
2020,7,IT2134A,2020-02-03,26.062730833333333
2020,7,IT2134A,2020-02-04,49.80025125
2020,7,IT2134A,2020-02-05,63.913190416666666
2020,7,IT2134A,2020-02-06,71.22084125
2020,7,IT2134A,2020-02-07,32.200403333333334
2020,7,IT2134A,2020-02-08,30.677332916666668
2020,7,IT2134A,2020-02-09,50.32784916666667
2020,7,IT2134A,2020-02-10,67.12500125
2020,7,IT2134A,2020-02-11,61.15342916666667
2020,7,IT2134A,2020-02-12,30.490197916666666
2020,7,IT2134A,2020-02-13,53.13650833333333
2020,7,IT2134A,2020-02-14,61.85220625
2020,7,IT2134A,2020-02-15,36.832152916666665
2020,7,IT2134A,2020-02-16,34.5997275
2020,7,IT2134A,2020-02-17,44.4257325
2020,7,IT2134A,2020-02-18,39.62006208333333
2020,7,IT2134A,2020-02-19,24.110911666666667
2020,7,IT2134A,2020-02-20,46.160404166666666
2020,7,IT2134A,2020-02-21,35.471862083333335
2020,7,IT2134A,2020-02-22,42.50737625
2020,7,IT2134A,2020-02-23,51.1498175
2020,7,IT2134A,2020-02-24,53.20259875
2020,7,IT2134A,2020-02-25,78.2504975
2020,7,IT2134A,2020-02-26,76.15137777777778
2020,7,IT2134A,2020-02-27,59.201089411764706
2020,7,IT2134A,2020-02-28,49.39723
2020,7,IT2134A,2020-03-02,70.13939363636364
2020,7,IT2134A,2020-03-03,61.03869782608696
2020,7,IT2134A,2020-03-04,35.71101818181818
2020,7,IT2134A,2020-03-05,48.49467742857143
2020,7,IT2134A,2020-03-06,62.802895
2020,7,IT2134A,2020-03-07,47.751854916666666
2020,7,IT2134A,2020-03-08,57.59149375
2020,7,IT2134A,2020-03-09,38.380852409090906
2020,7,IT2134A,2020-03-10,53.02305486363636
2020,7,IT2134A,2020-03-11,44.70914428571429
2020,7,IT2134A,2020-03-12,38.589664
2020,7,IT2134A,2020-03-13,34.43000465217391
2020,7,IT2134A,2020-03-14,25.308544833333332
2020,7,IT2134A,2020-03-15,68.75458791666667
2020,7,IT2134A,2020-03-16,48.599866166666665
2020,7,IT2134A,2020-03-17,44.952628374999996
2020,7,IT2134A,2020-03-18,42.87424236363636
2020,7,IT2134A,2020-03-19,52.08517908695652
2020,7,IT2134A,2020-03-20,50.555534208333334
2020,7,IT2134A,2020-03-21,51.366418
2020,7,IT2134A,2020-03-22,59.479090416666665
2020,7,IT2134A,2020-03-23,71.68758041666666
2020,7,IT2134A,2020-03-24,62.579029166666665
2020,7,IT2134A,2020-03-25,65.34474958333334
2020,7,IT2134A,2020-03-26,67.00420708333333
2020,7,IT2134A,2020-03-27,60.85031791666667
2020,7,IT2134A,2020-03-28,46.780050625
2020,7,IT2134A,2020-03-29,41.99502612
2020,7,IT2134A,2020-03-30,33.08231545454545
2020,7,IT2134A,2020-03-31,69.0056352631579
2020,7,IT2134A,2020-04-01,75.71253208333333
2020,7,IT2134A,2020-04-02,61.42672325
2020,7,IT2134A,2020-04-03,64.42378025000001
2020,7,IT2134A,2020-04-04,77.6011225
2020,7,IT2134A,2020-04-05,80.97162291666666
2020,7,IT2134A,2020-04-06,65.9601275
2020,7,IT2134A,2020-04-07,62.65268195833333
2020,7,IT2134A,2020-04-08,61.00268633333334
2020,7,IT2134A,2020-04-09,64.284934125
2020,7,IT2134A,2020-04-10,65.24351034782609
2020,7,IT2134A,2020-04-11,68.18587252173913
2020,7,IT2134A,2020-04-12,67.85612652173913
2020,7,IT2134A,2020-04-13,79.24222569565217
2020,7,IT2134A,2020-04-14,62.286056521739134
2020,7,IT2134A,2020-04-15,67.23256173913043
2020,7,IT2134A,2020-04-16,56.898674434782606
2020,7,IT2134A,2020-04-17,52.09705526086957
2020,7,IT2134A,2020-04-18,46.444126090909094
2020,7,IT2134A,2020-04-19,40.88956821739131
2020,7,IT2134A,2020-04-20,29.919092608695653
2020,7,IT2134A,2020-04-21,55.30923391304348
2020,7,IT2134A,2020-04-22,41.99814917391304
2020,7,IT2134A,2020-04-23,44.31794671428571
2020,7,IT2134A,2020-04-24,53.605047454545456
2020,7,IT2134A,2020-04-25,56.55643895652174
2020,7,IT2134A,2020-04-26,51.51077295652174
2020,7,IT2134A,2020-04-27,51.79873526086956
2020,7,IT2134A,2020-04-28,48.390859391304346
2020,7,IT2134A,2020-04-29,59.36424217391304
2020,7,IT2134A,2020-04-30,62.014019
2020,7,IT2134A,2020-05-01,73.81768782608695
2020,7,IT2134A,2020-05-02,56.301560869565215
2020,7,IT2134A,2020-05-03,52.52529473913044
2020,7,IT2134A,2020-05-04,62.25003916666667
2020,7,IT2134A,2020-05-05,59.01330447826087
2020,7,IT2134A,2020-05-06,63.04192769565217
2020,7,IT2134A,2020-05-07,72.1741852173913
2020,7,IT2134A,2020-05-08,67.11351521739131
2020,7,IT2134A,2020-05-09,66.57295543478261
2020,7,IT2134A,2020-05-10,80.0232047826087
2020,7,IT2134A,2020-05-11,72.13304217391304
2020,7,IT2134A,2020-05-12,50.94130904347826
2020,7,IT2134A,2020-05-13,64.68793289999999
2020,7,IT2134A,2020-05-14,64.98595739130435
2020,7,IT2134A,2020-05-15,72.45169869565217
2020,7,IT2134A,2020-05-16,40.81106086956522
2020,7,IT2134A,2020-05-17,63.324010869565214
2020,7,IT2134A,2020-05-18,34.87759082608696
2020,7,IT2134A,2020-05-19,54.918978
2020,7,IT2134A,2020-05-20,57.43629952173913
2020,7,IT2134A,2020-05-21,79.51713956521739
2020,7,IT2134A,2020-05-22,63.89516613043478
2020,7,IT2134A,2020-05-23,61.89184660869565
2020,7,IT2134A,2020-05-24,75.85367391304348
2020,7,IT2134A,2020-05-25,58.03276695652174
2020,7,IT2134A,2020-05-26,60.147807130434785
2020,7,IT2134A,2020-05-27,72.14808391304348
2020,7,IT2134A,2020-05-28,62.978060434782606
2020,7,IT2134A,2020-05-29,37.632979130434784
2020,7,IT2134A,2020-05-30,43.93202891666667
2020,7,IT2134A,2020-05-31,54.8641426
2020,7,IT2134A,2020-06-01,53.437168130434785
2020,7,IT2134A,2020-06-02,55.75984469565218
2020,7,IT2134A,2020-06-03,43.652423954545455
2020,7,IT2134A,2020-06-04,69.44372227272727
2020,7,IT2134A,2020-06-05,55.684287285714284
2020,7,IT2134A,2020-06-06,55.65865015789473
2020,7,IT2134A,2020-06-07,50.52112260869565
2020,7,IT2134A,2020-06-08,45.097207652173914
2020,7,IT2134A,2020-06-09,55.41258677272727
2020,7,IT2134A,2020-06-10,63.069773043478264
2020,7,IT2134A,2020-06-11,52.12181404347826
2020,7,IT2134A,2020-06-12,58.892726095238096
2020,7,IT2134A,2020-06-13,54.886222608695654
2020,7,IT2134A,2020-06-14,58.836278695652176
2020,7,IT2134A,2020-06-15,40.08698534782609
2020,7,IT2134A,2020-06-16,38.90059963636364
2020,7,IT2134A,2020-06-17,45.789482684210526
2020,7,IT2134A,2020-06-18,49.16529790909091
2020,7,IT2134A,2020-06-19,48.47625039130435
2020,7,IT2134A,2020-06-20,59.27599843478261
2020,7,IT2134A,2020-06-21,57.80952860869565
2020,7,IT2134A,2020-06-22,62.26062913043478
2020,7,IT2134A,2020-06-23,65.39910826086957
2020,7,IT2134A,2020-06-24,71.25182739130435
2020,7,IT2134A,2020-06-25,75.93086291666667
2020,7,IT2134A,2020-06-26,76.39053782608696
2020,7,IT2134A,2020-06-27,69.57993391304348
2020,7,IT2134A,2020-06-28,64.59138695652175
2020,7,IT2134A,2020-06-29,66.8258124347826
2020,7,IT2134A,2020-06-30,70.40775895238095
